contract,comd,status,batch_count,tick_count,bars_match,bar_diff,times_match,volume_match,turnover_match,open_interest_match
AP2001,AP,ok,55479,55479,True,0,True,True,True,True
CF1505,CF,ok,32903,32903,True,0,True,True,True,True
AP1811,AP,ok,49263,49263,True,0,True,True,True,True
AP2010,AP,ok,55510,55510,True,0,True,True,True,True
AP2403,AP,ok,55404,55404,True,0,True,True,True,True
CF1201,CF,ok,5396,5396,True,0,True,True,True,True
AP1907,AP,ok,55024,55024,True,0,True,True,True,True
CF1503,CF,ok,34193,34193,True,0,True,True,True,True
CF1305,CF,ok,5456,5456,True,0,True,True,True,True
AP2603,AP,ok,32832,32832,True,0,True,True,True,True
AP2201,AP,ok,55343,55343,True,0,True,True,True,True
AP1912,AP,ok,55114,55114,True,0,True,True,True,True
AP2412,AP,ok,54948,54948,True,0,True,True,True,True
CF1501,CF,ok,4692,4692,True,0,True,True,True,True
AP2401,AP,ok,54993,54993,True,0,True,True,True,True
AP2103,AP,ok,54811,54811,True,0,True,True,True,True
AP1810,AP,ok,45220,45220,True,0,True,True,True,True
CF1303,CF,ok,18422,18422,True,0,True,True,True,True
AP1905,AP,ok,55708,55708,True,0,True,True,True,True
AP2304,AP,ok,55343,55343,True,0,True,True,True,True
AP2007,AP,ok,55220,55220,True,0,True,True,True,True
AP1903,AP,ok,55251,55251,True,0,True,True,True,True
AP2210,AP,ok,55343,55343,True,0,True,True,True,True
CF1411,CF,ok,13832,13832,True,0,True,True,True,True
AP2305,AP,ok,55343,55343,True,0,True,True,True,True
CF1301,CF,ok,4560,4560,True,0,True,True,True,True
AP2112,AP,ok,55281,55281,True,0,True,True,True,True
AP1911,AP,ok,55313,55313,True,0,True,True,True,True
CF1409,CF,ok,12115,12115,True,0,True,True,True,True
AP2312,AP,ok,55282,55282,True,0,True,True,True,True
AP2101,AP,ok,55205,55205,True,0,True,True,True,True
AP1807,AP,ok,30689,30689,True,0,True,True,True,True
CF1211,CF,ok,18697,18697,True,0,True,True,True,True
AP2005,AP,ok,55571,55571,True,0,True,True,True,True
AP2303,AP,ok,55343,55343,True,0,True,True,True,True
CF1407,CF,ok,39700,39700,True,0,True,True,True,True
AP1901,AP,ok,55403,55403,True,0,True,True,True,True
AP1805,AP,ok,20839,20839,True,0,True,True,True,True
AP2405,AP,ok,54689,54689,True,0,True,True,True,True
CF1009,CF,ok,228,228,True,0,True,True,True,True
CF1209,CF,ok,5092,5092,True,0,True,True,True,True
AP2205,AP,ok,54948,54948,True,0,True,True,True,True
AP2111,AP,ok,54826,54826,True,0,True,True,True,True
CF1405,CF,ok,6353,6353,True,0,True,True,True,True
AP1910,AP,ok,55313,55313,True,0,True,True,True,True
CF1105,CF,ok,3101,3101,True,0,True,True,True,True
CF1207,CF,ok,16340,16340,True,0,True,True,True,True
CF1109,CF,ok,2721,2721,True,0,True,True,True,True
CF1403,CF,ok,36667,36667,True,0,True,True,True,True
AP2510,AP,ok,54887,54887,True,0,True,True,True,True
AP2301,AP,ok,55176,55176,True,0,True,True,True,True
CF1205,CF,ok,5472,5472,True,0,True,True,True,True
AP2605,AP,ok,23256,23256,True,0,True,True,True,True
AP2204,AP,ok,55282,55282,True,0,True,True,True,True
AP2003,AP,ok,55129,55129,True,0,True,True,True,True
CF1401,CF,ok,6946,6946,True,0,True,True,True,True
AP2110,AP,ok,55176,55176,True,0,True,True,True,True
AP1812,AP,ok,54188,54188,True,0,True,True,True,True
CF1307,CF,ok,22697,22697,True,0,True,True,True,True
AP2311,AP,ok,55191,55191,True,0,True,True,True,True
AP2011,AP,ok,54506,54506,True,0,True,True,True,True
CF1311,CF,ok,18926,18926,True,0,True,True,True,True
AP2012,AP,ok,55085,55085,True,0,True,True,True,True
AP2212,AP,ok,55404,55404,True,0,True,True,True,True
AP2203,AP,ok,55342,55342,True,0,True,True,True,True
CF1107,CF,ok,9029,9029,True,0,True,True,True,True
CF1309,CF,ok,7995,7995,True,0,True,True,True,True
AP2310,AP,ok,55176,55176,True,0,True,True,True,True
AP2105,AP,ok,55343,55343,True,0,True,True,True,True
AP2404,AP,ok,54887,54887,True,0,True,True,True,True
CF1101,CF,ok,882,882,True,0,True,True,True,True
AP2512,AP,ok,46056,46056,True,0,True,True,True,True
AP2504,AP,ok,54065,54065,True,0,True,True,True,True
CF1703,CF,ok,84141,84141,True,0,True,True,True,True
CF1203,CF,ok,18575,18575,True,0,True,True,True,True
AP2211,AP,ok,55282,55282,True,0,True,True,True,True
AP2501,AP,ok,54917,54917,True,0,True,True,True,True
AP2604,AP,ok,28044,28044,True,0,True,True,True,True
AP2601,AP,ok,41040,41040,True,0,True,True,True,True
AP2505,AP,ok,55176,55176,True,0,True,True,True,True
CF1509,CF,ok,61262,61262,True,0,True,True,True,True
AP2411,AP,ok,55176,55176,True,0,True,True,True,True
AP2503,AP,ok,54948,54948,True,0,True,True,True,True
CF1609,CF,ok,84567,84567,True,0,True,True,True,True
CF1511,CF,ok,73249,73249,True,0,True,True,True,True
CF1803,CF,ok,84399,84399,True,0,True,True,True,True
CF1705,CF,ok,83399,83399,True,0,True,True,True,True
CF1903,CF,ok,82320,82320,True,0,True,True,True,True
CF1605,CF,ok,84446,84446,True,0,True,True,True,True
AP2410,AP,ok,54948,54948,True,0,True,True,True,True
CF1805,CF,ok,84430,84430,True,0,True,True,True,True
CF1701,CF,ok,84309,84309,True,0,True,True,True,True
CF1507,CF,ok,53886,53886,True,0,True,True,True,True
CF1111,CF,ok,9425,9425,True,0,True,True,True,True
CF1809,CF,ok,84779,84779,True,0,True,True,True,True
CF1801,CF,ok,84218,84218,True,0,True,True,True,True
CF1611,CF,ok,84309,84309,True,0,True,True,True,True
CF1911,CF,ok,83869,83869,True,0,True,True,True,True
CF1707,CF,ok,83686,83686,True,0,True,True,True,True
CF1601,CF,ok,84097,84097,True,0,True,True,True,True
AP2511,AP,ok,50616,50616,True,0,True,True,True,True
CF1603,CF,ok,84384,84384,True,0,True,True,True,True
CF1907,CF,ok,83443,83443,True,0,True,True,True,True
CF1807,CF,ok,84338,84338,True,0,True,True,True,True
CF1711,CF,ok,84338,84338,True,0,True,True,True,True
CF1811,CF,ok,84308,84308,True,0,True,True,True,True
CF2009,CF,ok,76351,76351,True,0,True,True,True,True
CF2003,CF,ok,80313,80313,True,0,True,True,True,True
CF2001,CF,ok,84309,84309,True,0,True,True,True,True
CF2503,CF,ok,83262,83262,True,0,True,True,True,True
CF1901,CF,ok,83960,83960,True,0,True,True,True,True
CF1709,CF,ok,83838,83838,True,0,True,True,True,True
CF2005,CF,ok,76928,76928,True,0,True,True,True,True
CF2207,CF,ok,83610,83610,True,0,True,True,True,True
CF1103,CF,ok,3344,3344,True,0,True,True,True,True
CF1607,CF,ok,84537,84537,True,0,True,True,True,True
CF2101,CF,ok,76700,76700,True,0,True,True,True,True
CF2201,CF,ok,83960,83960,True,0,True,True,True,True
CF2305,CF,ok,83959,83959,True,0,True,True,True,True
CF2103,CF,ok,79783,79783,True,0,True,True,True,True
CF1909,CF,ok,83399,83399,True,0,True,True,True,True
CF2403,CF,ok,84081,84081,True,0,True,True,True,True
CF2011,CF,ok,76351,76351,True,0,True,True,True,True
CJ1912,CJ,ok,34595,34595,True,0,True,True,True,True
CF2307,CF,ok,83960,83960,True,0,True,True,True,True
CF2301,CF,ok,83611,83611,True,0,True,True,True,True
CF2211,CF,ok,83747,83747,True,0,True,True,True,True
CF2209,CF,ok,83490,83490,True,0,True,True,True,True
CF2203,CF,ok,83959,83959,True,0,True,True,True,True
CJ2103,CJ,ok,54977,54977,True,0,True,True,True,True
CF2105,CF,ok,84081,84081,True,0,True,True,True,True
CF2603,CF,ok,49772,49772,True,0,True,True,True,True
CJ2109,CJ,ok,55509,55509,True,0,True,True,True,True
CJ2001,CJ,ok,40067,40067,True,0,True,True,True,True
CF2007,CF,ok,76579,76579,True,0,True,True,True,True
CF2601,CF,ok,62215,62215,True,0,True,True,True,True
CF2605,CF,ok,35356,35356,True,0,True,True,True,True
CF2205,CF,ok,83262,83262,True,0,True,True,True,True
CF2405,CF,ok,83732,83732,True,0,True,True,True,True
CJ2009,CJ,ok,54643,54643,True,0,True,True,True,True
CF2309,CF,ok,84081,84081,True,0,True,True,True,True
CJ2007,CJ,ok,55404,55404,True,0,True,True,True,True
CF2303,CF,ok,83959,83959,True,0,True,True,True,True
CJ2005,CJ,ok,57988,57988,True,0,True,True,True,True
CF2411,CF,ok,83610,83610,True,0,True,True,True,True
CJ2112,CJ,ok,55403,55403,True,0,True,True,True,True
CF2501,CF,ok,83611,83611,True,0,True,True,True,True
CF2511,CF,ok,77101,77101,True,0,True,True,True,True
CF2509,CF,ok,83262,83262,True,0,True,True,True,True
CF2107,CF,ok,84429,84429,True,0,True,True,True,True
CJ2207,CJ,ok,55175,55175,True,0,True,True,True,True
CJ2107,CJ,ok,55357,55357,True,0,True,True,True,True
CF1905,CF,ok,84567,84567,True,0,True,True,True,True
CF2311,CF,ok,84081,84081,True,0,True,True,True,True
CF2401,CF,ok,83732,83732,True,0,True,True,True,True
CJ2003,CJ,ok,48123,48123,True,0,True,True,True,True
CF2507,CF,ok,83595,83595,True,0,True,True,True,True
CJ2201,CJ,ok,55403,55403,True,0,True,True,True,True
CJ2101,CJ,ok,55403,55403,True,0,True,True,True,True
CJ2603,CJ,ok,32832,32832,True,0,True,True,True,True
CF2109,CF,ok,84430,84430,True,0,True,True,True,True
CJ2312,CJ,ok,55404,55404,True,0,True,True,True,True
CF2111,CF,ok,83261,83261,True,0,True,True,True,True
CJ2307,CJ,ok,55403,55403,True,0,True,True,True,True
CJ2203,CJ,ok,55403,55403,True,0,True,True,True,True
CJ2105,CJ,ok,55403,55403,True,0,True,True,True,True
CJ2301,CJ,ok,55115,55115,True,0,True,True,True,True
CJ2205,CJ,ok,54947,54947,True,0,True,True,True,True
CY1802,CY,ok,33136,33136,True,0,True,True,True,True
CJ2507,CJ,ok,55054,55054,True,0,True,True,True,True
CJ2403,CJ,ok,55404,55404,True,0,True,True,True,True
CF2407,CF,ok,83382,83382,True,0,True,True,True,True
CJ2503,CJ,ok,54887,54887,True,0,True,True,True,True
CJ2212,CJ,ok,55313,55313,True,0,True,True,True,True
CY1803,CY,ok,29023,29023,True,0,True,True,True,True
CJ2209,CJ,ok,55176,55176,True,0,True,True,True,True
CJ2409,CJ,ok,55176,55176,True,0,True,True,True,True
CJ2012,CJ,ok,55084,55084,True,0,True,True,True,True
CY1804,CY,ok,31054,31054,True,0,True,True,True,True
CY1812,CY,ok,49299,49299,True,0,True,True,True,True
CY1805,CY,ok,58024,58024,True,0,True,True,True,True
CY1806,CY,ok,35666,35666,True,0,True,True,True,True
CJ2601,CJ,ok,41040,41040,True,0,True,True,True,True
CJ2407,CJ,ok,54948,54948,True,0,True,True,True,True
CY1801,CY,ok,32957,32957,True,0,True,True,True,True
CF2505,CF,ok,83611,83611,True,0,True,True,True,True
CJ2509,CJ,ok,54948,54948,True,0,True,True,True,True
CJ2512,CJ,ok,46056,46056,True,0,True,True,True,True
CJ2412,CJ,ok,54765,54765,True,0,True,True,True,True
CF2409,CF,ok,83731,83731,True,0,True,True,True,True
CJ2303,CJ,ok,55404,55404,True,0,True,True,True,True
CJ2505,CJ,ok,55176,55176,True,0,True,True,True,True
CY1912,CY,ok,52480,52480,True,0,True,True,True,True
CY1903,CY,ok,65504,65504,True,0,True,True,True,True
CY1810,CY,ok,74055,74055,True,0,True,True,True,True
CJ2305,CJ,ok,55403,55403,True,0,True,True,True,True
CY2007,CY,ok,38922,38922,True,0,True,True,True,True
CY1904,CY,ok,74501,74501,True,0,True,True,True,True
CJ2501,CJ,ok,55176,55176,True,0,True,True,True,True
CY1808,CY,ok,52681,52681,True,0,True,True,True,True
CJ2605,CJ,ok,23256,23256,True,0,True,True,True,True
CY1907,CY,ok,67345,67345,True,0,True,True,True,True
CY1906,CY,ok,68435,68435,True,0,True,True,True,True
CJ2309,CJ,ok,55404,55404,True,0,True,True,True,True
CY1909,CY,ok,76405,76405,True,0,True,True,True,True
CY1809,CY,ok,80223,80223,True,0,True,True,True,True
CY2011,CY,ok,38617,38617,True,0,True,True,True,True
CY1811,CY,ok,43579,43579,True,0,True,True,True,True
CY2003,CY,ok,51071,51071,True,0,True,True,True,True
CY1908,CY,ok,68966,68966,True,0,True,True,True,True
CY2004,CY,ok,33403,33403,True,0,True,True,True,True
CY1911,CY,ok,40869,40869,True,0,True,True,True,True
CY2005,CY,ok,71626,71626,True,0,True,True,True,True
CY2107,CY,ok,39566,39566,True,0,True,True,True,True
CY1901,CY,ok,75039,75039,True,0,True,True,True,True
CY1910,CY,ok,56078,56078,True,0,True,True,True,True
CY2102,CY,ok,23693,23693,True,0,True,True,True,True
CY2006,CY,ok,62425,62425,True,0,True,True,True,True
CY2104,CY,ok,34422,34422,True,0,True,True,True,True
CY2110,CY,ok,51354,51354,True,0,True,True,True,True
CY2106,CY,ok,34573,34573,True,0,True,True,True,True
CY2002,CY,ok,50325,50325,True,0,True,True,True,True
CY1905,CY,ok,83093,83093,True,0,True,True,True,True
CY1902,CY,ok,58797,58797,True,0,True,True,True,True
CJ2401,CJ,ok,55176,55176,True,0,True,True,True,True
CY2009,CY,ok,71635,71635,True,0,True,True,True,True
CY2103,CY,ok,27523,27523,True,0,True,True,True,True
CY2302,CY,ok,79341,79341,True,0,True,True,True,True
CY2008,CY,ok,41282,41282,True,0,True,True,True,True
CY2202,CY,ok,74124,74124,True,0,True,True,True,True
CY2012,CY,ok,36424,36424,True,0,True,True,True,True
CY2204,CY,ok,79374,79374,True,0,True,True,True,True
CJ2405,CJ,ok,55176,55176,True,0,True,True,True,True
CY2206,CY,ok,79070,79070,True,0,True,True,True,True
CY2211,CY,ok,79618,79618,True,0,True,True,True,True
CY2201,CY,ok,83580,83580,True,0,True,True,True,True
CY2010,CY,ok,49417,49417,True,0,True,True,True,True
CY2105,CY,ok,72073,72073,True,0,True,True,True,True
CY2112,CY,ok,64443,64443,True,0,True,True,True,True
CY2111,CY,ok,57279,57279,True,0,True,True,True,True
CY1807,CY,ok,46980,46980,True,0,True,True,True,True
CY2304,CY,ok,81996,81996,True,0,True,True,True,True
CY2212,CY,ok,81299,81299,True,0,True,True,True,True
CY2210,CY,ok,78370,78370,True,0,True,True,True,True
CY2108,CY,ok,46108,46108,True,0,True,True,True,True
CY2205,CY,ok,82349,82349,True,0,True,True,True,True
CY2209,CY,ok,83175,83175,True,0,True,True,True,True
CY2404,CY,ok,81768,81768,True,0,True,True,True,True
CY2208,CY,ok,77721,77721,True,0,True,True,True,True
CY2001,CY,ok,81549,81549,True,0,True,True,True,True
CY2306,CY,ok,82755,82755,True,0,True,True,True,True
CY2310,CY,ok,82300,82300,True,0,True,True,True,True
CY2203,CY,ok,74686,74686,True,0,True,True,True,True
ER1201,ER,ok,552,552,True,0,True,True,True,True
CY2605,CY,ok,35356,35356,True,0,True,True,True,True
CY2312,CY,ok,82375,82375,True,0,True,True,True,True
ER1301,ER,ok,1648,1648,True,0,True,True,True,True
CY2109,CY,ok,82070,82070,True,0,True,True,True,True
CY2402,CY,ok,84241,84241,True,0,True,True,True,True
ER1105,ER,ok,395,395,True,0,True,True,True,True
CY2410,CY,ok,80497,80497,True,0,True,True,True,True
CY2409,CY,ok,83396,83396,True,0,True,True,True,True
ER1209,ER,ok,1751,1751,True,0,True,True,True,True
ER1101,ER,ok,764,764,True,0,True,True,True,True
ER1205,ER,ok,364,364,True,0,True,True,True,True
CY2510,CY,ok,81636,81636,True,0,True,True,True,True
CY2301,CY,ok,83367,83367,True,0,True,True,True,True
ER1305,ER,ok,253,253,True,0,True,True,True,True
CY2207,CY,ok,77520,77520,True,0,True,True,True,True
CY2403,CY,ok,82451,82451,True,0,True,True,True,True
FG1306,FG,ok,10352,10352,True,0,True,True,True,True
ER1111,ER,ok,8743,8743,True,0,True,True,True,True
CY2407,CY,ok,82103,82103,True,0,True,True,True,True
CY2602,CY,ok,56053,56053,True,0,True,True,True,True
CY2503,CY,ok,81848,81848,True,0,True,True,True,True
ER1109,ER,ok,829,829,True,0,True,True,True,True
CY2101,CY,ok,75870,75870,True,0,True,True,True,True
ER1107,ER,ok,964,964,True,0,True,True,True,True
CY2305,CY,ok,83472,83472,True,0,True,True,True,True
FG1305,FG,ok,2417,2417,True,0,True,True,True,True
CY2309,CY,ok,83791,83791,True,0,True,True,True,True
FG1307,FG,ok,13637,13637,True,0,True,True,True,True
ER1203,ER,ok,13455,13455,True,0,True,True,True,True
CY2401,CY,ok,83731,83731,True,0,True,True,True,True
CY2303,CY,ok,81025,81025,True,0,True,True,True,True
FG1304,FG,ok,9790,9790,True,0,True,True,True,True
CY2408,CY,ok,81719,81719,True,0,True,True,True,True
CY2512,CY,ok,69771,69771,True,0,True,True,True,True
CY2603,CY,ok,49771,49771,True,0,True,True,True,True
FG1303,FG,ok,6293,6293,True,0,True,True,True,True
CY2411,CY,ok,80466,80466,True,0,True,True,True,True
CY2511,CY,ok,77100,77100,True,0,True,True,True,True
CY2601,CY,ok,62214,62214,True,0,True,True,True,True
FG1309,FG,ok,2767,2767,True,0,True,True,True,True
CY2308,CY,ok,81828,81828,True,0,True,True,True,True
ER1211,ER,ok,20512,20512,True,0,True,True,True,True
FG1312,FG,ok,20782,20782,True,0,True,True,True,True
FG1401,FG,ok,2706,2706,True,0,True,True,True,True
CY2307,CY,ok,82209,82209,True,0,True,True,True,True
CY2505,CY,ok,82198,82198,True,0,True,True,True,True
FG1405,FG,ok,3663,3663,True,0,True,True,True,True
FG1409,FG,ok,3876,3876,True,0,True,True,True,True
FG1311,FG,ok,23061,23061,True,0,True,True,True,True
CY2606,CY,ok,28845,28845,True,0,True,True,True,True
CY2508,CY,ok,80893,80893,True,0,True,True,True,True
CY2507,CY,ok,81869,81869,True,0,True,True,True,True
FG1310,FG,ok,20035,20035,True,0,True,True,True,True
CY2604,CY,ok,42563,42563,True,0,True,True,True,True
CY2504,CY,ok,80223,80223,True,0,True,True,True,True
CY2412,CY,ok,79813,79813,True,0,True,True,True,True
CY2509,CY,ok,82821,82821,True,0,True,True,True,True
FG1308,FG,ok,16814,16814,True,0,True,True,True,True
CY2311,CY,ok,82390,82390,True,0,True,True,True,True
ER1103,ER,ok,2988,2988,True,0,True,True,True,True
FG1410,FG,ok,42322,42322,True,0,True,True,True,True
FG1501,FG,ok,5867,5867,True,0,True,True,True,True
CY2502,CY,ok,78934,78934,True,0,True,True,True,True
ER1207,ER,ok,8464,8464,True,0,True,True,True,True
FG1505,FG,ok,20884,20884,True,0,True,True,True,True
FG1411,FG,ok,46726,46726,True,0,True,True,True,True
CY2405,CY,ok,83655,83655,True,0,True,True,True,True
FG1503,FG,ok,48579,48579,True,0,True,True,True,True
FG1602,FG,ok,72425,72425,True,0,True,True,True,True
FG1406,FG,ok,21648,21648,True,0,True,True,True,True
ER1303,ER,ok,20845,20845,True,0,True,True,True,True
FG1402,FG,ok,25051,25051,True,0,True,True,True,True
FG1408,FG,ok,36696,36696,True,0,True,True,True,True
FG1509,FG,ok,47203,47203,True,0,True,True,True,True
CY2501,CY,ok,83078,83078,True,0,True,True,True,True
FG1403,FG,ok,35161,35161,True,0,True,True,True,True
FG1508,FG,ok,49178,49178,True,0,True,True,True,True
FG1404,FG,ok,34145,34145,True,0,True,True,True,True
FG1511,FG,ok,64616,64616,True,0,True,True,True,True
FG1412,FG,ok,43354,43354,True,0,True,True,True,True
CY2406,CY,ok,81508,81508,True,0,True,True,True,True
FG1606,FG,ok,84007,84007,True,0,True,True,True,True
FG1803,FG,ok,82471,82471,True,0,True,True,True,True
FG1611,FG,ok,81454,81454,True,0,True,True,True,True
FG1604,FG,ok,77828,77828,True,0,True,True,True,True
CY2506,CY,ok,80543,80543,True,0,True,True,True,True
FG1407,FG,ok,48642,48642,True,0,True,True,True,True
FG1612,FG,ok,82275,82275,True,0,True,True,True,True
FG1507,FG,ok,41744,41744,True,0,True,True,True,True
FG1610,FG,ok,82213,82213,True,0,True,True,True,True
FG1707,FG,ok,81182,81182,True,0,True,True,True,True
FG1608,FG,ok,82361,82361,True,0,True,True,True,True
FG1701,FG,ok,83975,83975,True,0,True,True,True,True
FG1609,FG,ok,83504,83504,True,0,True,True,True,True
FG1510,FG,ok,59597,59597,True,0,True,True,True,True
FG1711,FG,ok,81849,81849,True,0,True,True,True,True
FG1601,FG,ok,72600,72600,True,0,True,True,True,True
FG1706,FG,ok,81683,81683,True,0,True,True,True,True
FG1504,FG,ok,50508,50508,True,0,True,True,True,True
FG1512,FG,ok,67006,67006,True,0,True,True,True,True
FG1703,FG,ok,81728,81728,True,0,True,True,True,True
FG1708,FG,ok,81864,81864,True,0,True,True,True,True
FG1502,FG,ok,47469,47469,True,0,True,True,True,True
FG1506,FG,ok,24790,24790,True,0,True,True,True,True
FG1808,FG,ok,82212,82212,True,0,True,True,True,True
FG1704,FG,ok,81879,81879,True,0,True,True,True,True
FG1607,FG,ok,83184,83184,True,0,True,True,True,True
FG1810,FG,ok,81257,81257,True,0,True,True,True,True
FG1907,FG,ok,80970,80970,True,0,True,True,True,True
FG1712,FG,ok,82183,82183,True,0,True,True,True,True
FG1802,FG,ok,83352,83352,True,0,True,True,True,True
FG1605,FG,ok,80173,80173,True,0,True,True,True,True
FG1812,FG,ok,81242,81242,True,0,True,True,True,True
FG1603,FG,ok,74270,74270,True,0,True,True,True,True
FG1801,FG,ok,83731,83731,True,0,True,True,True,True
FG1710,FG,ok,81834,81834,True,0,True,True,True,True
FG1806,FG,ok,84019,84019,True,0,True,True,True,True
FG1904,FG,ok,80968,80968,True,0,True,True,True,True
FG1702,FG,ok,81424,81424,True,0,True,True,True,True
FG1909,FG,ok,83034,83034,True,0,True,True,True,True
FG1905,FG,ok,83457,83457,True,0,True,True,True,True
FG2008,FG,ok,75956,75956,True,0,True,True,True,True
FG2001,FG,ok,83093,83093,True,0,True,True,True,True
FG2006,FG,ok,74346,74346,True,0,True,True,True,True
FG2002,FG,ok,78660,78660,True,0,True,True,True,True
FG1807,FG,ok,83457,83457,True,0,True,True,True,True
FG1804,FG,ok,81804,81804,True,0,True,True,True,True
FG1903,FG,ok,81151,81151,True,0,True,True,True,True
FG2004,FG,ok,75884,75884,True,0,True,True,True,True
FG1911,FG,ok,81105,81105,True,0,True,True,True,True
FG1908,FG,ok,80509,80509,True,0,True,True,True,True
FG1906,FG,ok,81090,81090,True,0,True,True,True,True
FG1805,FG,ok,84278,84278,True,0,True,True,True,True
FG2011,FG,ok,74027,74027,True,0,True,True,True,True
FG2005,FG,ok,76563,76563,True,0,True,True,True,True
FG1811,FG,ok,81135,81135,True,0,True,True,True,True
FG2108,FG,ok,83472,83472,True,0,True,True,True,True
FG1901,FG,ok,82835,82835,True,0,True,True,True,True
FG2101,FG,ok,76411,76411,True,0,True,True,True,True
FG1902,FG,ok,81216,81216,True,0,True,True,True,True
FG1912,FG,ok,81345,81345,True,0,True,True,True,True
FG2007,FG,ok,74802,74802,True,0,True,True,True,True
FG2104,FG,ok,82507,82507,True,0,True,True,True,True
FG1705,FG,ok,82471,82471,True,0,True,True,True,True
FG2012,FG,ok,75362,75362,True,0,True,True,True,True
FG1910,FG,ok,80801,80801,True,0,True,True,True,True
FG2010,FG,ok,75893,75893,True,0,True,True,True,True
FG1709,FG,ok,82668,82668,True,0,True,True,True,True
FG2102,FG,ok,76710,76710,True,0,True,True,True,True
FG2204,FG,ok,83960,83960,True,0,True,True,True,True
FG1809,FG,ok,83564,83564,True,0,True,True,True,True
FG2206,FG,ok,83611,83611,True,0,True,True,True,True
FG2112,FG,ok,83899,83899,True,0,True,True,True,True
FG2105,FG,ok,83641,83641,True,0,True,True,True,True
FG2103,FG,ok,79023,79023,True,0,True,True,True,True
FG2303,FG,ok,83899,83899,True,0,True,True,True,True
FG2106,FG,ok,83504,83504,True,0,True,True,True,True
FG2211,FG,ok,83139,83139,True,0,True,True,True,True
FG2109,FG,ok,83838,83838,True,0,True,True,True,True
FG2107,FG,ok,83199,83199,True,0,True,True,True,True
FG2210,FG,ok,83276,83276,True,0,True,True,True,True
FG2009,FG,ok,75484,75484,True,0,True,True,True,True
FG2201,FG,ok,83732,83732,True,0,True,True,True,True
FG2406,FG,ok,83611,83611,True,0,True,True,True,True
FG2305,FG,ok,83656,83656,True,0,True,True,True,True
FG2306,FG,ok,84308,84308,True,0,True,True,True,True
FG2203,FG,ok,83747,83747,True,0,True,True,True,True
FG2110,FG,ok,83610,83610,True,0,True,True,True,True
FG2311,FG,ok,83762,83762,True,0,True,True,True,True
FG2302,FG,ok,82563,82563,True,0,True,True,True,True
IC1505,IC,ok,5082,5082,True,0,True,True,True,True
FG2308,FG,ok,83960,83960,True,0,True,True,True,True
FG2312,FG,ok,84080,84080,True,0,True,True,True,True
FG2003,FG,ok,78989,78989,True,0,True,True,True,True
FG2310,FG,ok,83458,83458,True,0,True,True,True,True
IC1506,IC,ok,11132,11132,True,0,True,True,True,True
FG2208,FG,ok,82958,82958,True,0,True,True,True,True
IC1601,IC,ok,9317,9317,True,0,True,True,True,True
FG2212,FG,ok,83960,83960,True,0,True,True,True,True
FG2603,FG,ok,49772,49772,True,0,True,True,True,True
FG2601,FG,ok,62215,62215,True,0,True,True,True,True
FG2111,FG,ok,82897,82897,True,0,True,True,True,True
IC1510,IC,ok,7986,7986,True,0,True,True,True,True
FG2605,FG,ok,35356,35356,True,0,True,True,True,True
IC1511,IC,ok,9680,9680,True,0,True,True,True,True
FG2401,FG,ok,83732,83732,True,0,True,True,True,True
FG2202,FG,ok,83611,83611,True,0,True,True,True,True
FG2512,FG,ok,69772,69772,True,0,True,True,True,True
FG2502,FG,ok,82215,82215,True,0,True,True,True,True
IC1708,IC,ok,10890,10890,True,0,True,True,True,True
IC1508,IC,ok,10648,10648,True,0,True,True,True,True
IC1604,IC,ok,9438,9438,True,0,True,True,True,True
FG2602,FG,ok,56054,56054,True,0,True,True,True,True
FG2307,FG,ok,83960,83960,True,0,True,True,True,True
FG2409,FG,ok,83732,83732,True,0,True,True,True,True
FG2301,FG,ok,83489,83489,True,0,True,True,True,True
IC1605,IC,ok,10406,10406,True,0,True,True,True,True
FG2404,FG,ok,83246,83246,True,0,True,True,True,True
FG2503,FG,ok,83261,83261,True,0,True,True,True,True
IC1701,IC,ok,10646,10646,True,0,True,True,True,True
FG2604,FG,ok,42564,42564,True,0,True,True,True,True
FG2209,FG,ok,83429,83429,True,0,True,True,True,True
FG2407,FG,ok,83124,83124,True,0,True,True,True,True
IC1611,IC,ok,9435,9435,True,0,True,True,True,True
FG2403,FG,ok,84020,84020,True,0,True,True,True,True
FG2402,FG,ok,85825,85825,True,0,True,True,True,True
FG2509,FG,ok,83262,83262,True,0,True,True,True,True
FG2507,FG,ok,83611,83611,True,0,True,True,True,True
IC1702,IC,ok,9438,9438,True,0,True,True,True,True
IC1608,IC,ok,10888,10888,True,0,True,True,True,True
FG2504,FG,ok,83080,83080,True,0,True,True,True,True
FG2207,FG,ok,83170,83170,True,0,True,True,True,True
IC1707,IC,ok,10406,10406,True,0,True,True,True,True
FG2606,FG,ok,28846,28846,True,0,True,True,True,True
FG2506,FG,ok,83262,83262,True,0,True,True,True,True
FG2505,FG,ok,83611,83611,True,0,True,True,True,True
FG2309,FG,ok,84081,84081,True,0,True,True,True,True
IC1603,IC,ok,39083,39083,True,0,True,True,True,True
IC1507,IC,ok,10648,10648,True,0,True,True,True,True
IC1509,IC,ok,26136,26136,True,0,True,True,True,True
FG2405,FG,ok,83732,83732,True,0,True,True,True,True
IC1612,IC,ok,39928,39928,True,0,True,True,True,True
IC1602,IC,ok,9317,9317,True,0,True,True,True,True
FG2411,FG,ok,83610,83610,True,0,True,True,True,True
IC1607,IC,ok,9195,9195,True,0,True,True,True,True
FG2410,FG,ok,83262,83262,True,0,True,True,True,True
IC1610,IC,ok,9194,9194,True,0,True,True,True,True
IC1801,IC,ok,10648,10648,True,0,True,True,True,True
IC1711,IC,ok,9680,9680,True,0,True,True,True,True
IC1703,IC,ok,39203,39203,True,0,True,True,True,True
FG2408,FG,ok,84081,84081,True,0,True,True,True,True
IC1609,IC,ok,39925,39925,True,0,True,True,True,True
IC1706,IC,ok,38478,38478,True,0,True,True,True,True
FG2501,FG,ok,83110,83110,True,0,True,True,True,True
FG2510,FG,ok,83383,83383,True,0,True,True,True,True
IC1802,IC,ok,10406,10406,True,0,True,True,True,True
IC1808,IC,ok,10648,10648,True,0,True,True,True,True
FG2508,FG,ok,83611,83611,True,0,True,True,True,True
IC1804,IC,ok,9438,9438,True,0,True,True,True,True
IC1710,IC,ok,9680,9680,True,0,True,True,True,True
IC1705,IC,ok,10164,10164,True,0,True,True,True,True
IC1807,IC,ok,10648,10648,True,0,True,True,True,True
FG2205,FG,ok,83262,83262,True,0,True,True,True,True
FG2412,FG,ok,83003,83003,True,0,True,True,True,True
IC2005,IC,ok,8712,8712,True,0,True,True,True,True
IC1704,IC,ok,10406,10406,True,0,True,True,True,True
IC1811,IC,ok,8228,8228,True,0,True,True,True,True
IC1712,IC,ok,39204,39204,True,0,True,True,True,True
IC1512,IC,ok,40656,40656,True,0,True,True,True,True
IC2011,IC,ok,9438,9438,True,0,True,True,True,True
IC1901,IC,ok,10406,10406,True,0,True,True,True,True
IC1805,IC,ok,9922,9922,True,0,True,True,True,True
IC2004,IC,ok,9438,9438,True,0,True,True,True,True
IC1905,IC,ok,9922,9922,True,0,True,True,True,True
IC1806,IC,ok,38720,38720,True,0,True,True,True,True
IC1904,IC,ok,10648,10648,True,0,True,True,True,True
IC1803,IC,ok,38478,38478,True,0,True,True,True,True
IC1911,IC,ok,8470,8470,True,0,True,True,True,True
IC2107,IC,ok,9438,9438,True,0,True,True,True,True
IC1910,IC,ok,9438,9438,True,0,True,True,True,True
FG2304,FG,ok,83883,83883,True,0,True,True,True,True
FG2511,FG,ok,77101,77101,True,0,True,True,True,True
IC2007,IC,ok,10406,10406,True,0,True,True,True,True
IC2001,IC,ok,10648,10648,True,0,True,True,True,True
IC1907,IC,ok,10648,10648,True,0,True,True,True,True
IC2108,IC,ok,10890,10890,True,0,True,True,True,True
IC2010,IC,ok,8228,8228,True,0,True,True,True,True
IC2008,IC,ok,10406,10406,True,0,True,True,True,True
IC2003,IC,ok,39204,39204,True,0,True,True,True,True
IC1709,IC,ok,38720,38720,True,0,True,True,True,True
IC1906,IC,ok,39446,39446,True,0,True,True,True,True
IC1908,IC,ok,9680,9680,True,0,True,True,True,True
IC2101,IC,ok,9438,9438,True,0,True,True,True,True
IC1912,IC,ok,39930,39930,True,0,True,True,True,True
IC1809,IC,ok,39930,39930,True,0,True,True,True,True
IC2105,IC,ok,9922,9922,True,0,True,True,True,True
IC1902,IC,ok,7986,7986,True,0,True,True,True,True
IC2002,IC,ok,9196,9196,True,0,True,True,True,True
IC2110,IC,ok,7986,7986,True,0,True,True,True,True
IC2103,IC,ok,39446,39446,True,0,True,True,True,True
IC2104,IC,ok,9438,9438,True,0,True,True,True,True
IC1810,IC,ok,9438,9438,True,0,True,True,True,True
IC2405,IC,ok,9680,9680,True,0,True,True,True,True
IC2208,IC,ok,10890,10890,True,0,True,True,True,True
IC1606,IC,ok,39809,39809,True,0,True,True,True,True
IC2401,IC,ok,10648,10648,True,0,True,True,True,True
IC1909,IC,ok,39688,39688,True,0,True,True,True,True
IC2012,IC,ok,39688,39688,True,0,True,True,True,True
IC2305,IC,ok,9922,9922,True,0,True,True,True,True
IC2402,IC,ok,9438,9438,True,0,True,True,True,True
IC2207,IC,ok,9438,9438,True,0,True,True,True,True
IC2201,IC,ok,10648,10648,True,0,True,True,True,True
IC2311,IC,ok,9438,9438,True,0,True,True,True,True
IC2301,IC,ok,10648,10648,True,0,True,True,True,True
IC2112,IC,ok,39688,39688,True,0,True,True,True,True
IC2205,IC,ok,9680,9680,True,0,True,True,True,True
IC2307,IC,ok,10406,10406,True,0,True,True,True,True
IC2106,IC,ok,39688,39688,True,0,True,True,True,True
IC1903,IC,ok,37994,37994,True,0,True,True,True,True
IC2206,IC,ok,39446,39446,True,0,True,True,True,True
IC2212,IC,ok,39930,39930,True,0,True,True,True,True
IC2006,IC,ok,39688,39688,True,0,True,True,True,True
IC2210,IC,ok,9438,9438,True,0,True,True,True,True
IC2407,IC,ok,10648,10648,True,0,True,True,True,True
IC2411,IC,ok,8470,8470,True,0,True,True,True,True
IC2102,IC,ok,9438,9438,True,0,True,True,True,True
IC2302,IC,ok,9438,9438,True,0,True,True,True,True
IC2408,IC,ok,9680,9680,True,0,True,True,True,True
IC2111,IC,ok,9196,9196,True,0,True,True,True,True
IC2504,IC,ok,9438,9438,True,0,True,True,True,True
IC2308,IC,ok,10406,10406,True,0,True,True,True,True
IC2109,IC,ok,39930,39930,True,0,True,True,True,True
IC2204,IC,ok,9196,9196,True,0,True,True,True,True
IC2202,IC,ok,9438,9438,True,0,True,True,True,True
IC1812,IC,ok,40172,40172,True,0,True,True,True,True
IC2211,IC,ok,9680,9680,True,0,True,True,True,True
IF1010,IF,ok,7744,7744,True,0,True,True,True,True
IF1101,IF,ok,10648,10648,True,0,True,True,True,True
IC2404,IC,ok,10164,10164,True,0,True,True,True,True
IC2508,IC,ok,9680,9680,True,0,True,True,True,True
IF1108,IF,ok,10890,10890,True,0,True,True,True,True
IC2501,IC,ok,10648,10648,True,0,True,True,True,True
IC2505,IC,ok,8712,8712,True,0,True,True,True,True
IF1008,IF,ok,10890,10890,True,0,True,True,True,True
IC2009,IC,ok,39446,39446,True,0,True,True,True,True
IC2303,IC,ok,39446,39446,True,0,True,True,True,True
IF1201,IF,ok,10406,10406,True,0,True,True,True,True
IC2310,IC,ok,9438,9438,True,0,True,True,True,True
IF1104,IF,ok,9196,9196,True,0,True,True,True,True
IF1006,IF,ok,10164,10164,True,0,True,True,True,True
IC2506,IC,ok,39446,39446,True,0,True,True,True,True
IC2412,IC,ok,39688,39688,True,0,True,True,True,True
IF1106,IF,ok,39930,39930,True,0,True,True,True,True
IC2502,IC,ok,9196,9196,True,0,True,True,True,True
IC2507,IC,ok,10648,10648,True,0,True,True,True,True
IC2304,IC,ok,10648,10648,True,0,True,True,True,True
IF1005,IF,ok,6050,6050,True,0,True,True,True,True
IC2312,IC,ok,38478,38478,True,0,True,True,True,True
IF1009,IF,ok,25894,25894,True,0,True,True,True,True
IC2410,IC,ok,9196,9196,True,0,True,True,True,True
IC2209,IC,ok,38236,38236,True,0,True,True,True,True
IF1007,IF,ok,8954,8954,True,0,True,True,True,True
IF1105,IF,ok,10164,10164,True,0,True,True,True,True
IF1111,IF,ok,9680,9680,True,0,True,True,True,True
IC2306,IC,ok,38720,38720,True,0,True,True,True,True
IC2509,IC,ok,39688,39688,True,0,True,True,True,True
IF1107,IF,ok,9438,9438,True,0,True,True,True,True
IC2409,IC,ok,38962,38962,True,0,True,True,True,True
IF1102,IF,ok,9438,9438,True,0,True,True,True,True
IC2512,IC,ok,29040,29040,True,0,True,True,True,True
IF1311,IF,ok,8228,8228,True,0,True,True,True,True
IF1302,IF,ok,7986,7986,True,0,True,True,True,True
IF1204,IF,ok,10164,10164,True,0,True,True,True,True
IF1301,IF,ok,10164,10164,True,0,True,True,True,True
IC2406,IC,ok,39204,39204,True,0,True,True,True,True
IC2203,IC,ok,39204,39204,True,0,True,True,True,True
IF1402,IF,ok,9438,9438,True,0,True,True,True,True
IF1205,IF,ok,9680,9680,True,0,True,True,True,True
IF1410,IF,ok,9438,9438,True,0,True,True,True,True
IF1407,IF,ok,10648,10648,True,0,True,True,True,True
IF1310,IF,ok,9196,9196,True,0,True,True,True,True
IF1305,IF,ok,9680,9680,True,0,True,True,True,True
IF1203,IF,ok,39204,39204,True,0,True,True,True,True
IF1401,IF,ok,10648,10648,True,0,True,True,True,True
IC2403,IC,ok,37994,37994,True,0,True,True,True,True
IF1307,IF,ok,10164,10164,True,0,True,True,True,True
IF1210,IF,ok,9680,9680,True,0,True,True,True,True
IF1103,IF,ok,38962,38962,True,0,True,True,True,True
IF1110,IF,ok,9438,9438,True,0,True,True,True,True
IF1011,IF,ok,8954,8954,True,0,True,True,True,True
IF1411,IF,ok,9680,9680,True,0,True,True,True,True
IF1501,IF,ok,9196,9196,True,0,True,True,True,True
IF1404,IF,ok,9438,9438,True,0,True,True,True,True
IF1109,IF,ok,38720,38720,True,0,True,True,True,True
IF1206,IF,ok,38236,38236,True,0,True,True,True,True
IF1308,IF,ok,9680,9680,True,0,True,True,True,True
IF1312,IF,ok,39204,39204,True,0,True,True,True,True
IF1012,IF,ok,39688,39688,True,0,True,True,True,True
IF1202,IF,ok,9196,9196,True,0,True,True,True,True
IF1209,IF,ok,39688,39688,True,0,True,True,True,True
IF1306,IF,ok,38478,38478,True,0,True,True,True,True
IF1304,IF,ok,10164,10164,True,0,True,True,True,True
IF1605,IF,ok,10405,10405,True,0,True,True,True,True
IF1303,IF,ok,37994,37994,True,0,True,True,True,True
IF1507,IF,ok,10648,10648,True,0,True,True,True,True
IC2309,IC,ok,38478,38478,True,0,True,True,True,True
IF1208,IF,ok,10648,10648,True,0,True,True,True,True
IF1505,IF,ok,9196,9196,True,0,True,True,True,True
IF1408,IF,ok,9680,9680,True,0,True,True,True,True
IF1508,IF,ok,10648,10648,True,0,True,True,True,True
IF1405,IF,ok,8954,8954,True,0,True,True,True,True
IF1701,IF,ok,10647,10647,True,0,True,True,True,True
IF1212,IF,ok,40414,40414,True,0,True,True,True,True
IF1112,IF,ok,40414,40414,True,0,True,True,True,True
IF1510,IF,ok,7986,7986,True,0,True,True,True,True
IF1604,IF,ok,9438,9438,True,0,True,True,True,True
IF1607,IF,ok,9195,9195,True,0,True,True,True,True
IF1707,IF,ok,10406,10406,True,0,True,True,True,True
IF1309,IF,ok,38962,38962,True,0,True,True,True,True
IF1611,IF,ok,9435,9435,True,0,True,True,True,True
IF1502,IF,ok,9922,9922,True,0,True,True,True,True
IC2503,IC,ok,38720,38720,True,0,True,True,True,True
IF1708,IF,ok,10890,10890,True,0,True,True,True,True
IF1610,IF,ok,9195,9195,True,0,True,True,True,True
IF1409,IF,ok,39930,39930,True,0,True,True,True,True
IF1207,IF,ok,10648,10648,True,0,True,True,True,True
IF1807,IF,ok,10648,10648,True,0,True,True,True,True
IF1211,IF,ok,8470,8470,True,0,True,True,True,True
IF1603,IF,ok,39083,39083,True,0,True,True,True,True
IF1406,IF,ok,39930,39930,True,0,True,True,True,True
IF1509,IF,ok,39930,39930,True,0,True,True,True,True
IF1503,IF,ok,39204,39204,True,0,True,True,True,True
IF1710,IF,ok,9680,9680,True,0,True,True,True,True
IF1504,IF,ok,8712,8712,True,0,True,True,True,True
IF1601,IF,ok,9317,9317,True,0,True,True,True,True
IF1511,IF,ok,9680,9680,True,0,True,True,True,True
IF1403,IF,ok,39204,39204,True,0,True,True,True,True
IF1608,IF,ok,10889,10889,True,0,True,True,True,True
IF1802,IF,ok,10406,10406,True,0,True,True,True,True
IF1704,IF,ok,10406,10406,True,0,True,True,True,True
IF1705,IF,ok,10164,10164,True,0,True,True,True,True
IF1711,IF,ok,9680,9680,True,0,True,True,True,True
IF1801,IF,ok,10648,10648,True,0,True,True,True,True
IF1805,IF,ok,9922,9922,True,0,True,True,True,True
IF1911,IF,ok,8470,8470,True,0,True,True,True,True
IF2004,IF,ok,9438,9438,True,0,True,True,True,True
IF1904,IF,ok,10648,10648,True,0,True,True,True,True
IF1703,IF,ok,39203,39203,True,0,True,True,True,True
IF2005,IF,ok,8712,8712,True,0,True,True,True,True
IF1412,IF,ok,40172,40172,True,0,True,True,True,True
IF1803,IF,ok,38478,38478,True,0,True,True,True,True
IF2001,IF,ok,10648,10648,True,0,True,True,True,True
IF1908,IF,ok,9680,9680,True,0,True,True,True,True
IF1901,IF,ok,10406,10406,True,0,True,True,True,True
IF1512,IF,ok,40172,40172,True,0,True,True,True,True
IF1811,IF,ok,8228,8228,True,0,True,True,True,True
IF2008,IF,ok,10406,10406,True,0,True,True,True,True
IF2007,IF,ok,10406,10406,True,0,True,True,True,True
IF1810,IF,ok,9438,9438,True,0,True,True,True,True
IF1806,IF,ok,38720,38720,True,0,True,True,True,True
IF1907,IF,ok,10648,10648,True,0,True,True,True,True
IF2010,IF,ok,8228,8228,True,0,True,True,True,True
IF1912,IF,ok,39930,39930,True,0,True,True,True,True
IF2003,IF,ok,39204,39204,True,0,True,True,True,True
IF1609,IF,ok,39930,39930,True,0,True,True,True,True
IF1804,IF,ok,9438,9438,True,0,True,True,True,True
IF1602,IF,ok,9317,9317,True,0,True,True,True,True
IF1709,IF,ok,38720,38720,True,0,True,True,True,True
IF1902,IF,ok,7986,7986,True,0,True,True,True,True
IF1905,IF,ok,9922,9922,True,0,True,True,True,True
IF2107,IF,ok,9438,9438,True,0,True,True,True,True
IF1702,IF,ok,9438,9438,True,0,True,True,True,True
IF1903,IF,ok,37994,37994,True,0,True,True,True,True
IF2204,IF,ok,9196,9196,True,0,True,True,True,True
IF2011,IF,ok,9438,9438,True,0,True,True,True,True
IF1808,IF,ok,10648,10648,True,0,True,True,True,True
IF1712,IF,ok,39204,39204,True,0,True,True,True,True
IF2009,IF,ok,39446,39446,True,0,True,True,True,True
IF2110,IF,ok,7986,7986,True,0,True,True,True,True
IF2102,IF,ok,9438,9438,True,0,True,True,True,True
IF1612,IF,ok,39927,39927,True,0,True,True,True,True
IF2101,IF,ok,9438,9438,True,0,True,True,True,True
IF1606,IF,ok,39809,39809,True,0,True,True,True,True
IF1910,IF,ok,9438,9438,True,0,True,True,True,True
IF2006,IF,ok,39688,39688,True,0,True,True,True,True
IF2310,IF,ok,9438,9438,True,0,True,True,True,True
IF2202,IF,ok,9438,9438,True,0,True,True,True,True
IF2304,IF,ok,10648,10648,True,0,True,True,True,True
IF2111,IF,ok,9196,9196,True,0,True,True,True,True
IF2303,IF,ok,39446,39446,True,0,True,True,True,True
IF2108,IF,ok,10890,10890,True,0,True,True,True,True
IF2210,IF,ok,9438,9438,True,0,True,True,True,True
IF1506,IF,ok,40172,40172,True,0,True,True,True,True
IF1706,IF,ok,38478,38478,True,0,True,True,True,True
IF2205,IF,ok,9680,9680,True,0,True,True,True,True
IF2012,IF,ok,39688,39688,True,0,True,True,True,True
IF1909,IF,ok,39688,39688,True,0,True,True,True,True
IF2112,IF,ok,39688,39688,True,0,True,True,True,True
IF2401,IF,ok,10648,10648,True,0,True,True,True,True
IF2508,IF,ok,9680,9680,True,0,True,True,True,True
IF2407,IF,ok,10648,10648,True,0,True,True,True,True
IF2305,IF,ok,9922,9922,True,0,True,True,True,True
IF2106,IF,ok,39688,39688,True,0,True,True,True,True
IF2308,IF,ok,10406,10406,True,0,True,True,True,True
IF2403,IF,ok,37994,37994,True,0,True,True,True,True
IF2002,IF,ok,9196,9196,True,0,True,True,True,True
IF2212,IF,ok,39930,39930,True,0,True,True,True,True
IF1812,IF,ok,40172,40172,True,0,True,True,True,True
IF1906,IF,ok,39446,39446,True,0,True,True,True,True
IF2404,IF,ok,10164,10164,True,0,True,True,True,True
IF2104,IF,ok,9438,9438,True,0,True,True,True,True
IF2301,IF,ok,10648,10648,True,0,True,True,True,True
IH1505,IH,ok,5082,5082,True,0,True,True,True,True
IF2411,IF,ok,8470,8470,True,0,True,True,True,True
IF2402,IF,ok,9438,9438,True,0,True,True,True,True
IF2105,IF,ok,9922,9922,True,0,True,True,True,True
IF2207,IF,ok,9438,9438,True,0,True,True,True,True
IF2410,IF,ok,9196,9196,True,0,True,True,True,True
IF2312,IF,ok,38478,38478,True,0,True,True,True,True
IF2309,IF,ok,38478,38478,True,0,True,True,True,True
IF2209,IF,ok,38236,38236,True,0,True,True,True,True
IF1809,IF,ok,39930,39930,True,0,True,True,True,True
IF2206,IF,ok,39446,39446,True,0,True,True,True,True
IF2103,IF,ok,39446,39446,True,0,True,True,True,True
IF2307,IF,ok,10406,10406,True,0,True,True,True,True
IH1508,IH,ok,10648,10648,True,0,True,True,True,True
IF2109,IF,ok,39930,39930,True,0,True,True,True,True
IF2405,IF,ok,9680,9680,True,0,True,True,True,True
IF2408,IF,ok,9680,9680,True,0,True,True,True,True
IF2211,IF,ok,9680,9680,True,0,True,True,True,True
IF2406,IF,ok,39204,39204,True,0,True,True,True,True
IF2502,IF,ok,9196,9196,True,0,True,True,True,True
IF2506,IF,ok,39204,39204,True,0,True,True,True,True
IF2302,IF,ok,9438,9438,True,0,True,True,True,True
IF2507,IF,ok,10648,10648,True,0,True,True,True,True
IH1510,IH,ok,7986,7986,True,0,True,True,True,True
IF2203,IF,ok,39204,39204,True,0,True,True,True,True
IF2505,IF,ok,8712,8712,True,0,True,True,True,True
IF2501,IF,ok,10648,10648,True,0,True,True,True,True
IH1607,IH,ok,9195,9195,True,0,True,True,True,True
IF2504,IF,ok,9438,9438,True,0,True,True,True,True
IH1602,IH,ok,9305,9305,True,0,True,True,True,True
IF2409,IF,ok,38962,38962,True,0,True,True,True,True
IH1507,IH,ok,10648,10648,True,0,True,True,True,True
IF2503,IF,ok,38962,38962,True,0,True,True,True,True
IF2306,IF,ok,38720,38720,True,0,True,True,True,True
IF2412,IF,ok,39688,39688,True,0,True,True,True,True
IH1707,IH,ok,10406,10406,True,0,True,True,True,True
IF2311,IF,ok,9438,9438,True,0,True,True,True,True
IF2201,IF,ok,10648,10648,True,0,True,True,True,True
IF2208,IF,ok,10890,10890,True,0,True,True,True,True
IH1701,IH,ok,10647,10647,True,0,True,True,True,True
IH1605,IH,ok,10405,10405,True,0,True,True,True,True
IH1704,IH,ok,10406,10406,True,0,True,True,True,True
IH1512,IH,ok,40656,40656,True,0,True,True,True,True
IH1601,IH,ok,9317,9317,True,0,True,True,True,True
IH1702,IH,ok,9438,9438,True,0,True,True,True,True
IH1506,IH,ok,11132,11132,True,0,True,True,True,True
IF2509,IF,ok,39688,39688,True,0,True,True,True,True
IH1610,IH,ok,9195,9195,True,0,True,True,True,True
IH1811,IH,ok,8228,8228,True,0,True,True,True,True
IH1805,IH,ok,9922,9922,True,0,True,True,True,True
IH1804,IH,ok,9438,9438,True,0,True,True,True,True
IH1904,IH,ok,10648,10648,True,0,True,True,True,True
IH1802,IH,ok,10406,10406,True,0,True,True,True,True
IH1808,IH,ok,10648,10648,True,0,True,True,True,True
IH1807,IH,ok,10648,10648,True,0,True,True,True,True
IH2007,IH,ok,10406,10406,True,0,True,True,True,True
IH1801,IH,ok,10648,10648,True,0,True,True,True,True
IH1604,IH,ok,9437,9437,True,0,True,True,True,True
IH1706,IH,ok,38476,38476,True,0,True,True,True,True
IH1705,IH,ok,10164,10164,True,0,True,True,True,True
IH1903,IH,ok,37994,37994,True,0,True,True,True,True
IF2512,IF,ok,29040,29040,True,0,True,True,True,True
IH1806,IH,ok,38720,38720,True,0,True,True,True,True
IH1911,IH,ok,8470,8470,True,0,True,True,True,True
IH2005,IH,ok,8712,8712,True,0,True,True,True,True
IH1708,IH,ok,10890,10890,True,0,True,True,True,True
IH1603,IH,ok,39083,39083,True,0,True,True,True,True
IH1902,IH,ok,7986,7986,True,0,True,True,True,True
IH1709,IH,ok,38720,38720,True,0,True,True,True,True
IH1611,IH,ok,9431,9431,True,0,True,True,True,True
IH1711,IH,ok,9680,9680,True,0,True,True,True,True
IH1710,IH,ok,9680,9680,True,0,True,True,True,True
IH1509,IH,ok,26136,26136,True,0,True,True,True,True
IH2008,IH,ok,10406,10406,True,0,True,True,True,True
IH1609,IH,ok,39921,39921,True,0,True,True,True,True
IH1905,IH,ok,9922,9922,True,0,True,True,True,True
IH1907,IH,ok,10648,10648,True,0,True,True,True,True
IH1712,IH,ok,39204,39204,True,0,True,True,True,True
IH1809,IH,ok,39930,39930,True,0,True,True,True,True
IH2102,IH,ok,9438,9438,True,0,True,True,True,True
IH1901,IH,ok,10406,10406,True,0,True,True,True,True
IH2004,IH,ok,9438,9438,True,0,True,True,True,True
IH1606,IH,ok,39193,39193,True,0,True,True,True,True
IH1608,IH,ok,10889,10889,True,0,True,True,True,True
IH1812,IH,ok,40172,40172,True,0,True,True,True,True
IH1810,IH,ok,9438,9438,True,0,True,True,True,True
IH1511,IH,ok,9680,9680,True,0,True,True,True,True
IH1803,IH,ok,38478,38478,True,0,True,True,True,True
IH2010,IH,ok,8228,8228,True,0,True,True,True,True
IH2105,IH,ok,9922,9922,True,0,True,True,True,True
IH2103,IH,ok,39446,39446,True,0,True,True,True,True
IH1703,IH,ok,39202,39202,True,0,True,True,True,True
IH2001,IH,ok,10648,10648,True,0,True,True,True,True
IH1910,IH,ok,9438,9438,True,0,True,True,True,True
IH2205,IH,ok,9680,9680,True,0,True,True,True,True
IH2211,IH,ok,9680,9680,True,0,True,True,True,True
IH2107,IH,ok,9438,9438,True,0,True,True,True,True
IH2101,IH,ok,9438,9438,True,0,True,True,True,True
IH1909,IH,ok,39688,39688,True,0,True,True,True,True
IH2204,IH,ok,9196,9196,True,0,True,True,True,True
IH1908,IH,ok,9680,9680,True,0,True,True,True,True
IH2202,IH,ok,9438,9438,True,0,True,True,True,True
IH2201,IH,ok,10648,10648,True,0,True,True,True,True
IH2111,IH,ok,9196,9196,True,0,True,True,True,True
IH2210,IH,ok,9438,9438,True,0,True,True,True,True
IH2009,IH,ok,39446,39446,True,0,True,True,True,True
IH2304,IH,ok,10648,10648,True,0,True,True,True,True
IH2104,IH,ok,9438,9438,True,0,True,True,True,True
IH2402,IH,ok,9438,9438,True,0,True,True,True,True
IH2002,IH,ok,9196,9196,True,0,True,True,True,True
IH2110,IH,ok,7986,7986,True,0,True,True,True,True
IH2401,IH,ok,10648,10648,True,0,True,True,True,True
IH1612,IH,ok,39929,39929,True,0,True,True,True,True
IH2003,IH,ok,39204,39204,True,0,True,True,True,True
IH2305,IH,ok,9922,9922,True,0,True,True,True,True
IH2112,IH,ok,39688,39688,True,0,True,True,True,True
IH2308,IH,ok,10406,10406,True,0,True,True,True,True
IH2106,IH,ok,39688,39688,True,0,True,True,True,True
IH1906,IH,ok,39446,39446,True,0,True,True,True,True
IH2207,IH,ok,9438,9438,True,0,True,True,True,True
IH2407,IH,ok,10648,10648,True,0,True,True,True,True
IH2011,IH,ok,9438,9438,True,0,True,True,True,True
IH2109,IH,ok,39930,39930,True,0,True,True,True,True
IH2006,IH,ok,39688,39688,True,0,True,True,True,True
IH2410,IH,ok,9196,9196,True,0,True,True,True,True
IH2408,IH,ok,9680,9680,True,0,True,True,True,True
IH2405,IH,ok,9680,9680,True,0,True,True,True,True
IH2301,IH,ok,10648,10648,True,0,True,True,True,True
IH2411,IH,ok,8470,8470,True,0,True,True,True,True
IH1912,IH,ok,39930,39930,True,0,True,True,True,True
IH2404,IH,ok,10164,10164,True,0,True,True,True,True
IH2303,IH,ok,39446,39446,True,0,True,True,True,True
IH2501,IH,ok,10406,10406,True,0,True,True,True,True
IH2108,IH,ok,10890,10890,True,0,True,True,True,True
IM2301,IM,ok,10648,10648,True,0,True,True,True,True
IH2507,IH,ok,10648,10648,True,0,True,True,True,True
IH2309,IH,ok,38478,38478,True,0,True,True,True,True
IH2505,IH,ok,8712,8712,True,0,True,True,True,True
IH2409,IH,ok,38962,38962,True,0,True,True,True,True
IH2502,IH,ok,9196,9196,True,0,True,True,True,True
IM2303,IM,ok,38478,38478,True,0,True,True,True,True
IH2504,IH,ok,9438,9438,True,0,True,True,True,True
IH2508,IH,ok,9680,9680,True,0,True,True,True,True
IM2209,IM,ok,9680,9680,True,0,True,True,True,True
IH2311,IH,ok,9438,9438,True,0,True,True,True,True
IH2307,IH,ok,10406,10406,True,0,True,True,True,True
IH2509,IH,ok,39688,39688,True,0,True,True,True,True
IH2302,IH,ok,9438,9438,True,0,True,True,True,True
IH2506,IH,ok,39446,39446,True,0,True,True,True,True
IM2210,IM,ok,9438,9438,True,0,True,True,True,True
IH2403,IH,ok,37994,37994,True,0,True,True,True,True
IH2012,IH,ok,39688,39688,True,0,True,True,True,True
IH2306,IH,ok,38720,38720,True,0,True,True,True,True
IM2302,IM,ok,9438,9438,True,0,True,True,True,True
IH2412,IH,ok,39688,39688,True,0,True,True,True,True
IH2208,IH,ok,10890,10890,True,0,True,True,True,True
IH2312,IH,ok,38478,38478,True,0,True,True,True,True
IH2503,IH,ok,38962,38962,True,0,True,True,True,True
IM2404,IM,ok,10164,10164,True,0,True,True,True,True
IM2307,IM,ok,10406,10406,True,0,True,True,True,True
IM2208,IM,ok,5082,5082,True,0,True,True,True,True
IM2502,IM,ok,9196,9196,True,0,True,True,True,True
IH2310,IH,ok,9438,9438,True,0,True,True,True,True
IM2405,IM,ok,9680,9680,True,0,True,True,True,True
IM2305,IM,ok,9922,9922,True,0,True,True,True,True
IM2410,IM,ok,9196,9196,True,0,True,True,True,True
IM2211,IM,ok,9680,9680,True,0,True,True,True,True
IM2311,IM,ok,9438,9438,True,0,True,True,True,True
IH2406,IH,ok,39204,39204,True,0,True,True,True,True
IM2401,IM,ok,10648,10648,True,0,True,True,True,True
IH2206,IH,ok,39446,39446,True,0,True,True,True,True
JR1403,JR,ok,13589,13589,True,0,True,True,True,True
IM2310,IM,ok,9438,9438,True,0,True,True,True,True
IM2411,IM,ok,8470,8470,True,0,True,True,True,True
IH2203,IH,ok,39204,39204,True,0,True,True,True,True
IM2507,IM,ok,10648,10648,True,0,True,True,True,True
IH2209,IH,ok,38236,38236,True,0,True,True,True,True
IM2403,IM,ok,37994,37994,True,0,True,True,True,True
IM2508,IM,ok,9680,9680,True,0,True,True,True,True
IM2212,IM,ok,24200,24200,True,0,True,True,True,True
IH2512,IH,ok,29040,29040,True,0,True,True,True,True
IM2504,IM,ok,9438,9438,True,0,True,True,True,True
IM2412,IM,ok,39688,39688,True,0,True,True,True,True
JR1407,JR,ok,30643,30643,True,0,True,True,True,True
IM2304,IM,ok,10648,10648,True,0,True,True,True,True
IM2408,IM,ok,9680,9680,True,0,True,True,True,True
JR1509,JR,ok,23855,23855,True,0,True,True,True,True
IM2501,IM,ok,10648,10648,True,0,True,True,True,True
IM2505,IM,ok,8712,8712,True,0,True,True,True,True
IH2212,IH,ok,39930,39930,True,0,True,True,True,True
JR1507,JR,ok,21667,21667,True,0,True,True,True,True
JR1601,JR,ok,24040,24040,True,0,True,True,True,True
JR1503,JR,ok,35463,35463,True,0,True,True,True,True
IM2308,IM,ok,10406,10406,True,0,True,True,True,True
JR1405,JR,ok,9045,9045,True,0,True,True,True,True
IM2407,IM,ok,10648,10648,True,0,True,True,True,True
JR1605,JR,ok,27680,27680,True,0,True,True,True,True
JR1811,JR,ok,21269,21269,True,0,True,True,True,True
JR1707,JR,ok,23846,23846,True,0,True,True,True,True
IM2512,IM,ok,29040,29040,True,0,True,True,True,True
JR1505,JR,ok,32123,32123,True,0,True,True,True,True
IM2506,IM,ok,39446,39446,True,0,True,True,True,True
JR1709,JR,ok,24468,24468,True,0,True,True,True,True
JR1603,JR,ok,22073,22073,True,0,True,True,True,True
JR1703,JR,ok,23254,23254,True,0,True,True,True,True
JR1511,JR,ok,26588,26588,True,0,True,True,True,True
JR1801,JR,ok,26646,26646,True,0,True,True,True,True
IM2406,IM,ok,39204,39204,True,0,True,True,True,True
JR1411,JR,ok,44350,44350,True,0,True,True,True,True
JR1909,JR,ok,29116,29116,True,0,True,True,True,True
JR1705,JR,ok,33332,33332,True,0,True,True,True,True
IM2509,IM,ok,39688,39688,True,0,True,True,True,True
IM2503,IM,ok,38962,38962,True,0,True,True,True,True
IM2309,IM,ok,38478,38478,True,0,True,True,True,True
JR2203,JR,ok,23878,23878,True,0,True,True,True,True
JR1501,JR,ok,42481,42481,True,0,True,True,True,True
JR1609,JR,ok,26817,26817,True,0,True,True,True,True
JR1701,JR,ok,31243,31243,True,0,True,True,True,True
IM2402,IM,ok,9438,9438,True,0,True,True,True,True
JR2103,JR,ok,28171,28171,True,0,True,True,True,True
JR2005,JR,ok,26398,26398,True,0,True,True,True,True
JR1805,JR,ok,34001,34001,True,0,True,True,True,True
JR2309,JR,ok,21841,21841,True,0,True,True,True,True
IM2312,IM,ok,38478,38478,True,0,True,True,True,True
JR2003,JR,ok,28305,28305,True,0,True,True,True,True
JR2007,JR,ok,37628,37628,True,0,True,True,True,True
JR1901,JR,ok,22971,22971,True,0,True,True,True,True
JR2307,JR,ok,21841,21841,True,0,True,True,True,True
JR1903,JR,ok,22440,22440,True,0,True,True,True,True
JR1807,JR,ok,38369,38369,True,0,True,True,True,True
JR1809,JR,ok,24875,24875,True,0,True,True,True,True
JR1607,JR,ok,20742,20742,True,0,True,True,True,True
JR1907,JR,ok,52834,52834,True,0,True,True,True,True
JR2407,JR,ok,21841,21841,True,0,True,True,True,True
JR2011,JR,ok,44267,44267,True,0,True,True,True,True
JR2107,JR,ok,25090,25090,True,0,True,True,True,True
IM2409,IM,ok,38962,38962,True,0,True,True,True,True
JR1409,JR,ok,26268,26268,True,0,True,True,True,True
JR2205,JR,ok,21969,21969,True,0,True,True,True,True
IM2306,IM,ok,38720,38720,True,0,True,True,True,True
JR2305,JR,ok,21841,21841,True,0,True,True,True,True
JR2209,JR,ok,22011,22011,True,0,True,True,True,True
JR1711,JR,ok,32781,32781,True,0,True,True,True,True
JR2505,JR,ok,22008,22008,True,0,True,True,True,True
JR2409,JR,ok,21993,21993,True,0,True,True,True,True
LR1607,LR,ok,23129,23129,True,0,True,True,True,True
JR2201,JR,ok,29401,29401,True,0,True,True,True,True
JR2605,JR,ok,9192,9192,True,0,True,True,True,True
JR2403,JR,ok,22023,22023,True,0,True,True,True,True
JR2311,JR,ok,21841,21841,True,0,True,True,True,True
JR1905,JR,ok,25672,25672,True,0,True,True,True,True
LR1509,LR,ok,30488,30488,True,0,True,True,True,True
JR2109,JR,ok,39318,39318,True,0,True,True,True,True
JR2507,JR,ok,21932,21932,True,0,True,True,True,True
JR2509,JR,ok,21841,21841,True,0,True,True,True,True
JR2405,JR,ok,21932,21932,True,0,True,True,True,True
JR2601,JR,ok,16290,16290,True,0,True,True,True,True
JR2603,JR,ok,13014,13014,True,0,True,True,True,True
LR1411,LR,ok,16006,16006,True,0,True,True,True,True
JR1611,JR,ok,23354,23354,True,0,True,True,True,True
JR2105,JR,ok,36900,36900,True,0,True,True,True,True
LR1503,LR,ok,29448,29448,True,0,True,True,True,True
JR2303,JR,ok,21872,21872,True,0,True,True,True,True
JR2211,JR,ok,24485,24485,True,0,True,True,True,True
JR1803,JR,ok,25537,25537,True,0,True,True,True,True
JR2511,JR,ok,20203,20203,True,0,True,True,True,True
JR1911,JR,ok,24053,24053,True,0,True,True,True,True
LR1809,LR,ok,23202,23202,True,0,True,True,True,True
JR2301,JR,ok,31167,31167,True,0,True,True,True,True
JR2501,JR,ok,22130,22130,True,0,True,True,True,True
JR2111,JR,ok,26349,26349,True,0,True,True,True,True
JR2009,JR,ok,42720,42720,True,0,True,True,True,True
LR1501,LR,ok,9956,9956,True,0,True,True,True,True
LR1609,LR,ok,29176,29176,True,0,True,True,True,True
JR2207,JR,ok,21994,21994,True,0,True,True,True,True
LR1701,LR,ok,22123,22123,True,0,True,True,True,True
LR1511,LR,ok,23191,23191,True,0,True,True,True,True
JR2001,JR,ok,29291,29291,True,0,True,True,True,True
LR1805,LR,ok,36798,36798,True,0,True,True,True,True
LR1803,LR,ok,24278,24278,True,0,True,True,True,True
JR2411,JR,ok,21932,21932,True,0,True,True,True,True
JR2503,JR,ok,21841,21841,True,0,True,True,True,True
JR2401,JR,ok,21841,21841,True,0,True,True,True,True
LR1601,LR,ok,25777,25777,True,0,True,True,True,True
LR1807,LR,ok,22853,22853,True,0,True,True,True,True
LR1711,LR,ok,30917,30917,True,0,True,True,True,True
JR2101,JR,ok,46126,46126,True,0,True,True,True,True
LR1611,LR,ok,24590,24590,True,0,True,True,True,True
LR2303,LR,ok,21842,21842,True,0,True,True,True,True
LR2203,LR,ok,22039,22039,True,0,True,True,True,True
LR2103,LR,ok,14787,14787,True,0,True,True,True,True
LR1811,LR,ok,25083,25083,True,0,True,True,True,True
LR2301,LR,ok,21857,21857,True,0,True,True,True,True
LR2107,LR,ok,22953,22953,True,0,True,True,True,True
LR1507,LR,ok,34857,34857,True,0,True,True,True,True
LR2205,LR,ok,24051,24051,True,0,True,True,True,True
LR2101,LR,ok,11849,11849,True,0,True,True,True,True
LR1703,LR,ok,22036,22036,True,0,True,True,True,True
LR1705,LR,ok,28038,28038,True,0,True,True,True,True
LR1709,LR,ok,20982,20982,True,0,True,True,True,True
LR2011,LR,ok,16488,16488,True,0,True,True,True,True
LR2309,LR,ok,21841,21841,True,0,True,True,True,True
LR2403,LR,ok,22023,22023,True,0,True,True,True,True
LR2007,LR,ok,46779,46779,True,0,True,True,True,True
LR1605,LR,ok,28624,28624,True,0,True,True,True,True
LR2307,LR,ok,21841,21841,True,0,True,True,True,True
LR2005,LR,ok,36036,36036,True,0,True,True,True,True
LR1707,LR,ok,21573,21573,True,0,True,True,True,True
LR2209,LR,ok,22451,22451,True,0,True,True,True,True
LR2111,LR,ok,21948,21948,True,0,True,True,True,True
LR2001,LR,ok,37325,37325,True,0,True,True,True,True
LR1903,LR,ok,49456,49456,True,0,True,True,True,True
LR1801,LR,ok,34425,34425,True,0,True,True,True,True
LR2105,LR,ok,18975,18975,True,0,True,True,True,True
LR1505,LR,ok,35980,35980,True,0,True,True,True,True
LR2305,LR,ok,21841,21841,True,0,True,True,True,True
LR1901,LR,ok,34860,34860,True,0,True,True,True,True
LR2503,LR,ok,21841,21841,True,0,True,True,True,True
LR2109,LR,ok,22114,22114,True,0,True,True,True,True
LR2409,LR,ok,21932,21932,True,0,True,True,True,True
LR1603,LR,ok,20242,20242,True,0,True,True,True,True
LR1909,LR,ok,38389,38389,True,0,True,True,True,True
LR2311,LR,ok,21841,21841,True,0,True,True,True,True
LR2401,LR,ok,21917,21917,True,0,True,True,True,True
LR2201,LR,ok,21949,21949,True,0,True,True,True,True
LR2509,LR,ok,21841,21841,True,0,True,True,True,True
LR1905,LR,ok,49924,49924,True,0,True,True,True,True
LR2407,LR,ok,21841,21841,True,0,True,True,True,True
MA1506,MA,ok,39412,39412,True,0,True,True,True,True
LR2207,LR,ok,26760,26760,True,0,True,True,True,True
LR1911,LR,ok,46564,46564,True,0,True,True,True,True
LR2411,LR,ok,21932,21932,True,0,True,True,True,True
LR2405,LR,ok,21932,21932,True,0,True,True,True,True
LR1907,LR,ok,45500,45500,True,0,True,True,True,True
LR2511,LR,ok,20203,20203,True,0,True,True,True,True
LR2601,LR,ok,16290,16290,True,0,True,True,True,True
MA1611,MA,ok,81637,81637,True,0,True,True,True,True
LR2211,LR,ok,22054,22054,True,0,True,True,True,True
LR2505,LR,ok,22008,22008,True,0,True,True,True,True
MA1507,MA,ok,59754,59754,True,0,True,True,True,True
MA1509,MA,ok,62934,62934,True,0,True,True,True,True
MA1508,MA,ok,63555,63555,True,0,True,True,True,True
LR2507,LR,ok,21841,21841,True,0,True,True,True,True
MA1603,MA,ok,79390,79390,True,0,True,True,True,True
MA1511,MA,ok,74632,74632,True,0,True,True,True,True
MA1604,MA,ok,77688,77688,True,0,True,True,True,True
MA1607,MA,ok,81805,81805,True,0,True,True,True,True
MA1606,MA,ok,84522,84522,True,0,True,True,True,True
LR2501,LR,ok,21932,21932,True,0,True,True,True,True
LR2003,LR,ok,34988,34988,True,0,True,True,True,True
MA1510,MA,ok,68076,68076,True,0,True,True,True,True
MA1612,MA,ok,81697,81697,True,0,True,True,True,True
MA1707,MA,ok,81258,81258,True,0,True,True,True,True
MA1609,MA,ok,84217,84217,True,0,True,True,True,True
MA1703,MA,ok,81484,81484,True,0,True,True,True,True
MA1608,MA,ok,81045,81045,True,0,True,True,True,True
MA1701,MA,ok,83898,83898,True,0,True,True,True,True
MA1602,MA,ok,80391,80391,True,0,True,True,True,True
MA1512,MA,ok,75334,75334,True,0,True,True,True,True
MA1708,MA,ok,80969,80969,True,0,True,True,True,True
MA1704,MA,ok,80285,80285,True,0,True,True,True,True
MA1605,MA,ok,83855,83855,True,0,True,True,True,True
MA1601,MA,ok,83868,83868,True,0,True,True,True,True
MA1610,MA,ok,82107,82107,True,0,True,True,True,True
MA1806,MA,ok,82578,82578,True,0,True,True,True,True
MA1802,MA,ok,83747,83747,True,0,True,True,True,True
MA1811,MA,ok,81606,81606,True,0,True,True,True,True
MA1902,MA,ok,82366,82366,True,0,True,True,True,True
MA1706,MA,ok,80378,80378,True,0,True,True,True,True
MA1807,MA,ok,81849,81849,True,0,True,True,True,True
MA1702,MA,ok,80816,80816,True,0,True,True,True,True
MA1903,MA,ok,81546,81546,True,0,True,True,True,True
MA1709,MA,ok,83261,83261,True,0,True,True,True,True
MA1812,MA,ok,81864,81864,True,0,True,True,True,True
MA1901,MA,ok,83839,83839,True,0,True,True,True,True
MA1705,MA,ok,82928,82928,True,0,True,True,True,True
MA1710,MA,ok,81849,81849,True,0,True,True,True,True
MA2004,MA,ok,77543,77543,True,0,True,True,True,True
MA1808,MA,ok,82168,82168,True,0,True,True,True,True
MA1910,MA,ok,83186,83186,True,0,True,True,True,True
MA2005,MA,ok,76928,76928,True,0,True,True,True,True
MA1912,MA,ok,81136,81136,True,0,True,True,True,True
MA1711,MA,ok,81925,81925,True,0,True,True,True,True
MA1907,MA,ok,80984,80984,True,0,True,True,True,True
MA1908,MA,ok,82350,82350,True,0,True,True,True,True
MA2105,MA,ok,84081,84081,True,0,True,True,True,True
MA2009,MA,ok,76351,76351,True,0,True,True,True,True
MA2002,MA,ok,80897,80897,True,0,True,True,True,True
MA1712,MA,ok,82077,82077,True,0,True,True,True,True
MA1810,MA,ok,81833,81833,True,0,True,True,True,True
MA2010,MA,ok,75832,75832,True,0,True,True,True,True
MA2103,MA,ok,79053,79053,True,0,True,True,True,True
MA1805,MA,ok,84354,84354,True,0,True,True,True,True
MA2006,MA,ok,76350,76350,True,0,True,True,True,True
MA2012,MA,ok,76228,76228,True,0,True,True,True,True
MA2001,MA,ok,84309,84309,True,0,True,True,True,True
MA1906,MA,ok,82578,82578,True,0,True,True,True,True
MA2104,MA,ok,81139,81139,True,0,True,True,True,True
MA1804,MA,ok,81849,81849,True,0,True,True,True,True
MA1904,MA,ok,81151,81151,True,0,True,True,True,True
MA2111,MA,ok,83034,83034,True,0,True,True,True,True
MA2003,MA,ok,80222,80222,True,0,True,True,True,True
MA1803,MA,ok,82927,82927,True,0,True,True,True,True
MA2011,MA,ok,76016,76016,True,0,True,True,True,True
MA1905,MA,ok,84658,84658,True,0,True,True,True,True
MA1801,MA,ok,83929,83929,True,0,True,True,True,True
MA2008,MA,ok,75787,75787,True,0,True,True,True,True
MA2102,MA,ok,78212,78212,True,0,True,True,True,True
MA2101,MA,ok,76639,76639,True,0,True,True,True,True
MA2007,MA,ok,76579,76579,True,0,True,True,True,True
MA1809,MA,ok,84460,84460,True,0,True,True,True,True
MA1909,MA,ok,83399,83399,True,0,True,True,True,True
MA1911,MA,ok,83246,83246,True,0,True,True,True,True
MA2110,MA,ok,83170,83170,True,0,True,True,True,True
MA2212,MA,ok,83960,83960,True,0,True,True,True,True
MA2108,MA,ok,83928,83928,True,0,True,True,True,True
MA2206,MA,ok,83611,83611,True,0,True,True,True,True
MA2208,MA,ok,83262,83262,True,0,True,True,True,True
ME1205,ME,ok,175,175,True,0,True,True,True,True
MA2204,MA,ok,83960,83960,True,0,True,True,True,True
MA2107,MA,ok,82396,82396,True,0,True,True,True,True
MA2112,MA,ok,83960,83960,True,0,True,True,True,True
MA2106,MA,ok,82243,82243,True,0,True,True,True,True
MA2303,MA,ok,83898,83898,True,0,True,True,True,True
MA2210,MA,ok,83959,83959,True,0,True,True,True,True
MA2201,MA,ok,83960,83960,True,0,True,True,True,True
MA2205,MA,ok,83262,83262,True,0,True,True,True,True
MA2402,MA,ok,85612,85612,True,0,True,True,True,True
MA2309,MA,ok,84081,84081,True,0,True,True,True,True
ME1203,ME,ok,217,217,True,0,True,True,True,True
MA2304,MA,ok,83518,83518,True,0,True,True,True,True
MA2305,MA,ok,83960,83960,True,0,True,True,True,True
MA2203,MA,ok,82882,82882,True,0,True,True,True,True
MA2401,MA,ok,83641,83641,True,0,True,True,True,True
MA2311,MA,ok,84081,84081,True,0,True,True,True,True
ME1208,ME,ok,13511,13511,True,0,True,True,True,True
ME1210,ME,ok,8581,8581,True,0,True,True,True,True
MA2308,MA,ok,83960,83960,True,0,True,True,True,True
MA2404,MA,ok,82560,82560,True,0,True,True,True,True
MA2606,MA,ok,28846,28846,True,0,True,True,True,True
MA2211,MA,ok,83960,83960,True,0,True,True,True,True
MA2407,MA,ok,83383,83383,True,0,True,True,True,True
MA2605,MA,ok,35356,35356,True,0,True,True,True,True
ME1303,ME,ok,4839,4839,True,0,True,True,True,True
MA2603,MA,ok,49772,49772,True,0,True,True,True,True
ME1204,ME,ok,8354,8354,True,0,True,True,True,True
MA2601,MA,ok,62215,62215,True,0,True,True,True,True
MA2209,MA,ok,83490,83490,True,0,True,True,True,True
MA2109,MA,ok,84430,84430,True,0,True,True,True,True
MA2412,MA,ok,82926,82926,True,0,True,True,True,True
ME1206,ME,ok,6665,6665,True,0,True,True,True,True
MA2202,MA,ok,83611,83611,True,0,True,True,True,True
MA2604,MA,ok,42564,42564,True,0,True,True,True,True
MA2512,MA,ok,69772,69772,True,0,True,True,True,True
MA2312,MA,ok,83943,83943,True,0,True,True,True,True
MA2406,MA,ok,83611,83611,True,0,True,True,True,True
MA2207,MA,ok,83610,83610,True,0,True,True,True,True
MA2310,MA,ok,83549,83549,True,0,True,True,True,True
ME1310,ME,ok,8036,8036,True,0,True,True,True,True
MA2504,MA,ok,83139,83139,True,0,True,True,True,True
MA2510,MA,ok,83383,83383,True,0,True,True,True,True
MA2506,MA,ok,82822,82822,True,0,True,True,True,True
ME1307,ME,ok,5097,5097,True,0,True,True,True,True
ME1212,ME,ok,11638,11638,True,0,True,True,True,True
MA2503,MA,ok,83262,83262,True,0,True,True,True,True
MA2507,MA,ok,83291,83291,True,0,True,True,True,True
MA2505,MA,ok,83611,83611,True,0,True,True,True,True
ME1211,ME,ok,5184,5184,True,0,True,True,True,True
ME1405,ME,ok,3666,3666,True,0,True,True,True,True
ME1301,ME,ok,2725,2725,True,0,True,True,True,True
ME1209,ME,ok,2535,2535,True,0,True,True,True,True
ME1309,ME,ok,5269,5269,True,0,True,True,True,True
ME1312,ME,ok,6402,6402,True,0,True,True,True,True
ME1305,ME,ok,3856,3856,True,0,True,True,True,True
ME1401,ME,ok,4806,4806,True,0,True,True,True,True
ME1402,ME,ok,8007,8007,True,0,True,True,True,True
MA2403,MA,ok,84081,84081,True,0,True,True,True,True
MA2602,MA,ok,56054,56054,True,0,True,True,True,True
ME1302,ME,ok,11462,11462,True,0,True,True,True,True
MA2306,MA,ok,84369,84369,True,0,True,True,True,True
ME1410,ME,ok,22144,22144,True,0,True,True,True,True
ME1207,ME,ok,5760,5760,True,0,True,True,True,True
MA2508,MA,ok,82881,82881,True,0,True,True,True,True
MA2302,MA,ok,82350,82350,True,0,True,True,True,True
MA2301,MA,ok,83520,83520,True,0,True,True,True,True
ME1306,ME,ok,7061,7061,True,0,True,True,True,True
MA2408,MA,ok,83746,83746,True,0,True,True,True,True
MA2509,MA,ok,82913,82913,True,0,True,True,True,True
MA2409,MA,ok,83732,83732,True,0,True,True,True,True
MA2511,MA,ok,77101,77101,True,0,True,True,True,True
ME1403,ME,ok,3820,3820,True,0,True,True,True,True
MA2307,MA,ok,83960,83960,True,0,True,True,True,True
ME1311,ME,ok,4644,4644,True,0,True,True,True,True
ME1406,ME,ok,17199,17199,True,0,True,True,True,True
OI1401,OI,ok,8510,8510,True,0,True,True,True,True
ME1304,ME,ok,7749,7749,True,0,True,True,True,True
ME1308,ME,ok,8001,8001,True,0,True,True,True,True
ME1411,ME,ok,24106,24106,True,0,True,True,True,True
ME1501,ME,ok,2518,2518,True,0,True,True,True,True
MA2405,MA,ok,83732,83732,True,0,True,True,True,True
OI1501,OI,ok,5031,5031,True,0,True,True,True,True
ME1408,ME,ok,20796,20796,True,0,True,True,True,True
MA2411,MA,ok,82578,82578,True,0,True,True,True,True
ME1404,ME,ok,9965,9965,True,0,True,True,True,True
ME1409,ME,ok,3329,3329,True,0,True,True,True,True
OI1309,OI,ok,15882,15882,True,0,True,True,True,True
OI1409,OI,ok,4484,4484,True,0,True,True,True,True
ME1412,ME,ok,26685,26685,True,0,True,True,True,True
ME1505,ME,ok,27058,27058,True,0,True,True,True,True
ME1504,ME,ok,25772,25772,True,0,True,True,True,True
MA2502,MA,ok,82077,82077,True,0,True,True,True,True
MA2501,MA,ok,83611,83611,True,0,True,True,True,True
OI1405,OI,ok,6277,6277,True,0,True,True,True,True
ME1502,ME,ok,22364,22364,True,0,True,True,True,True
ME1407,ME,ok,20211,20211,True,0,True,True,True,True
OI1411,OI,ok,45405,45405,True,0,True,True,True,True
OI1407,OI,ok,48275,48275,True,0,True,True,True,True
OI1503,OI,ok,50480,50480,True,0,True,True,True,True
ME1503,ME,ok,17271,17271,True,0,True,True,True,True
OI1505,OI,ok,22207,22207,True,0,True,True,True,True
OI1403,OI,ok,45330,45330,True,0,True,True,True,True
OI1307,OI,ok,40811,40811,True,0,True,True,True,True
OI1507,OI,ok,51498,51498,True,0,True,True,True,True
OI1601,OI,ok,72752,72752,True,0,True,True,True,True
OI1509,OI,ok,48875,48875,True,0,True,True,True,True
OI1611,OI,ok,82152,82152,True,0,True,True,True,True
OI2007,OI,ok,75970,75970,True,0,True,True,True,True
OI1703,OI,ok,83534,83534,True,0,True,True,True,True
OI1603,OI,ok,74575,74575,True,0,True,True,True,True
OI1607,OI,ok,82398,82398,True,0,True,True,True,True
OI1711,OI,ok,82320,82320,True,0,True,True,True,True
OI1805,OI,ok,84050,84050,True,0,True,True,True,True
OI1311,OI,ok,48031,48031,True,0,True,True,True,True
OI1605,OI,ok,82085,82085,True,0,True,True,True,True
OI1707,OI,ok,81319,81319,True,0,True,True,True,True
OI1811,OI,ok,81894,81894,True,0,True,True,True,True
MA2410,MA,ok,82867,82867,True,0,True,True,True,True
OI1903,OI,ok,81379,81379,True,0,True,True,True,True
OI1803,OI,ok,81771,81771,True,0,True,True,True,True
OI1909,OI,ok,83490,83490,True,0,True,True,True,True
OI2103,OI,ok,79738,79738,True,0,True,True,True,True
OI1511,OI,ok,63766,63766,True,0,True,True,True,True
OI1709,OI,ok,83838,83838,True,0,True,True,True,True
OI1907,OI,ok,81030,81030,True,0,True,True,True,True
OI1801,OI,ok,84309,84309,True,0,True,True,True,True
OI2203,OI,ok,83762,83762,True,0,True,True,True,True
OI2207,OI,ok,83321,83321,True,0,True,True,True,True
OI2307,OI,ok,83960,83960,True,0,True,True,True,True
OI2101,OI,ok,76700,76700,True,0,True,True,True,True
OI2003,OI,ok,79035,79035,True,0,True,True,True,True
OI2605,OI,ok,35356,35356,True,0,True,True,True,True
OI1705,OI,ok,83490,83490,True,0,True,True,True,True
OI1701,OI,ok,84309,84309,True,0,True,True,True,True
OI2111,OI,ok,83611,83611,True,0,True,True,True,True
OI1609,OI,ok,84658,84658,True,0,True,True,True,True
OI2011,OI,ok,76106,76106,True,0,True,True,True,True
OI1809,OI,ok,84779,84779,True,0,True,True,True,True
OI2511,OI,ok,77101,77101,True,0,True,True,True,True
OI2105,OI,ok,84020,84020,True,0,True,True,True,True
OI2603,OI,ok,49772,49772,True,0,True,True,True,True
OI1901,OI,ok,83960,83960,True,0,True,True,True,True
OI1911,OI,ok,81379,81379,True,0,True,True,True,True
OI2403,OI,ok,84081,84081,True,0,True,True,True,True
OI2009,OI,ok,76351,76351,True,0,True,True,True,True
OI2211,OI,ok,83960,83960,True,0,True,True,True,True
OI2109,OI,ok,84430,84430,True,0,True,True,True,True
OI2501,OI,ok,83611,83611,True,0,True,True,True,True
OI2601,OI,ok,62215,62215,True,0,True,True,True,True
OI1807,OI,ok,81621,81621,True,0,True,True,True,True
PF2106,PF,ok,57208,57208,True,0,True,True,True,True
OI2005,OI,ok,76654,76654,True,0,True,True,True,True
OI2209,OI,ok,83399,83399,True,0,True,True,True,True
OI2301,OI,ok,83550,83550,True,0,True,True,True,True
OI2107,OI,ok,84278,84278,True,0,True,True,True,True
OI2001,OI,ok,83032,83032,True,0,True,True,True,True
OI2505,OI,ok,83489,83489,True,0,True,True,True,True
OI2401,OI,ok,83732,83732,True,0,True,True,True,True
OI2303,OI,ok,83701,83701,True,0,True,True,True,True
OI2503,OI,ok,83261,83261,True,0,True,True,True,True
PF2109,PF,ok,79893,79893,True,0,True,True,True,True
OI1905,OI,ok,84597,84597,True,0,True,True,True,True
OI2305,OI,ok,83960,83960,True,0,True,True,True,True
OI2205,OI,ok,83186,83186,True,0,True,True,True,True
OI2311,OI,ok,84080,84080,True,0,True,True,True,True
OI2411,OI,ok,83611,83611,True,0,True,True,True,True
OI2201,OI,ok,83960,83960,True,0,True,True,True,True
PF2212,PF,ok,83883,83883,True,0,True,True,True,True
OI2409,OI,ok,83732,83732,True,0,True,True,True,True
PF2108,PF,ok,70894,70894,True,0,True,True,True,True
PF2202,PF,ok,81593,81593,True,0,True,True,True,True
OI2509,OI,ok,82913,82913,True,0,True,True,True,True
PF2107,PF,ok,64537,64537,True,0,True,True,True,True
OI2309,OI,ok,84081,84081,True,0,True,True,True,True
PF2301,PF,ok,83611,83611,True,0,True,True,True,True
OI2407,OI,ok,83321,83321,True,0,True,True,True,True
PF2209,PF,ok,82989,82989,True,0,True,True,True,True
PF2302,PF,ok,82563,82563,True,0,True,True,True,True
PF2205,PF,ok,83049,83049,True,0,True,True,True,True
PF2312,PF,ok,83868,83868,True,0,True,True,True,True
PF2206,PF,ok,83033,83033,True,0,True,True,True,True
PF2112,PF,ok,83931,83931,True,0,True,True,True,True
PF2306,PF,ok,83851,83851,True,0,True,True,True,True
PF2110,PF,ok,83610,83610,True,0,True,True,True,True
PF2203,PF,ok,83573,83573,True,0,True,True,True,True
PF2412,PF,ok,82942,82942,True,0,True,True,True,True
PF2304,PF,ok,83959,83959,True,0,True,True,True,True
PF2402,PF,ok,85825,85825,True,0,True,True,True,True
PF2405,PF,ok,83579,83579,True,0,True,True,True,True
OI2507,OI,ok,83334,83334,True,0,True,True,True,True
PF2403,PF,ok,83989,83989,True,0,True,True,True,True
OI2405,OI,ok,83732,83732,True,0,True,True,True,True
PF2211,PF,ok,83321,83321,True,0,True,True,True,True
PF2210,PF,ok,83261,83261,True,0,True,True,True,True
PF2504,PF,ok,83200,83200,True,0,True,True,True,True
PF2111,PF,ok,83005,83005,True,0,True,True,True,True
PF2305,PF,ok,83822,83822,True,0,True,True,True,True
PF2309,PF,ok,83548,83548,True,0,True,True,True,True
PF2507,PF,ok,83610,83610,True,0,True,True,True,True
PF2605,PF,ok,35356,35356,True,0,True,True,True,True
PF2201,PF,ok,83951,83951,True,0,True,True,True,True
PF2204,PF,ok,83657,83657,True,0,True,True,True,True
PK2111,PK,ok,42438,42438,True,0,True,True,True,True
PF2307,PF,ok,83959,83959,True,0,True,True,True,True
PF2602,PF,ok,56054,56054,True,0,True,True,True,True
PF2310,PF,ok,83731,83731,True,0,True,True,True,True
PF2311,PF,ok,83730,83730,True,0,True,True,True,True
PF2207,PF,ok,82698,82698,True,0,True,True,True,True
PF2303,PF,ok,83959,83959,True,0,True,True,True,True
PF2105,PF,ok,51047,51047,True,0,True,True,True,True
PF2409,PF,ok,83564,83564,True,0,True,True,True,True
PF2411,PF,ok,82758,82758,True,0,True,True,True,True
PF2404,PF,ok,83382,83382,True,0,True,True,True,True
PK2110,PK,ok,39216,39216,True,0,True,True,True,True
PF2606,PF,ok,28846,28846,True,0,True,True,True,True
PK2203,PK,ok,54892,54892,True,0,True,True,True,True
PF2505,PF,ok,83610,83610,True,0,True,True,True,True
PK2212,PK,ok,54765,54765,True,0,True,True,True,True
PF2506,PF,ok,82943,82943,True,0,True,True,True,True
PF2308,PF,ok,83731,83731,True,0,True,True,True,True
PF2604,PF,ok,42564,42564,True,0,True,True,True,True
PF2603,PF,ok,49772,49772,True,0,True,True,True,True
PF2208,PF,ok,83140,83140,True,0,True,True,True,True
PK2210,PK,ok,55404,55404,True,0,True,True,True,True
PK2605,PK,ok,23256,23256,True,0,True,True,True,True
PK2411,PK,ok,55115,55115,True,0,True,True,True,True
PM1305,PM,ok,43777,43777,True,0,True,True,True,True
PK2311,PK,ok,55404,55404,True,0,True,True,True,True
PF2508,PF,ok,83200,83200,True,0,True,True,True,True
PF2501,PF,ok,82866,82866,True,0,True,True,True,True
PF2410,PF,ok,83261,83261,True,0,True,True,True,True
PK2504,PK,ok,54887,54887,True,0,True,True,True,True
PK2303,PK,ok,54779,54779,True,0,True,True,True,True
PF2502,PF,ok,81622,81622,True,0,True,True,True,True
PK2112,PK,ok,47044,47044,True,0,True,True,True,True
PF2407,PF,ok,83382,83382,True,0,True,True,True,True
PF2406,PF,ok,83610,83610,True,0,True,True,True,True
PF2503,PF,ok,82912,82912,True,0,True,True,True,True
PM1307,PM,ok,36039,36039,True,0,True,True,True,True
PK2201,PK,ok,52789,52789,True,0,True,True,True,True
PK2401,PK,ok,55115,55115,True,0,True,True,True,True
PK2410,PK,ok,54826,54826,True,0,True,True,True,True
PF2511,PF,ok,77101,77101,True,0,True,True,True,True
PK2601,PK,ok,41040,41040,True,0,True,True,True,True
PK2204,PK,ok,55274,55274,True,0,True,True,True,True
PK2211,PK,ok,55009,55009,True,0,True,True,True,True
PM1403,PM,ok,42283,42283,True,0,True,True,True,True
PK2301,PK,ok,54370,54370,True,0,True,True,True,True
PM1509,PM,ok,43156,43156,True,0,True,True,True,True
PM1405,PM,ok,45188,45188,True,0,True,True,True,True
PM1301,PM,ok,26285,26285,True,0,True,True,True,True
PK2403,PK,ok,55343,55343,True,0,True,True,True,True
PF2401,PF,ok,82925,82925,True,0,True,True,True,True
PK2501,PK,ok,54993,54993,True,0,True,True,True,True
PF2509,PF,ok,82928,82928,True,0,True,True,True,True
PM1503,PM,ok,28932,28932,True,0,True,True,True,True
PK2512,PK,ok,46056,46056,True,0,True,True,True,True
PM1309,PM,ok,35877,35877,True,0,True,True,True,True
PF2601,PF,ok,62215,62215,True,0,True,True,True,True
PM1411,PM,ok,35794,35794,True,0,True,True,True,True
PF2512,PF,ok,69771,69771,True,0,True,True,True,True
PK2511,PK,ok,50844,50844,True,0,True,True,True,True
PM1409,PM,ok,43974,43974,True,0,True,True,True,True
PF2408,PF,ok,84080,84080,True,0,True,True,True,True
PM1303,PM,ok,39455,39455,True,0,True,True,True,True
PK2510,PK,ok,54948,54948,True,0,True,True,True,True
PK2603,PK,ok,32832,32832,True,0,True,True,True,True
PK2503,PK,ok,54111,54111,True,0,True,True,True,True
PK2604,PK,ok,28044,28044,True,0,True,True,True,True
PM1603,PM,ok,34665,34665,True,0,True,True,True,True
PK2404,PK,ok,54948,54948,True,0,True,True,True,True
PM1707,PM,ok,29104,29104,True,0,True,True,True,True
PM1311,PM,ok,40853,40853,True,0,True,True,True,True
PM1801,PM,ok,49070,49070,True,0,True,True,True,True
PM1501,PM,ok,36677,36677,True,0,True,True,True,True
PM1607,PM,ok,37154,37154,True,0,True,True,True,True
PM1609,PM,ok,34626,34626,True,0,True,True,True,True
PM2105,PM,ok,47138,47138,True,0,True,True,True,True
PM1701,PM,ok,35429,35429,True,0,True,True,True,True
PM1401,PM,ok,38062,38062,True,0,True,True,True,True
PM1505,PM,ok,40743,40743,True,0,True,True,True,True
PM2003,PM,ok,21933,21933,True,0,True,True,True,True
PM1605,PM,ok,48540,48540,True,0,True,True,True,True
PM1709,PM,ok,39462,39462,True,0,True,True,True,True
PM1611,PM,ok,43623,43623,True,0,True,True,True,True
PM1909,PM,ok,42071,42071,True,0,True,True,True,True
PM1407,PM,ok,43280,43280,True,0,True,True,True,True
PM1907,PM,ok,36218,36218,True,0,True,True,True,True
PM2009,PM,ok,32059,32059,True,0,True,True,True,True
PF2510,PF,ok,83322,83322,True,0,True,True,True,True
PK2304,PK,ok,55160,55160,True,0,True,True,True,True
PM2101,PM,ok,27078,27078,True,0,True,True,True,True
PM1705,PM,ok,44934,44934,True,0,True,True,True,True
PM1807,PM,ok,52327,52327,True,0,True,True,True,True
PM1703,PM,ok,50017,50017,True,0,True,True,True,True
PM1507,PM,ok,38024,38024,True,0,True,True,True,True
PK2310,PK,ok,55176,55176,True,0,True,True,True,True
PM1911,PM,ok,22342,22342,True,0,True,True,True,True
PM2311,PM,ok,21841,21841,True,0,True,True,True,True
PM2209,PM,ok,35506,35506,True,0,True,True,True,True
PK2412,PK,ok,54826,54826,True,0,True,True,True,True
PM2205,PM,ok,29994,29994,True,0,True,True,True,True
PM2103,PM,ok,38739,38739,True,0,True,True,True,True
PM1601,PM,ok,47722,47722,True,0,True,True,True,True
PM2401,PM,ok,21841,21841,True,0,True,True,True,True
PM1511,PM,ok,39484,39484,True,0,True,True,True,True
PM1811,PM,ok,51402,51402,True,0,True,True,True,True
PM1803,PM,ok,53491,53491,True,0,True,True,True,True
PM2603,PM,ok,13014,13014,True,0,True,True,True,True
PM2203,PM,ok,41457,41457,True,0,True,True,True,True
PK2505,PK,ok,52835,52835,True,0,True,True,True,True
PM2005,PM,ok,28937,28937,True,0,True,True,True,True
PM1905,PM,ok,41628,41628,True,0,True,True,True,True
PM2201,PM,ok,42140,42140,True,0,True,True,True,True
PM2111,PM,ok,40047,40047,True,0,True,True,True,True
PM2509,PM,ok,21841,21841,True,0,True,True,True,True
PK2312,PK,ok,55282,55282,True,0,True,True,True,True
PM2211,PM,ok,24994,24994,True,0,True,True,True,True
PM2501,PM,ok,21978,21978,True,0,True,True,True,True
PM1809,PM,ok,52282,52282,True,0,True,True,True,True
PM2505,PM,ok,21841,21841,True,0,True,True,True,True
PM2409,PM,ok,21932,21932,True,0,True,True,True,True
PM2107,PM,ok,46996,46996,True,0,True,True,True,True
PM2207,PM,ok,31658,31658,True,0,True,True,True,True
PM2601,PM,ok,16290,16290,True,0,True,True,True,True
PM2309,PM,ok,21841,21841,True,0,True,True,True,True
PM2001,PM,ok,30808,30808,True,0,True,True,True,True
PM2007,PM,ok,50415,50415,True,0,True,True,True,True
PM2503,PM,ok,21750,21750,True,0,True,True,True,True
PM2605,PM,ok,9192,9192,True,0,True,True,True,True
PM2307,PM,ok,21841,21841,True,0,True,True,True,True
PM2301,PM,ok,24538,24538,True,0,True,True,True,True
PM1903,PM,ok,47564,47564,True,0,True,True,True,True
PM2411,PM,ok,21932,21932,True,0,True,True,True,True
PM2109,PM,ok,49197,49197,True,0,True,True,True,True
PM2511,PM,ok,20203,20203,True,0,True,True,True,True
PM2303,PM,ok,21903,21903,True,0,True,True,True,True
PM1805,PM,ok,50416,50416,True,0,True,True,True,True
PR2503,PR,ok,43657,43657,True,0,True,True,True,True
PM2405,PM,ok,21932,21932,True,0,True,True,True,True
PR2601,PR,ok,62214,62214,True,0,True,True,True,True
PR2505,PR,ok,58012,58012,True,0,True,True,True,True
PR2602,PR,ok,56054,56054,True,0,True,True,True,True
PM2403,PM,ok,22099,22099,True,0,True,True,True,True
RI1405,RI,ok,11689,11689,True,0,True,True,True,True
PM2305,PM,ok,21841,21841,True,0,True,True,True,True
PR2603,PR,ok,49772,49772,True,0,True,True,True,True
PM1711,PM,ok,48690,48690,True,0,True,True,True,True
RI1309,RI,ok,18772,18772,True,0,True,True,True,True
PR2605,PR,ok,35356,35356,True,0,True,True,True,True
PM2407,PM,ok,21841,21841,True,0,True,True,True,True
PR2506,PR,ok,63642,63642,True,0,True,True,True,True
PM1901,PM,ok,49687,49687,True,0,True,True,True,True
PM2507,PM,ok,21932,21932,True,0,True,True,True,True
PR2604,PR,ok,42564,42564,True,0,True,True,True,True
RI1307,RI,ok,42861,42861,True,0,True,True,True,True
PX2406,PX,ok,60727,60727,True,0,True,True,True,True
PM2011,PM,ok,48050,48050,True,0,True,True,True,True
PR2508,PR,ok,78983,78983,True,0,True,True,True,True
PR2606,PR,ok,28846,28846,True,0,True,True,True,True
PX2604,PX,ok,42564,42564,True,0,True,True,True,True
PX2411,PX,ok,81284,81284,True,0,True,True,True,True
PR2512,PR,ok,69771,69771,True,0,True,True,True,True
RI1311,RI,ok,45205,45205,True,0,True,True,True,True
PR2507,PR,ok,71015,71015,True,0,True,True,True,True
PX2407,PX,ok,66612,66612,True,0,True,True,True,True
RI1401,RI,ok,12692,12692,True,0,True,True,True,True
PX2603,PX,ok,49772,49772,True,0,True,True,True,True
RI1403,RI,ok,48625,48625,True,0,True,True,True,True
PX2405,PX,ok,53746,53746,True,0,True,True,True,True
RI1501,RI,ok,23395,23395,True,0,True,True,True,True
RI1503,RI,ok,48754,48754,True,0,True,True,True,True
RI1607,RI,ok,24371,24371,True,0,True,True,True,True
RI1511,RI,ok,26944,26944,True,0,True,True,True,True
PR2510,PR,ok,82913,82913,True,0,True,True,True,True
PX2605,PX,ok,35356,35356,True,0,True,True,True,True
PX2510,PX,ok,83246,83246,True,0,True,True,True,True
RI1407,RI,ok,38603,38603,True,0,True,True,True,True
RI1409,RI,ok,20460,20460,True,0,True,True,True,True
PR2509,PR,ok,83140,83140,True,0,True,True,True,True
RI1611,RI,ok,24746,24746,True,0,True,True,True,True
PX2408,PX,ok,74563,74563,True,0,True,True,True,True
PR2504,PR,ok,49575,49575,True,0,True,True,True,True
RI1605,RI,ok,44040,44040,True,0,True,True,True,True
RI1609,RI,ok,43447,43447,True,0,True,True,True,True
PX2511,PX,ok,77101,77101,True,0,True,True,True,True
PX2505,PX,ok,82957,82957,True,0,True,True,True,True
RI1507,RI,ok,41438,41438,True,0,True,True,True,True
PX2502,PX,ok,80408,80408,True,0,True,True,True,True
PX2601,PX,ok,62215,62215,True,0,True,True,True,True
PX2409,PX,ok,82454,82454,True,0,True,True,True,True
PX2412,PX,ok,80931,80931,True,0,True,True,True,True
RI1603,RI,ok,33872,33872,True,0,True,True,True,True
RI1601,RI,ok,53274,53274,True,0,True,True,True,True
PX2503,PX,ok,82745,82745,True,0,True,True,True,True
RI1711,RI,ok,27612,27612,True,0,True,True,True,True
RI2111,RI,ok,22330,22330,True,0,True,True,True,True
RI1709,RI,ok,50098,50098,True,0,True,True,True,True
RI1411,RI,ok,52546,52546,True,0,True,True,True,True
PX2508,PX,ok,81787,81787,True,0,True,True,True,True
RI1807,RI,ok,43554,43554,True,0,True,True,True,True
PX2507,PX,ok,82638,82638,True,0,True,True,True,True
PX2504,PX,ok,81576,81576,True,0,True,True,True,True
RI1509,RI,ok,52756,52756,True,0,True,True,True,True
RI1701,RI,ok,39175,39175,True,0,True,True,True,True
RI2103,RI,ok,21978,21978,True,0,True,True,True,True
PX2410,PX,ok,81060,81060,True,0,True,True,True,True
RI1801,RI,ok,48613,48613,True,0,True,True,True,True
RI1705,RI,ok,36629,36629,True,0,True,True,True,True
RI1907,RI,ok,24157,24157,True,0,True,True,True,True
RI2105,RI,ok,21873,21873,True,0,True,True,True,True
PX2606,PX,ok,28846,28846,True,0,True,True,True,True
RI2001,RI,ok,23001,23001,True,0,True,True,True,True
RI1809,RI,ok,29679,29679,True,0,True,True,True,True
RI2107,RI,ok,22132,22132,True,0,True,True,True,True
RI1803,RI,ok,32282,32282,True,0,True,True,True,True
RI1901,RI,ok,27642,27642,True,0,True,True,True,True
RI1707,RI,ok,40028,40028,True,0,True,True,True,True
RI2403,RI,ok,22251,22251,True,0,True,True,True,True
RI2411,RI,ok,21932,21932,True,0,True,True,True,True
RI1505,RI,ok,38715,38715,True,0,True,True,True,True
RI2007,RI,ok,23465,23465,True,0,True,True,True,True
RM1309,RM,ok,1520,1520,True,0,True,True,True,True
RI2101,RI,ok,24583,24583,True,0,True,True,True,True
RI2307,RI,ok,21841,21841,True,0,True,True,True,True
RI2503,RI,ok,22054,22054,True,0,True,True,True,True
RI2311,RI,ok,22601,22601,True,0,True,True,True,True
RI1811,RI,ok,47635,47635,True,0,True,True,True,True
PX2512,PX,ok,69771,69771,True,0,True,True,True,True
RI2011,RI,ok,22708,22708,True,0,True,True,True,True
RI2009,RI,ok,41172,41172,True,0,True,True,True,True
RI1905,RI,ok,27347,27347,True,0,True,True,True,True
RI2209,RI,ok,28348,28348,True,0,True,True,True,True
RI1909,RI,ok,42136,42136,True,0,True,True,True,True
PX2501,PX,ok,83413,83413,True,0,True,True,True,True
RI2303,RI,ok,21872,21872,True,0,True,True,True,True
RI2409,RI,ok,21932,21932,True,0,True,True,True,True
RI1903,RI,ok,25561,25561,True,0,True,True,True,True
PR2511,PR,ok,77101,77101,True,0,True,True,True,True
RI2211,RI,ok,22298,22298,True,0,True,True,True,True
RI2005,RI,ok,36742,36742,True,0,True,True,True,True
RI2207,RI,ok,33937,33937,True,0,True,True,True,True
RI2407,RI,ok,21841,21841,True,0,True,True,True,True
RI2401,RI,ok,22130,22130,True,0,True,True,True,True
RI2601,RI,ok,16290,16290,True,0,True,True,True,True
RI2201,RI,ok,30945,30945,True,0,True,True,True,True
RM1403,RM,ok,18257,18257,True,0,True,True,True,True
RI2505,RI,ok,22464,22464,True,0,True,True,True,True
RI1805,RI,ok,35464,35464,True,0,True,True,True,True
RM1407,RM,ok,17675,17675,True,0,True,True,True,True
RI1703,RI,ok,34376,34376,True,0,True,True,True,True
RI1911,RI,ok,22255,22255,True,0,True,True,True,True
PX2506,PX,ok,82046,82046,True,0,True,True,True,True
RI2305,RI,ok,22047,22047,True,0,True,True,True,True
PX2509,PX,ok,81577,81577,True,0,True,True,True,True
RI2203,RI,ok,22024,22024,True,0,True,True,True,True
RI2301,RI,ok,22117,22117,True,0,True,True,True,True
RI2003,RI,ok,22330,22330,True,0,True,True,True,True
RI2205,RI,ok,22101,22101,True,0,True,True,True,True
RI2501,RI,ok,24045,24045,True,0,True,True,True,True
RM1405,RM,ok,2083,2083,True,0,True,True,True,True
PX2602,PX,ok,56054,56054,True,0,True,True,True,True
RI2605,RI,ok,9192,9192,True,0,True,True,True,True
RI2109,RI,ok,22115,22115,True,0,True,True,True,True
RM1408,RM,ok,20415,20415,True,0,True,True,True,True
RI2405,RI,ok,21932,21932,True,0,True,True,True,True
RI2507,RI,ok,22236,22236,True,0,True,True,True,True
RM1501,RM,ok,3414,3414,True,0,True,True,True,True
RM1409,RM,ok,1490,1490,True,0,True,True,True,True
RM1401,RM,ok,1885,1885,True,0,True,True,True,True
RM1307,RM,ok,14960,14960,True,0,True,True,True,True
RI2511,RI,ok,20279,20279,True,0,True,True,True,True
RI2509,RI,ok,21841,21841,True,0,True,True,True,True
RM1305,RM,ok,1991,1991,True,0,True,True,True,True
RM1311,RM,ok,5153,5153,True,0,True,True,True,True
RM1411,RM,ok,8360,8360,True,0,True,True,True,True
RI2309,RI,ok,23346,23346,True,0,True,True,True,True
RI2603,RI,ok,13014,13014,True,0,True,True,True,True
RM1508,RM,ok,59147,59147,True,0,True,True,True,True
RM1603,RM,ok,84355,84355,True,0,True,True,True,True
RM1308,RM,ok,17787,17787,True,0,True,True,True,True
RM1509,RM,ok,59665,59665,True,0,True,True,True,True
RM1608,RM,ok,82094,82094,True,0,True,True,True,True
RM1507,RM,ok,50846,50846,True,0,True,True,True,True
RM1505,RM,ok,30304,30304,True,0,True,True,True,True
RM1601,RM,ok,84188,84188,True,0,True,True,True,True
RM1503,RM,ok,25054,25054,True,0,True,True,True,True
RM1605,RM,ok,84476,84476,True,0,True,True,True,True
RM1708,RM,ok,81258,81258,True,0,True,True,True,True
RM1807,RM,ok,82106,82106,True,0,True,True,True,True
RM1811,RM,ok,81759,81759,True,0,True,True,True,True
RM1607,RM,ok,83580,83580,True,0,True,True,True,True
RM1801,RM,ok,84157,84157,True,0,True,True,True,True
RM1703,RM,ok,83885,83885,True,0,True,True,True,True
RM2007,RM,ok,75030,75030,True,0,True,True,True,True
RM1907,RM,ok,80894,80894,True,0,True,True,True,True
RM2009,RM,ok,76138,76138,True,0,True,True,True,True
RM1809,RM,ok,84779,84779,True,0,True,True,True,True
RM1611,RM,ok,81729,81729,True,0,True,True,True,True
RM2103,RM,ok,79449,79449,True,0,True,True,True,True
RM2003,RM,ok,79904,79904,True,0,True,True,True,True
RM1903,RM,ok,82973,82973,True,0,True,True,True,True
RM1803,RM,ok,83823,83823,True,0,True,True,True,True
RM2008,RM,ok,76457,76457,True,0,True,True,True,True
RM1808,RM,ok,83125,83125,True,0,True,True,True,True
RM2101,RM,ok,75714,75714,True,0,True,True,True,True
RM1609,RM,ok,84506,84506,True,0,True,True,True,True
RM1511,RM,ok,72261,72261,True,0,True,True,True,True
RM1701,RM,ok,84096,84096,True,0,True,True,True,True
RM1911,RM,ok,81866,81866,True,0,True,True,True,True
RM2105,RM,ok,84081,84081,True,0,True,True,True,True
RM1705,RM,ok,83369,83369,True,0,True,True,True,True
RM1707,RM,ok,81729,81729,True,0,True,True,True,True
RM2211,RM,ok,82244,82244,True,0,True,True,True,True
RM2001,RM,ok,84309,84309,True,0,True,True,True,True
RM2109,RM,ok,84430,84430,True,0,True,True,True,True
RM2207,RM,ok,82989,82989,True,0,True,True,True,True
RM1909,RM,ok,83246,83246,True,0,True,True,True,True
RM2005,RM,ok,76275,76275,True,0,True,True,True,True
RO1109,RO,ok,761,761,True,0,True,True,True,True
RM1905,RM,ok,84065,84065,True,0,True,True,True,True
RO1105,RO,ok,533,533,True,0,True,True,True,True
RM2108,RM,ok,83336,83336,True,0,True,True,True,True
RO1209,RO,ok,567,567,True,0,True,True,True,True
RO1101,RO,ok,1002,1002,True,0,True,True,True,True
RM1805,RM,ok,84430,84430,True,0,True,True,True,True
RO1301,RO,ok,1262,1262,True,0,True,True,True,True
RM2309,RM,ok,84020,84020,True,0,True,True,True,True
RO1205,RO,ok,701,701,True,0,True,True,True,True
RM2011,RM,ok,75242,75242,True,0,True,True,True,True
RM2111,RM,ok,83034,83034,True,0,True,True,True,True
RM2107,RM,ok,82881,82881,True,0,True,True,True,True
RO1201,RO,ok,603,603,True,0,True,True,True,True
RO1107,RO,ok,17097,17097,True,0,True,True,True,True
RM1709,RM,ok,83839,83839,True,0,True,True,True,True
RM2603,RM,ok,49772,49772,True,0,True,True,True,True
RM2307,RM,ok,83960,83960,True,0,True,True,True,True
RM1711,RM,ok,83854,83854,True,0,True,True,True,True
RM2407,RM,ok,83383,83383,True,0,True,True,True,True
RO1305,RO,ok,346,346,True,0,True,True,True,True
RO1207,RO,ok,30791,30791,True,0,True,True,True,True
RO1303,RO,ok,31338,31338,True,0,True,True,True,True
RO1111,RO,ok,28867,28867,True,0,True,True,True,True
RM1901,RM,ok,83838,83838,True,0,True,True,True,True
RM2408,RM,ok,84020,84020,True,0,True,True,True,True
RS1407,RS,ok,37816,37816,True,0,True,True,True,True
RS1309,RS,ok,6977,6977,True,0,True,True,True,True
RM2201,RM,ok,83793,83793,True,0,True,True,True,True
RM2303,RM,ok,83504,83504,True,0,True,True,True,True
RM2605,RM,ok,35356,35356,True,0,True,True,True,True
RO1211,RO,ok,29178,29178,True,0,True,True,True,True
RM2209,RM,ok,82913,82913,True,0,True,True,True,True
RM1908,RM,ok,80497,80497,True,0,True,True,True,True
RM2405,RM,ok,83732,83732,True,0,True,True,True,True
RS1308,RS,ok,25735,25735,True,0,True,True,True,True
RM2503,RM,ok,83262,83262,True,0,True,True,True,True
RM2509,RM,ok,83262,83262,True,0,True,True,True,True
RO1103,RO,ok,4710,4710,True,0,True,True,True,True
RM2205,RM,ok,83201,83201,True,0,True,True,True,True
RM2203,RM,ok,83778,83778,True,0,True,True,True,True
RM2507,RM,ok,83611,83611,True,0,True,True,True,True
RS1307,RS,ok,19698,19698,True,0,True,True,True,True
RS1509,RS,ok,49552,49552,True,0,True,True,True,True
RS1411,RS,ok,40959,40959,True,0,True,True,True,True
RS1408,RS,ok,30610,30610,True,0,True,True,True,True
RS1511,RS,ok,23387,23387,True,0,True,True,True,True
RM2311,RM,ok,83944,83944,True,0,True,True,True,True
RM2511,RM,ok,77101,77101,True,0,True,True,True,True
RM2208,RM,ok,82715,82715,True,0,True,True,True,True
RS1711,RS,ok,46688,46688,True,0,True,True,True,True
RS1409,RS,ok,24778,24778,True,0,True,True,True,True
RS1311,RS,ok,24685,24685,True,0,True,True,True,True
RM2409,RM,ok,83732,83732,True,0,True,True,True,True
RM2505,RM,ok,83611,83611,True,0,True,True,True,True
RM2301,RM,ok,83094,83094,True,0,True,True,True,True
RM2308,RM,ok,83959,83959,True,0,True,True,True,True
RM2403,RM,ok,84081,84081,True,0,True,True,True,True
RS1507,RS,ok,42984,42984,True,0,True,True,True,True
RS1708,RS,ok,44672,44672,True,0,True,True,True,True
RM2508,RM,ok,83490,83490,True,0,True,True,True,True
RS2111,RS,ok,51099,51099,True,0,True,True,True,True
RM2601,RM,ok,62215,62215,True,0,True,True,True,True
RO1203,RO,ok,34491,34491,True,0,True,True,True,True
RM2305,RM,ok,83960,83960,True,0,True,True,True,True
RS1909,RS,ok,53564,53564,True,0,True,True,True,True
RM2401,RM,ok,83732,83732,True,0,True,True,True,True
RS1808,RS,ok,50288,50288,True,0,True,True,True,True
RS1807,RS,ok,51627,51627,True,0,True,True,True,True
RS1809,RS,ok,50154,50154,True,0,True,True,True,True
RS1907,RS,ok,51182,51182,True,0,True,True,True,True
RS2011,RS,ok,48150,48150,True,0,True,True,True,True
RS2109,RS,ok,50128,50128,True,0,True,True,True,True
RS2108,RS,ok,50050,50050,True,0,True,True,True,True
RS1608,RS,ok,42564,42564,True,0,True,True,True,True
RS1508,RS,ok,30893,30893,True,0,True,True,True,True
RS1611,RS,ok,38590,38590,True,0,True,True,True,True
RS2311,RS,ok,53060,53060,True,0,True,True,True,True
RS2407,RS,ok,53837,53837,True,0,True,True,True,True
RM2411,RM,ok,83413,83413,True,0,True,True,True,True
RS2009,RS,ok,46430,46430,True,0,True,True,True,True
RS2008,RS,ok,50063,50063,True,0,True,True,True,True
RS1609,RS,ok,52815,52815,True,0,True,True,True,True
RS2308,RS,ok,51626,51626,True,0,True,True,True,True
RS2511,RS,ok,50844,50844,True,0,True,True,True,True
RS2409,RS,ok,53943,53943,True,0,True,True,True,True
RS2307,RS,ok,52165,52165,True,0,True,True,True,True
RS2209,RS,ok,53579,53579,True,0,True,True,True,True
RS1709,RS,ok,52305,52305,True,0,True,True,True,True
RS1707,RS,ok,51334,51334,True,0,True,True,True,True
RS2508,RS,ok,53545,53545,True,0,True,True,True,True
RS1908,RS,ok,48916,48916,True,0,True,True,True,True
SA2005,SA,ok,28977,28977,True,0,True,True,True,True
RS2211,RS,ok,53578,53578,True,0,True,True,True,True
RS1811,RS,ok,42420,42420,True,0,True,True,True,True
RS1911,RS,ok,53191,53191,True,0,True,True,True,True
RM2501,RM,ok,83611,83611,True,0,True,True,True,True
RS2411,RS,ok,54308,54308,True,0,True,True,True,True
SA2006,SA,ok,34151,34151,True,0,True,True,True,True
RS2007,RS,ok,47912,47912,True,0,True,True,True,True
RS1607,RS,ok,55007,55007,True,0,True,True,True,True
RS2309,RS,ok,53257,53257,True,0,True,True,True,True
SA2009,SA,ok,57793,57793,True,0,True,True,True,True
SA2007,SA,ok,41889,41889,True,0,True,True,True,True
RS2107,RS,ok,49837,49837,True,0,True,True,True,True
RS2207,RS,ok,52003,52003,True,0,True,True,True,True
SA2207,SA,ok,83611,83611,True,0,True,True,True,True
SA2008,SA,ok,50281,50281,True,0,True,True,True,True
RS2208,RS,ok,52635,52635,True,0,True,True,True,True
SA2010,SA,ok,65045,65045,True,0,True,True,True,True
SA2011,SA,ok,70142,70142,True,0,True,True,True,True
RS2507,RS,ok,54566,54566,True,0,True,True,True,True
SA2204,SA,ok,83960,83960,True,0,True,True,True,True
SA2012,SA,ok,75486,75486,True,0,True,True,True,True
RS2509,RS,ok,53730,53730,True,0,True,True,True,True
SA2201,SA,ok,83960,83960,True,0,True,True,True,True
SA2109,SA,ok,84430,84430,True,0,True,True,True,True
SA2104,SA,ok,82749,82749,True,0,True,True,True,True
SA2211,SA,ok,83762,83762,True,0,True,True,True,True
RS2408,RS,ok,54247,54247,True,0,True,True,True,True
SA2212,SA,ok,83960,83960,True,0,True,True,True,True
SA2107,SA,ok,84003,84003,True,0,True,True,True,True
SA2105,SA,ok,84081,84081,True,0,True,True,True,True
SA2202,SA,ok,83610,83610,True,0,True,True,True,True
SA2111,SA,ok,83611,83611,True,0,True,True,True,True
SA2102,SA,ok,78348,78348,True,0,True,True,True,True
SA2205,SA,ok,83262,83262,True,0,True,True,True,True
SA2112,SA,ok,83747,83747,True,0,True,True,True,True
SA2303,SA,ok,83959,83959,True,0,True,True,True,True
SA2405,SA,ok,83732,83732,True,0,True,True,True,True
SA2311,SA,ok,84081,84081,True,0,True,True,True,True
SA2310,SA,ok,83732,83732,True,0,True,True,True,True
SA2209,SA,ok,83490,83490,True,0,True,True,True,True
SA2110,SA,ok,83611,83611,True,0,True,True,True,True
SA2210,SA,ok,83959,83959,True,0,True,True,True,True
SA2307,SA,ok,83960,83960,True,0,True,True,True,True
SF1503,SF,ok,24235,24235,True,0,True,True,True,True
SA2309,SA,ok,84081,84081,True,0,True,True,True,True
SA2305,SA,ok,83960,83960,True,0,True,True,True,True
SA2308,SA,ok,83899,83899,True,0,True,True,True,True
SA2402,SA,ok,85826,85826,True,0,True,True,True,True
SA2606,SA,ok,28846,28846,True,0,True,True,True,True
SA2412,SA,ok,83262,83262,True,0,True,True,True,True
SA2206,SA,ok,83611,83611,True,0,True,True,True,True
SA2101,SA,ok,76622,76622,True,0,True,True,True,True
SA2304,SA,ok,83959,83959,True,0,True,True,True,True
SA2208,SA,ok,83262,83262,True,0,True,True,True,True
SF1510,SF,ok,26942,26942,True,0,True,True,True,True
SA2410,SA,ok,83262,83262,True,0,True,True,True,True
SF1501,SF,ok,4026,4026,True,0,True,True,True,True
SA2401,SA,ok,83732,83732,True,0,True,True,True,True
SA2403,SA,ok,84081,84081,True,0,True,True,True,True
SA2108,SA,ok,84080,84080,True,0,True,True,True,True
SA2605,SA,ok,35356,35356,True,0,True,True,True,True
SF1602,SF,ok,22009,22009,True,0,True,True,True,True
SA2407,SA,ok,83383,83383,True,0,True,True,True,True
SF1607,SF,ok,3372,3372,True,0,True,True,True,True
SF1507,SF,ok,32031,32031,True,0,True,True,True,True
SA2103,SA,ok,79433,79433,True,0,True,True,True,True
SA2504,SA,ok,83262,83262,True,0,True,True,True,True
SF1502,SF,ok,21928,21928,True,0,True,True,True,True
SA2406,SA,ok,83611,83611,True,0,True,True,True,True
SF1505,SF,ok,29762,29762,True,0,True,True,True,True
SA2306,SA,ok,84429,84429,True,0,True,True,True,True
SF1608,SF,ok,2841,2841,True,0,True,True,True,True
SA2106,SA,ok,83959,83959,True,0,True,True,True,True
SF1504,SF,ok,26450,26450,True,0,True,True,True,True
SA2409,SA,ok,83732,83732,True,0,True,True,True,True
SF1412,SF,ok,16766,16766,True,0,True,True,True,True
SA2301,SA,ok,83611,83611,True,0,True,True,True,True
SA2302,SA,ok,82563,82563,True,0,True,True,True,True
SA2411,SA,ok,83611,83611,True,0,True,True,True,True
SA2604,SA,ok,42564,42564,True,0,True,True,True,True
SA2505,SA,ok,83611,83611,True,0,True,True,True,True
SF1508,SF,ok,32802,32802,True,0,True,True,True,True
SA2404,SA,ok,83383,83383,True,0,True,True,True,True
SF1611,SF,ok,25998,25998,True,0,True,True,True,True
SA2203,SA,ok,83960,83960,True,0,True,True,True,True
SA2502,SA,ok,82215,82215,True,0,True,True,True,True
SF1512,SF,ok,21812,21812,True,0,True,True,True,True
SF1511,SF,ok,24218,24218,True,0,True,True,True,True
SF1506,SF,ok,30242,30242,True,0,True,True,True,True
SF1708,SF,ok,26805,26805,True,0,True,True,True,True
SA2503,SA,ok,83262,83262,True,0,True,True,True,True
SF1411,SF,ok,12008,12008,True,0,True,True,True,True
SA2312,SA,ok,84005,84005,True,0,True,True,True,True
SA2507,SA,ok,83611,83611,True,0,True,True,True,True
SA2508,SA,ok,83611,83611,True,0,True,True,True,True
SF1601,SF,ok,37645,37645,True,0,True,True,True,True
SF1612,SF,ok,24615,24615,True,0,True,True,True,True
SA2512,SA,ok,69772,69772,True,0,True,True,True,True
SA2602,SA,ok,56054,56054,True,0,True,True,True,True
SF1702,SF,ok,36365,36365,True,0,True,True,True,True
SA2408,SA,ok,84081,84081,True,0,True,True,True,True
SF1606,SF,ok,22282,22282,True,0,True,True,True,True
SF1605,SF,ok,40828,40828,True,0,True,True,True,True
SF1703,SF,ok,26563,26563,True,0,True,True,True,True
SF1706,SF,ok,46148,46148,True,0,True,True,True,True
SF1603,SF,ok,22236,22236,True,0,True,True,True,True
SA2603,SA,ok,49772,49772,True,0,True,True,True,True
SA2509,SA,ok,83262,83262,True,0,True,True,True,True
SF1806,SF,ok,38419,38419,True,0,True,True,True,True
SF1801,SF,ok,55438,55438,True,0,True,True,True,True
SA2501,SA,ok,83611,83611,True,0,True,True,True,True
SA2506,SA,ok,83262,83262,True,0,True,True,True,True
SF1710,SF,ok,34132,34132,True,0,True,True,True,True
SF1509,SF,ok,42290,42290,True,0,True,True,True,True
SF1807,SF,ok,33985,33985,True,0,True,True,True,True
SF1604,SF,ok,22084,22084,True,0,True,True,True,True
SF1707,SF,ok,25792,25792,True,0,True,True,True,True
SF1811,SF,ok,37712,37712,True,0,True,True,True,True
SF1704,SF,ok,25146,25146,True,0,True,True,True,True
SF1610,SF,ok,23595,23595,True,0,True,True,True,True
SF1802,SF,ok,51519,51519,True,0,True,True,True,True
SF1804,SF,ok,45016,45016,True,0,True,True,True,True
SF1712,SF,ok,24058,24058,True,0,True,True,True,True
SF1709,SF,ok,54170,54170,True,0,True,True,True,True
SF1609,SF,ok,47796,47796,True,0,True,True,True,True
SF1701,SF,ok,48750,48750,True,0,True,True,True,True
SF1910,SF,ok,51579,51579,True,0,True,True,True,True
SF1909,SF,ok,55175,55175,True,0,True,True,True,True
SA2601,SA,ok,62215,62215,True,0,True,True,True,True
SF1911,SF,ok,53197,53197,True,0,True,True,True,True
SF1711,SF,ok,25958,25958,True,0,True,True,True,True
SF1906,SF,ok,50397,50397,True,0,True,True,True,True
SF1705,SF,ok,51585,51585,True,0,True,True,True,True
SF1810,SF,ok,40087,40087,True,0,True,True,True,True
SF2009,SF,ok,55175,55175,True,0,True,True,True,True
SF1809,SF,ok,55859,55859,True,0,True,True,True,True
SF1901,SF,ok,55403,55403,True,0,True,True,True,True
SF1903,SF,ok,52043,52043,True,0,True,True,True,True
SF1803,SF,ok,36679,36679,True,0,True,True,True,True
SF1908,SF,ok,53578,53578,True,0,True,True,True,True
SF1902,SF,ok,51530,51530,True,0,True,True,True,True
SF2003,SF,ok,48975,48975,True,0,True,True,True,True
SF2010,SF,ok,55327,55327,True,0,True,True,True,True
SF1808,SF,ok,36063,36063,True,0,True,True,True,True
SF2004,SF,ok,50292,50292,True,0,True,True,True,True
SF1904,SF,ok,51706,51706,True,0,True,True,True,True
SF2008,SF,ok,51630,51630,True,0,True,True,True,True
SF2102,SF,ok,54820,54820,True,0,True,True,True,True
SA2511,SA,ok,77101,77101,True,0,True,True,True,True
SF1812,SF,ok,45316,45316,True,0,True,True,True,True
SF2109,SF,ok,55631,55631,True,0,True,True,True,True
SF1912,SF,ok,53744,53744,True,0,True,True,True,True
SF1805,SF,ok,55249,55249,True,0,True,True,True,True
SF2007,SF,ok,53778,53778,True,0,True,True,True,True
SF2107,SF,ok,55631,55631,True,0,True,True,True,True
SF2006,SF,ok,49184,49184,True,0,True,True,True,True
SF2112,SF,ok,55403,55403,True,0,True,True,True,True
SF2103,SF,ok,53958,53958,True,0,True,True,True,True
SF2111,SF,ok,55084,55084,True,0,True,True,True,True
SF2212,SF,ok,55313,55313,True,0,True,True,True,True
SF2002,SF,ok,49689,49689,True,0,True,True,True,True
SA2510,SA,ok,83383,83383,True,0,True,True,True,True
SF2012,SF,ok,55107,55107,True,0,True,True,True,True
SF2202,SF,ok,55175,55175,True,0,True,True,True,True
SF2110,SF,ok,54810,54810,True,0,True,True,True,True
SF1907,SF,ok,53532,53532,True,0,True,True,True,True
SF2203,SF,ok,55403,55403,True,0,True,True,True,True
SF2201,SF,ok,55403,55403,True,0,True,True,True,True
SF2105,SF,ok,55403,55403,True,0,True,True,True,True
SF2206,SF,ok,55175,55175,True,0,True,True,True,True
SF2106,SF,ok,55403,55403,True,0,True,True,True,True
SF1905,SF,ok,55768,55768,True,0,True,True,True,True
SF2204,SF,ok,55403,55403,True,0,True,True,True,True
SF2011,SF,ok,54659,54659,True,0,True,True,True,True
SF2001,SF,ok,55631,55631,True,0,True,True,True,True
SF2005,SF,ok,55631,55631,True,0,True,True,True,True
SF2210,SF,ok,55404,55404,True,0,True,True,True,True
SF2403,SF,ok,55404,55404,True,0,True,True,True,True
SF2303,SF,ok,55404,55404,True,0,True,True,True,True
SF2211,SF,ok,55343,55343,True,0,True,True,True,True
SF2207,SF,ok,55175,55175,True,0,True,True,True,True
SF2205,SF,ok,54947,54947,True,0,True,True,True,True
SF2208,SF,ok,54947,54947,True,0,True,True,True,True
SF2101,SF,ok,55083,55083,True,0,True,True,True,True
SF2312,SF,ok,55404,55404,True,0,True,True,True,True
SF2410,SF,ok,54947,54947,True,0,True,True,True,True
SF2401,SF,ok,55176,55176,True,0,True,True,True,True
SF2108,SF,ok,55403,55403,True,0,True,True,True,True
SF2310,SF,ok,55176,55176,True,0,True,True,True,True
SF2406,SF,ok,55176,55176,True,0,True,True,True,True
SF2506,SF,ok,54948,54948,True,0,True,True,True,True
SF2302,SF,ok,54492,54492,True,0,True,True,True,True
SF2306,SF,ok,55632,55632,True,0,True,True,True,True
SF2308,SF,ok,55404,55404,True,0,True,True,True,True
SF2311,SF,ok,55404,55404,True,0,True,True,True,True
SF2602,SF,ok,36936,36936,True,0,True,True,True,True
SF2404,SF,ok,54947,54947,True,0,True,True,True,True
SF2411,SF,ok,55175,55175,True,0,True,True,True,True
SF2209,SF,ok,55176,55176,True,0,True,True,True,True
SF2407,SF,ok,54948,54948,True,0,True,True,True,True
SF2606,SF,ok,18924,18924,True,0,True,True,True,True
SF2601,SF,ok,41040,41040,True,0,True,True,True,True
SF2603,SF,ok,32832,32832,True,0,True,True,True,True
SF2304,SF,ok,55403,55403,True,0,True,True,True,True
SF2405,SF,ok,55176,55176,True,0,True,True,True,True
SF2507,SF,ok,55176,55176,True,0,True,True,True,True
SF2104,SF,ok,54702,54702,True,0,True,True,True,True
SH2406,SH,ok,60316,60316,True,0,True,True,True,True
SF2408,SF,ok,55403,55403,True,0,True,True,True,True
SF2307,SF,ok,55404,55404,True,0,True,True,True,True
SF2402,SF,ok,56544,56544,True,0,True,True,True,True
SF2509,SF,ok,54947,54947,True,0,True,True,True,True
SF2503,SF,ok,54948,54948,True,0,True,True,True,True
SF2511,SF,ok,50616,50616,True,0,True,True,True,True
SH2503,SH,ok,82684,82684,True,0,True,True,True,True
SF2409,SF,ok,55176,55176,True,0,True,True,True,True
SF2412,SF,ok,54887,54887,True,0,True,True,True,True
SF2605,SF,ok,23256,23256,True,0,True,True,True,True
SF2604,SF,ok,28044,28044,True,0,True,True,True,True
SF2502,SF,ok,54263,54263,True,0,True,True,True,True
SH2411,SH,ok,82364,82364,True,0,True,True,True,True
SF2510,SF,ok,54947,54947,True,0,True,True,True,True
SF2501,SF,ok,55176,55176,True,0,True,True,True,True
SM1504,SM,ok,26330,26330,True,0,True,True,True,True
SM1412,SM,ok,14972,14972,True,0,True,True,True,True
SH2410,SH,ok,80939,80939,True,0,True,True,True,True
SF2305,SF,ok,55404,55404,True,0,True,True,True,True
SM1411,SM,ok,9165,9165,True,0,True,True,True,True
SF2505,SF,ok,55176,55176,True,0,True,True,True,True
SH2408,SH,ok,74852,74852,True,0,True,True,True,True
SM1608,SM,ok,23290,23290,True,0,True,True,True,True
SF2309,SF,ok,55404,55404,True,0,True,True,True,True
SH2606,SH,ok,28846,28846,True,0,True,True,True,True
SM1511,SM,ok,24127,24127,True,0,True,True,True,True
SF2512,SF,ok,46055,46055,True,0,True,True,True,True
SM1505,SM,ok,30247,30247,True,0,True,True,True,True
SM1501,SM,ok,5577,5577,True,0,True,True,True,True
SH2604,SH,ok,42564,42564,True,0,True,True,True,True
SM1603,SM,ok,22271,22271,True,0,True,True,True,True
SM1510,SM,ok,26973,26973,True,0,True,True,True,True
SM1610,SM,ok,23395,23395,True,0,True,True,True,True
SM1509,SM,ok,34193,34193,True,0,True,True,True,True
SH2407,SH,ok,66886,66886,True,0,True,True,True,True
SF2301,SF,ok,55176,55176,True,0,True,True,True,True
SF2504,SF,ok,54948,54948,True,0,True,True,True,True
SM1502,SM,ok,22644,22644,True,0,True,True,True,True
SM1508,SM,ok,32818,32818,True,0,True,True,True,True
SH2509,SH,ok,82685,82685,True,0,True,True,True,True
SH2505,SH,ok,82700,82700,True,0,True,True,True,True
SM1602,SM,ok,22071,22071,True,0,True,True,True,True
SH2603,SH,ok,49772,49772,True,0,True,True,True,True
SH2405,SH,ok,53944,53944,True,0,True,True,True,True
SH2501,SH,ok,83139,83139,True,0,True,True,True,True
SM1605,SM,ok,39370,39370,True,0,True,True,True,True
SM1503,SM,ok,24268,24268,True,0,True,True,True,True
SM1506,SM,ok,30364,30364,True,0,True,True,True,True
SF2508,SF,ok,54948,54948,True,0,True,True,True,True
SM1707,SM,ok,24285,24285,True,0,True,True,True,True
SM1507,SM,ok,32933,32933,True,0,True,True,True,True
SM1706,SM,ok,23472,23472,True,0,True,True,True,True
SH2412,SH,ok,82121,82121,True,0,True,True,True,True
SM1703,SM,ok,22390,22390,True,0,True,True,True,True
SM1804,SM,ok,34065,34065,True,0,True,True,True,True
SM1711,SM,ok,29037,29037,True,0,True,True,True,True
SH2508,SH,ok,82456,82456,True,0,True,True,True,True
SH2605,SH,ok,35356,35356,True,0,True,True,True,True
SH2510,SH,ok,82290,82290,True,0,True,True,True,True
SM1611,SM,ok,24542,24542,True,0,True,True,True,True
SM1607,SM,ok,24297,24297,True,0,True,True,True,True
SH2502,SH,ok,81501,81501,True,0,True,True,True,True
SM2002,SM,ok,49228,49228,True,0,True,True,True,True
SH2507,SH,ok,82578,82578,True,0,True,True,True,True
SM1701,SM,ok,48091,48091,True,0,True,True,True,True
SM1803,SM,ok,27749,27749,True,0,True,True,True,True
SM1609,SM,ok,49956,49956,True,0,True,True,True,True
SH2409,SH,ok,82804,82804,True,0,True,True,True,True
SM1812,SM,ok,41549,41549,True,0,True,True,True,True
SM1606,SM,ok,10860,10860,True,0,True,True,True,True
SM1911,SM,ok,51690,51690,True,0,True,True,True,True
SH2511,SH,ok,77101,77101,True,0,True,True,True,True
SM1708,SM,ok,28118,28118,True,0,True,True,True,True
SM1710,SM,ok,28475,28475,True,0,True,True,True,True
SM1612,SM,ok,32121,32121,True,0,True,True,True,True
SM2001,SM,ok,55509,55509,True,0,True,True,True,True
SM1807,SM,ok,30327,30327,True,0,True,True,True,True
SM2003,SM,ok,51068,51068,True,0,True,True,True,True
SM1512,SM,ok,21782,21782,True,0,True,True,True,True
SM1802,SM,ok,28124,28124,True,0,True,True,True,True
SM1910,SM,ok,51792,51792,True,0,True,True,True,True
SM1811,SM,ok,38657,38657,True,0,True,True,True,True
SM1704,SM,ok,23244,23244,True,0,True,True,True,True
SM1604,SM,ok,23378,23378,True,0,True,True,True,True
SM2004,SM,ok,50818,50818,True,0,True,True,True,True
SM1601,SM,ok,40401,40401,True,0,True,True,True,True
SM1801,SM,ok,55628,55628,True,0,True,True,True,True
SH2512,SH,ok,69772,69772,True,0,True,True,True,True
SM1705,SM,ok,49439,49439,True,0,True,True,True,True
SM1904,SM,ok,51966,51966,True,0,True,True,True,True
SH2506,SH,ok,81455,81455,True,0,True,True,True,True
SM1805,SM,ok,55251,55251,True,0,True,True,True,True
SM1702,SM,ok,22192,22192,True,0,True,True,True,True
SM1909,SM,ok,54536,54536,True,0,True,True,True,True
SM1712,SM,ok,40947,40947,True,0,True,True,True,True
SH2601,SH,ok,62215,62215,True,0,True,True,True,True
SM1808,SM,ok,37464,37464,True,0,True,True,True,True
SM1905,SM,ok,55555,55555,True,0,True,True,True,True
SM1709,SM,ok,55074,55074,True,0,True,True,True,True
SM1809,SM,ok,55509,55509,True,0,True,True,True,True
SH2504,SH,ok,82303,82303,True,0,True,True,True,True
SM1912,SM,ok,52421,52421,True,0,True,True,True,True
SM1806,SM,ok,30687,30687,True,0,True,True,True,True
SM2010,SM,ok,54901,54901,True,0,True,True,True,True
SM2007,SM,ok,54417,54417,True,0,True,True,True,True
SM2005,SM,ok,55631,55631,True,0,True,True,True,True
SH2602,SH,ok,56054,56054,True,0,True,True,True,True
SM1903,SM,ok,47114,47114,True,0,True,True,True,True
SM1907,SM,ok,52207,52207,True,0,True,True,True,True
SM1901,SM,ok,55403,55403,True,0,True,True,True,True
SM2006,SM,ok,50212,50212,True,0,True,True,True,True
SM1810,SM,ok,40072,40072,True,0,True,True,True,True
SM2009,SM,ok,55175,55175,True,0,True,True,True,True
SM1902,SM,ok,48819,48819,True,0,True,True,True,True
SM2108,SM,ok,55403,55403,True,0,True,True,True,True
SM1906,SM,ok,51399,51399,True,0,True,True,True,True
SM2107,SM,ok,55631,55631,True,0,True,True,True,True
SM2112,SM,ok,55403,55403,True,0,True,True,True,True
SM2012,SM,ok,55077,55077,True,0,True,True,True,True
SM2211,SM,ok,55252,55252,True,0,True,True,True,True
SM2309,SM,ok,55404,55404,True,0,True,True,True,True
SM2101,SM,ok,55403,55403,True,0,True,True,True,True
SM2303,SM,ok,55404,55404,True,0,True,True,True,True
SM2207,SM,ok,55175,55175,True,0,True,True,True,True
SM2208,SM,ok,54871,54871,True,0,True,True,True,True
SM1908,SM,ok,53486,53486,True,0,True,True,True,True
SM2307,SM,ok,55404,55404,True,0,True,True,True,True
SM2210,SM,ok,55404,55404,True,0,True,True,True,True
SM2205,SM,ok,54947,54947,True,0,True,True,True,True
SM2409,SM,ok,55176,55176,True,0,True,True,True,True
SM2206,SM,ok,55099,55099,True,0,True,True,True,True
SM2301,SM,ok,55176,55176,True,0,True,True,True,True
SM2401,SM,ok,55176,55176,True,0,True,True,True,True
SM2011,SM,ok,53243,53243,True,0,True,True,True,True
SM2202,SM,ok,55175,55175,True,0,True,True,True,True
SM2411,SM,ok,55176,55176,True,0,True,True,True,True
SM2311,SM,ok,55404,55404,True,0,True,True,True,True
SM2312,SM,ok,55404,55404,True,0,True,True,True,True
SM2502,SM,ok,54264,54264,True,0,True,True,True,True
SM2105,SM,ok,55403,55403,True,0,True,True,True,True
SM2406,SM,ok,55176,55176,True,0,True,True,True,True
SM2407,SM,ok,54948,54948,True,0,True,True,True,True
SM2104,SM,ok,55067,55067,True,0,True,True,True,True
SM2102,SM,ok,54500,54500,True,0,True,True,True,True
SM2405,SM,ok,55176,55176,True,0,True,True,True,True
SM2410,SM,ok,54948,54948,True,0,True,True,True,True
SR1105,SR,ok,4013,4013,True,0,True,True,True,True
SM2201,SM,ok,55403,55403,True,0,True,True,True,True
SM2404,SM,ok,54947,54947,True,0,True,True,True,True
SM2302,SM,ok,54492,54492,True,0,True,True,True,True
SM2106,SM,ok,55160,55160,True,0,True,True,True,True
SM2308,SM,ok,55404,55404,True,0,True,True,True,True
SM2212,SM,ok,55191,55191,True,0,True,True,True,True
SM2310,SM,ok,55115,55115,True,0,True,True,True,True
SM2008,SM,ok,51689,51689,True,0,True,True,True,True
SM2110,SM,ok,55175,55175,True,0,True,True,True,True
SM2111,SM,ok,55084,55084,True,0,True,True,True,True
SM2412,SM,ok,54948,54948,True,0,True,True,True,True
SM2209,SM,ok,55176,55176,True,0,True,True,True,True
SM2109,SM,ok,55631,55631,True,0,True,True,True,True
SM2103,SM,ok,53455,53455,True,0,True,True,True,True
SM2509,SM,ok,54948,54948,True,0,True,True,True,True
SR1109,SR,ok,2174,2174,True,0,True,True,True,True
SM2503,SM,ok,54948,54948,True,0,True,True,True,True
SM2403,SM,ok,55404,55404,True,0,True,True,True,True
SR1107,SR,ok,9941,9941,True,0,True,True,True,True
SM2304,SM,ok,55404,55404,True,0,True,True,True,True
SM2511,SM,ok,50843,50843,True,0,True,True,True,True
SM2512,SM,ok,46055,46055,True,0,True,True,True,True
SR1101,SR,ok,943,943,True,0,True,True,True,True
SM2306,SM,ok,55632,55632,True,0,True,True,True,True
SM2204,SM,ok,55403,55403,True,0,True,True,True,True
SM2203,SM,ok,55403,55403,True,0,True,True,True,True
SR1103,SR,ok,4196,4196,True,0,True,True,True,True
SR1111,SR,ok,14212,14212,True,0,True,True,True,True
SR1305,SR,ok,13133,13133,True,0,True,True,True,True
SM2505,SM,ok,55176,55176,True,0,True,True,True,True
SM2604,SM,ok,28044,28044,True,0,True,True,True,True
SM2603,SM,ok,32832,32832,True,0,True,True,True,True
SM2605,SM,ok,23256,23256,True,0,True,True,True,True
SM2305,SM,ok,55404,55404,True,0,True,True,True,True
SR1203,SR,ok,22451,22451,True,0,True,True,True,True
SM2408,SM,ok,55404,55404,True,0,True,True,True,True
SM2506,SM,ok,54948,54948,True,0,True,True,True,True
SM2504,SM,ok,54720,54720,True,0,True,True,True,True
SM2602,SM,ok,36936,36936,True,0,True,True,True,True
SM2501,SM,ok,55176,55176,True,0,True,True,True,True
SR1307,SR,ok,37960,37960,True,0,True,True,True,True
SR1311,SR,ok,36069,36069,True,0,True,True,True,True
SR1211,SR,ok,31482,31482,True,0,True,True,True,True
SR1501,SR,ok,11196,11196,True,0,True,True,True,True
SM2507,SM,ok,55176,55176,True,0,True,True,True,True
SR1201,SR,ok,3496,3496,True,0,True,True,True,True
SR1309,SR,ok,9651,9651,True,0,True,True,True,True
SM2601,SM,ok,41040,41040,True,0,True,True,True,True
SM2508,SM,ok,55176,55176,True,0,True,True,True,True
SM2606,SM,ok,18924,18924,True,0,True,True,True,True
SR1205,SR,ok,9728,9728,True,0,True,True,True,True
SR1401,SR,ok,11050,11050,True,0,True,True,True,True
SR1409,SR,ok,8040,8040,True,0,True,True,True,True
SR1403,SR,ok,47857,47857,True,0,True,True,True,True
SR1207,SR,ok,39009,39009,True,0,True,True,True,True
SM2510,SM,ok,54948,54948,True,0,True,True,True,True
SR1407,SR,ok,43071,43071,True,0,True,True,True,True
SR1503,SR,ok,62376,62376,True,0,True,True,True,True
SR1411,SR,ok,42746,42746,True,0,True,True,True,True
SR1301,SR,ok,11795,11795,True,0,True,True,True,True
SR1303,SR,ok,35099,35099,True,0,True,True,True,True
SR1405,SR,ok,8283,8283,True,0,True,True,True,True
SR1209,SR,ok,8953,8953,True,0,True,True,True,True
SR1509,SR,ok,64150,64150,True,0,True,True,True,True
SM2402,SM,ok,56544,56544,True,0,True,True,True,True
SR1505,SR,ok,37994,37994,True,0,True,True,True,True
SR1707,SR,ok,123961,123961,True,0,True,True,True,True
SR2003,SR,ok,80070,80070,True,0,True,True,True,True
SR1603,SR,ok,113909,113909,True,0,True,True,True,True
SR2005,SR,ok,76153,76153,True,0,True,True,True,True
SR2007,SR,ok,76366,76366,True,0,True,True,True,True
SR1911,SR,ok,82728,82728,True,0,True,True,True,True
SR1601,SR,ok,94245,94245,True,0,True,True,True,True
SR1507,SR,ok,79685,79685,True,0,True,True,True,True
SR2107,SR,ok,84429,84429,True,0,True,True,True,True
SR2001,SR,ok,83808,83808,True,0,True,True,True,True
SR1907,SR,ok,124141,124141,True,0,True,True,True,True
SR1703,SR,ok,124658,124658,True,0,True,True,True,True
SR2103,SR,ok,79859,79859,True,0,True,True,True,True
SR1511,SR,ok,99912,99912,True,0,True,True,True,True
SR1711,SR,ok,124550,124550,True,0,True,True,True,True
SR1809,SR,ok,128526,128526,True,0,True,True,True,True
SR1811,SR,ok,126812,126812,True,0,True,True,True,True
SR1709,SR,ok,128056,128056,True,0,True,True,True,True
SR2203,SR,ok,83959,83959,True,0,True,True,True,True
SR1611,SR,ok,126160,126160,True,0,True,True,True,True
SR1801,SR,ok,127130,127130,True,0,True,True,True,True
SR2403,SR,ok,84081,84081,True,0,True,True,True,True
SR2109,SR,ok,84430,84430,True,0,True,True,True,True
SR1607,SR,ok,123353,123353,True,0,True,True,True,True
SR2009,SR,ok,76351,76351,True,0,True,True,True,True
SR2111,SR,ok,83459,83459,True,0,True,True,True,True
SR1803,SR,ok,122804,122804,True,0,True,True,True,True
SR2411,SR,ok,83611,83611,True,0,True,True,True,True
SR2303,SR,ok,83959,83959,True,0,True,True,True,True
T1512,T,ok,41966,41966,True,0,True,True,True,True
SR2305,SR,ok,83960,83960,True,0,True,True,True,True
SR2011,SR,ok,76260,76260,True,0,True,True,True,True
T1606,T,ok,44451,44451,True,0,True,True,True,True
SR2405,SR,ok,83610,83610,True,0,True,True,True,True
SR1605,SR,ok,116300,116300,True,0,True,True,True,True
SR2307,SR,ok,83959,83959,True,0,True,True,True,True
SR2311,SR,ok,84080,84080,True,0,True,True,True,True
SR1609,SR,ok,128755,128755,True,0,True,True,True,True
SR1705,SR,ok,125933,125933,True,0,True,True,True,True
SR1909,SR,ok,127359,127359,True,0,True,True,True,True
T1712,T,ok,46396,46396,True,0,True,True,True,True
SR2211,SR,ok,83443,83443,True,0,True,True,True,True
SR2205,SR,ok,83262,83262,True,0,True,True,True,True
SR2105,SR,ok,84081,84081,True,0,True,True,True,True
T1609,T,ok,46161,46161,True,0,True,True,True,True
SR1807,SR,ok,124552,124552,True,0,True,True,True,True
SR2505,SR,ok,83352,83352,True,0,True,True,True,True
SR2209,SR,ok,83490,83490,True,0,True,True,True,True
SR1805,SR,ok,126054,126054,True,0,True,True,True,True
SR2207,SR,ok,83549,83549,True,0,True,True,True,True
SR2401,SR,ok,83732,83732,True,0,True,True,True,True
SR2511,SR,ok,77101,77101,True,0,True,True,True,True
SR1905,SR,ok,125902,125902,True,0,True,True,True,True
T1709,T,ok,46895,46895,True,0,True,True,True,True
SR2201,SR,ok,83960,83960,True,0,True,True,True,True
SR2101,SR,ok,76700,76700,True,0,True,True,True,True
T1703,T,ok,46242,46242,True,0,True,True,True,True
SR2409,SR,ok,83732,83732,True,0,True,True,True,True
SR2501,SR,ok,83611,83611,True,0,True,True,True,True
SR2309,SR,ok,84081,84081,True,0,True,True,True,True
T1906,T,ok,45353,45353,True,0,True,True,True,True
SR2605,SR,ok,35356,35356,True,0,True,True,True,True
SR2301,SR,ok,83611,83611,True,0,True,True,True,True
T1612,T,ok,46517,46517,True,0,True,True,True,True
T1912,T,ok,48437,48437,True,0,True,True,True,True
SR2603,SR,ok,49772,49772,True,0,True,True,True,True
T2003,T,ok,46638,46638,True,0,True,True,True,True
TA1101,TA,ok,760,760,True,0,True,True,True,True
T1803,T,ok,46910,46910,True,0,True,True,True,True
T2012,T,ok,46895,46895,True,0,True,True,True,True
TA1109,TA,ok,3192,3192,True,0,True,True,True,True
T2106,T,ok,45867,45867,True,0,True,True,True,True
SR1903,SR,ok,123882,123882,True,0,True,True,True,True
TA1103,TA,ok,5063,5063,True,0,True,True,True,True
TA1104,TA,ok,6508,6508,True,0,True,True,True,True
T2203,T,ok,46381,46381,True,0,True,True,True,True
T1706,T,ok,44733,44733,True,0,True,True,True,True
T1603,T,ok,51762,51762,True,0,True,True,True,True
TA1107,TA,ok,16435,16435,True,0,True,True,True,True
SR2407,SR,ok,83383,83383,True,0,True,True,True,True
T1809,T,ok,48312,48312,True,0,True,True,True,True
T2103,T,ok,46381,46381,True,0,True,True,True,True
T2509,T,ok,46895,46895,True,0,True,True,True,True
T1509,T,ok,30190,30190,True,0,True,True,True,True
T2303,T,ok,46895,46895,True,0,True,True,True,True
SR1901,SR,ok,127342,127342,True,0,True,True,True,True
T2212,T,ok,46895,46895,True,0,True,True,True,True
T2412,T,ok,47923,47923,True,0,True,True,True,True
T2009,T,ok,46638,46638,True,0,True,True,True,True
T2603,T,ok,21588,21588,True,0,True,True,True,True
T2109,T,ok,47152,47152,True,0,True,True,True,True
SR1701,SR,ok,127450,127450,True,0,True,True,True,True
SR2507,SR,ok,83611,83611,True,0,True,True,True,True
SR2503,SR,ok,82652,82652,True,0,True,True,True,True
T2306,T,ok,45867,45867,True,0,True,True,True,True
T2506,T,ok,45096,45096,True,0,True,True,True,True
TA1106,TA,ok,10261,10261,True,0,True,True,True,True
T2403,T,ok,46124,46124,True,0,True,True,True,True
SR2509,SR,ok,83262,83262,True,0,True,True,True,True
TA1105,TA,ok,1672,1672,True,0,True,True,True,True
T2409,T,ok,47923,47923,True,0,True,True,True,True
T2406,T,ok,46381,46381,True,0,True,True,True,True
T2503,T,ok,46381,46381,True,0,True,True,True,True
SR2601,SR,ok,62215,62215,True,0,True,True,True,True
TA1108,TA,ok,17193,17193,True,0,True,True,True,True
TA1201,TA,ok,5320,5320,True,0,True,True,True,True
T2206,T,ok,44975,44975,True,0,True,True,True,True
TA1102,TA,ok,4378,4378,True,0,True,True,True,True
TA1209,TA,ok,7205,7205,True,0,True,True,True,True
TA1204,TA,ok,33854,33854,True,0,True,True,True,True
T2209,T,ok,46895,46895,True,0,True,True,True,True
T2309,T,ok,46895,46895,True,0,True,True,True,True
TA1310,TA,ok,32121,32121,True,0,True,True,True,True
TA1205,TA,ok,8224,8224,True,0,True,True,True,True
TA1110,TA,ok,18775,18775,True,0,True,True,True,True
TA1304,TA,ok,35022,35022,True,0,True,True,True,True
T1909,T,ok,46895,46895,True,0,True,True,True,True
TA1409,TA,ok,5670,5670,True,0,True,True,True,True
TA1301,TA,ok,7524,7524,True,0,True,True,True,True
T1806,T,ok,45500,45500,True,0,True,True,True,True
TA1206,TA,ok,29539,29539,True,0,True,True,True,True
TA1401,TA,ok,4558,4558,True,0,True,True,True,True
T2512,T,ok,37008,37008,True,0,True,True,True,True
TA1305,TA,ok,6308,6308,True,0,True,True,True,True
T1903,T,ok,46124,46124,True,0,True,True,True,True
TA1309,TA,ok,6064,6064,True,0,True,True,True,True
T2112,T,ok,46895,46895,True,0,True,True,True,True
TA1405,TA,ok,5837,5837,True,0,True,True,True,True
T2006,T,ok,45610,45610,True,0,True,True,True,True
TA1306,TA,ok,32709,32709,True,0,True,True,True,True
TA1211,TA,ok,39539,39539,True,0,True,True,True,True
TA1308,TA,ok,33247,33247,True,0,True,True,True,True
TA1202,TA,ok,28002,28002,True,0,True,True,True,True
TA1504,TA,ok,54320,54320,True,0,True,True,True,True
TA1111,TA,ok,26969,26969,True,0,True,True,True,True
TA1208,TA,ok,34934,34934,True,0,True,True,True,True
TA1505,TA,ok,34668,34668,True,0,True,True,True,True
TA1207,TA,ok,34616,34616,True,0,True,True,True,True
TA1312,TA,ok,38840,38840,True,0,True,True,True,True
TA1307,TA,ok,39661,39661,True,0,True,True,True,True
TA1112,TA,ok,23366,23366,True,0,True,True,True,True
TA1302,TA,ok,33848,33848,True,0,True,True,True,True
T2312,T,ok,46895,46895,True,0,True,True,True,True
TA1503,TA,ok,52601,52601,True,0,True,True,True,True
T1812,T,ok,47666,47666,True,0,True,True,True,True
TA1501,TA,ok,6272,6272,True,0,True,True,True,True
TA1210,TA,ok,30541,30541,True,0,True,True,True,True
TA1311,TA,ok,42438,42438,True,0,True,True,True,True
TA1411,TA,ok,46681,46681,True,0,True,True,True,True
TA1408,TA,ok,43110,43110,True,0,True,True,True,True
TA1407,TA,ok,47061,47061,True,0,True,True,True,True
TA1212,TA,ok,34934,34934,True,0,True,True,True,True
TA1402,TA,ok,41103,41103,True,0,True,True,True,True
TA1502,TA,ok,49084,49084,True,0,True,True,True,True
TA1412,TA,ok,43779,43779,True,0,True,True,True,True
TA1507,TA,ok,67083,67083,True,0,True,True,True,True
TA1410,TA,ok,40695,40695,True,0,True,True,True,True
TA1203,TA,ok,30831,30831,True,0,True,True,True,True
TA1509,TA,ok,61431,61431,True,0,True,True,True,True
TA1403,TA,ok,47210,47210,True,0,True,True,True,True
TA1404,TA,ok,43780,43780,True,0,True,True,True,True
TA1605,TA,ok,84537,84537,True,0,True,True,True,True
TA1612,TA,ok,84597,84597,True,0,True,True,True,True
TA1803,TA,ok,84657,84657,True,0,True,True,True,True
TA1303,TA,ok,33125,33125,True,0,True,True,True,True
TA1703,TA,ok,84308,84308,True,0,True,True,True,True
TA1511,TA,ok,77493,77493,True,0,True,True,True,True
TA1702,TA,ok,83549,83549,True,0,True,True,True,True
TA1406,TA,ok,41695,41695,True,0,True,True,True,True
TA1610,TA,ok,84657,84657,True,0,True,True,True,True
TA1608,TA,ok,83717,83717,True,0,True,True,True,True
TA1506,TA,ok,58112,58112,True,0,True,True,True,True
TA1508,TA,ok,70307,70307,True,0,True,True,True,True
TA1705,TA,ok,83490,83490,True,0,True,True,True,True
TA1804,TA,ok,84308,84308,True,0,True,True,True,True
TA1711,TA,ok,84217,84217,True,0,True,True,True,True
TA1810,TA,ok,83579,83579,True,0,True,True,True,True
TA1902,TA,ok,81721,81721,True,0,True,True,True,True
TA1706,TA,ok,83140,83140,True,0,True,True,True,True
TA1601,TA,ok,83825,83825,True,0,True,True,True,True
TA1704,TA,ok,84308,84308,True,0,True,True,True,True
TA1806,TA,ok,84535,84535,True,0,True,True,True,True
TA1510,TA,ok,75861,75861,True,0,True,True,True,True
TA1512,TA,ok,81021,81021,True,0,True,True,True,True
TA1609,TA,ok,84658,84658,True,0,True,True,True,True
TA1604,TA,ok,84172,84172,True,0,True,True,True,True
TA2010,TA,ok,76957,76957,True,0,True,True,True,True
TA2002,TA,ok,80882,80882,True,0,True,True,True,True
TA1708,TA,ok,83838,83838,True,0,True,True,True,True
TA1908,TA,ok,83959,83959,True,0,True,True,True,True
TA1611,TA,ok,84308,84308,True,0,True,True,True,True
TA1707,TA,ok,83838,83838,True,0,True,True,True,True
TA1808,TA,ok,84550,84550,True,0,True,True,True,True
TA1603,TA,ok,84475,84475,True,0,True,True,True,True
TA1606,TA,ok,84642,84642,True,0,True,True,True,True
TA2006,TA,ok,74408,74408,True,0,True,True,True,True
TA1602,TA,ok,83844,83844,True,0,True,True,True,True
TA1710,TA,ok,83520,83520,True,0,True,True,True,True
TA1910,TA,ok,83459,83459,True,0,True,True,True,True
TA1904,TA,ok,81927,81927,True,0,True,True,True,True
TA1807,TA,ok,84429,84429,True,0,True,True,True,True
TA1906,TA,ok,83185,83185,True,0,True,True,True,True
TA1712,TA,ok,84657,84657,True,0,True,True,True,True
TA2012,TA,ok,76350,76350,True,0,True,True,True,True
TA1802,TA,ok,85310,85310,True,0,True,True,True,True
TA1607,TA,ok,84408,84408,True,0,True,True,True,True
TA1912,TA,ok,83610,83610,True,0,True,True,True,True
TA2003,TA,ok,80360,80360,True,0,True,True,True,True
TA1903,TA,ok,83959,83959,True,0,True,True,True,True
TA1809,TA,ok,84718,84718,True,0,True,True,True,True
TA2008,TA,ok,76487,76487,True,0,True,True,True,True
TA2005,TA,ok,76928,76928,True,0,True,True,True,True
TA2106,TA,ok,83959,83959,True,0,True,True,True,True
TA1812,TA,ok,84125,84125,True,0,True,True,True,True
TA1801,TA,ok,84309,84309,True,0,True,True,True,True
TA1905,TA,ok,84658,84658,True,0,True,True,True,True
TA2104,TA,ok,82521,82521,True,0,True,True,True,True
TA2101,TA,ok,76700,76700,True,0,True,True,True,True
TA1811,TA,ok,84308,84308,True,0,True,True,True,True
TA1805,TA,ok,84430,84430,True,0,True,True,True,True
TA2011,TA,ok,76350,76350,True,0,True,True,True,True
TA1901,TA,ok,83960,83960,True,0,True,True,True,True
TA1909,TA,ok,83490,83490,True,0,True,True,True,True
TA2009,TA,ok,76351,76351,True,0,True,True,True,True
TA2201,TA,ok,83960,83960,True,0,True,True,True,True
TA2103,TA,ok,79859,79859,True,0,True,True,True,True
TA2004,TA,ok,78106,78106,True,0,True,True,True,True
TA2212,TA,ok,83960,83960,True,0,True,True,True,True
TA2007,TA,ok,76579,76579,True,0,True,True,True,True
TA2109,TA,ok,84430,84430,True,0,True,True,True,True
TA2107,TA,ok,84429,84429,True,0,True,True,True,True
TA2202,TA,ok,83611,83611,True,0,True,True,True,True
TA2111,TA,ok,83611,83611,True,0,True,True,True,True
TA1701,TA,ok,84309,84309,True,0,True,True,True,True
TA2112,TA,ok,83960,83960,True,0,True,True,True,True
TA1709,TA,ok,83838,83838,True,0,True,True,True,True
TA2311,TA,ok,84081,84081,True,0,True,True,True,True
TA2001,TA,ok,84309,84309,True,0,True,True,True,True
TA2105,TA,ok,84081,84081,True,0,True,True,True,True
TA2403,TA,ok,84081,84081,True,0,True,True,True,True
TA2312,TA,ok,84081,84081,True,0,True,True,True,True
TC1401,TC,ok,80,80,True,0,True,True,True,True
TA2208,TA,ok,83262,83262,True,0,True,True,True,True
TA2102,TA,ok,79002,79002,True,0,True,True,True,True
TA2205,TA,ok,83262,83262,True,0,True,True,True,True
TA1911,TA,ok,83959,83959,True,0,True,True,True,True
TA2203,TA,ok,83959,83959,True,0,True,True,True,True
TA2404,TA,ok,83383,83383,True,0,True,True,True,True
TA2304,TA,ok,83960,83960,True,0,True,True,True,True
TC1404,TC,ok,13733,13733,True,0,True,True,True,True
TA2210,TA,ok,83960,83960,True,0,True,True,True,True
TA2306,TA,ok,84430,84430,True,0,True,True,True,True
TA2110,TA,ok,83611,83611,True,0,True,True,True,True
TA2301,TA,ok,83611,83611,True,0,True,True,True,True
TC1405,TC,ok,108,108,True,0,True,True,True,True
TA2305,TA,ok,83960,83960,True,0,True,True,True,True
TA2406,TA,ok,83610,83610,True,0,True,True,True,True
TC1312,TC,ok,3210,3210,True,0,True,True,True,True
TA2302,TA,ok,82563,82563,True,0,True,True,True,True
TA2412,TA,ok,83261,83261,True,0,True,True,True,True
TA2309,TA,ok,84081,84081,True,0,True,True,True,True
TA2308,TA,ok,83960,83960,True,0,True,True,True,True
TA2606,TA,ok,28846,28846,True,0,True,True,True,True
TA2402,TA,ok,85826,85826,True,0,True,True,True,True
TA2401,TA,ok,83732,83732,True,0,True,True,True,True
TA1907,TA,ok,83610,83610,True,0,True,True,True,True
TA2505,TA,ok,83611,83611,True,0,True,True,True,True
TC1409,TC,ok,259,259,True,0,True,True,True,True
TC1402,TC,ok,7868,7868,True,0,True,True,True,True
TC1410,TC,ok,21577,21577,True,0,True,True,True,True
TA2502,TA,ok,82215,82215,True,0,True,True,True,True
TA2310,TA,ok,83732,83732,True,0,True,True,True,True
TA2303,TA,ok,83960,83960,True,0,True,True,True,True
TA2407,TA,ok,83382,83382,True,0,True,True,True,True
TC1412,TC,ok,11286,11286,True,0,True,True,True,True
TA2108,TA,ok,84081,84081,True,0,True,True,True,True
TC1502,TC,ok,17236,17236,True,0,True,True,True,True
TA2601,TA,ok,62215,62215,True,0,True,True,True,True
TC1511,TC,ok,5611,5611,True,0,True,True,True,True
TA2605,TA,ok,35356,35356,True,0,True,True,True,True
TA2604,TA,ok,42564,42564,True,0,True,True,True,True
TC1403,TC,ok,12945,12945,True,0,True,True,True,True
TA2504,TA,ok,83262,83262,True,0,True,True,True,True
TC1506,TC,ok,11952,11952,True,0,True,True,True,True
TC1408,TC,ok,19063,19063,True,0,True,True,True,True
TC1501,TC,ok,1466,1466,True,0,True,True,True,True
TA2207,TA,ok,83610,83610,True,0,True,True,True,True
TA2507,TA,ok,83611,83611,True,0,True,True,True,True
TA2511,TA,ok,77101,77101,True,0,True,True,True,True
TA2603,TA,ok,49772,49772,True,0,True,True,True,True
TA2204,TA,ok,83960,83960,True,0,True,True,True,True
TC1407,TC,ok,18755,18755,True,0,True,True,True,True
TC1503,TC,ok,12651,12651,True,0,True,True,True,True
TC1507,TC,ok,8877,8877,True,0,True,True,True,True
TC1504,TC,ok,5711,5711,True,0,True,True,True,True
TC1505,TC,ok,17225,17225,True,0,True,True,True,True
TA2410,TA,ok,83261,83261,True,0,True,True,True,True
TA2307,TA,ok,83960,83960,True,0,True,True,True,True
TA2501,TA,ok,83611,83611,True,0,True,True,True,True
TA2512,TA,ok,69711,69711,True,0,True,True,True,True
TA2206,TA,ok,83611,83611,True,0,True,True,True,True
TA2602,TA,ok,56054,56054,True,0,True,True,True,True
TA2510,TA,ok,83383,83383,True,0,True,True,True,True
TF1403,TF,ok,31218,31218,True,0,True,True,True,True
TA2209,TA,ok,83490,83490,True,0,True,True,True,True
TC1604,TC,ok,4254,4254,True,0,True,True,True,True
TA2408,TA,ok,84081,84081,True,0,True,True,True,True
TC1406,TC,ok,13407,13407,True,0,True,True,True,True
TF1409,TF,ok,45129,45129,True,0,True,True,True,True
TF1606,TF,ok,45086,45086,True,0,True,True,True,True
TC1510,TC,ok,16792,16792,True,0,True,True,True,True
TC1603,TC,ok,9643,9643,True,0,True,True,True,True
TA2405,TA,ok,83732,83732,True,0,True,True,True,True
TC1602,TC,ok,24505,24505,True,0,True,True,True,True
TC1411,TC,ok,16841,16841,True,0,True,True,True,True
TF1609,TF,ok,45740,45740,True,0,True,True,True,True
TA2506,TA,ok,83261,83261,True,0,True,True,True,True
TC1509,TC,ok,38980,38980,True,0,True,True,True,True
TC1508,TC,ok,8747,8747,True,0,True,True,True,True
TC1512,TC,ok,16239,16239,True,0,True,True,True,True
TF1406,TF,ok,46895,46895,True,0,True,True,True,True
TA2509,TA,ok,83262,83262,True,0,True,True,True,True
TF1512,TF,ok,45489,45489,True,0,True,True,True,True
TA2411,TA,ok,83610,83610,True,0,True,True,True,True
TF1706,TF,ok,45096,45096,True,0,True,True,True,True
TA2503,TA,ok,83262,83262,True,0,True,True,True,True
TF1603,TF,ok,44990,44990,True,0,True,True,True,True
TA2508,TA,ok,83610,83610,True,0,True,True,True,True
TF1709,TF,ok,47152,47152,True,0,True,True,True,True
TA2409,TA,ok,83732,83732,True,0,True,True,True,True
TF1703,TF,ok,45849,45849,True,0,True,True,True,True
TF1906,TF,ok,45353,45353,True,0,True,True,True,True
TF1312,TF,ok,16055,16055,True,0,True,True,True,True
TF1509,TF,ok,46476,46476,True,0,True,True,True,True
TF2303,TF,ok,46895,46895,True,0,True,True,True,True
TF2012,TF,ok,46895,46895,True,0,True,True,True,True
TF2206,TF,ok,45096,45096,True,0,True,True,True,True
TF1812,TF,ok,46753,46753,True,0,True,True,True,True
TF2406,TF,ok,46381,46381,True,0,True,True,True,True
TF2603,TF,ok,21588,21588,True,0,True,True,True,True
TF1903,TF,ok,45642,45642,True,0,True,True,True,True
TF2112,TF,ok,46895,46895,True,0,True,True,True,True
TF2506,TF,ok,45096,45096,True,0,True,True,True,True
TF2106,TF,ok,45867,45867,True,0,True,True,True,True
TL2306,TL,ok,8345,8345,True,0,True,True,True,True
TF1806,TF,ok,45612,45612,True,0,True,True,True,True
TF1803,TF,ok,47152,47152,True,0,True,True,True,True
TF1506,TF,ok,45549,45549,True,0,True,True,True,True
TF1909,TF,ok,46782,46782,True,0,True,True,True,True
TL2309,TL,ok,24536,24536,True,0,True,True,True,True
TF1503,TF,ok,41128,41128,True,0,True,True,True,True
TA2211,TA,ok,83899,83899,True,0,True,True,True,True
TF2412,TF,ok,47923,47923,True,0,True,True,True,True
TC1601,TC,ok,58161,58161,True,0,True,True,True,True
TF2312,TF,ok,46895,46895,True,0,True,True,True,True
TF2109,TF,ok,47152,47152,True,0,True,True,True,True
TF2009,TF,ok,46638,46638,True,0,True,True,True,True
TF2409,TF,ok,47923,47923,True,0,True,True,True,True
TF2212,TF,ok,46895,46895,True,0,True,True,True,True
TF2103,TF,ok,46381,46381,True,0,True,True,True,True
TL2603,TL,ok,21588,21588,True,0,True,True,True,True
TS1812,TS,ok,18247,18247,True,0,True,True,True,True
TF2203,TF,ok,46381,46381,True,0,True,True,True,True
TF1412,TF,ok,45329,45329,True,0,True,True,True,True
TF2306,TF,ok,45867,45867,True,0,True,True,True,True
TF1912,TF,ok,48113,48113,True,0,True,True,True,True
TF2509,TF,ok,46895,46895,True,0,True,True,True,True
TL2406,TL,ok,46381,46381,True,0,True,True,True,True
TS2003,TS,ok,46638,46638,True,0,True,True,True,True
TS1903,TS,ok,33516,33516,True,0,True,True,True,True
TF2503,TF,ok,46381,46381,True,0,True,True,True,True
TF2309,TF,ok,46895,46895,True,0,True,True,True,True
TF1809,TF,ok,47923,47923,True,0,True,True,True,True
TL2506,TL,ok,45096,45096,True,0,True,True,True,True
TS2112,TS,ok,46895,46895,True,0,True,True,True,True
TF2512,TF,ok,37008,37008,True,0,True,True,True,True
TF2403,TF,ok,46124,46124,True,0,True,True,True,True
TL2412,TL,ok,47923,47923,True,0,True,True,True,True
TS2103,TS,ok,46381,46381,True,0,True,True,True,True
TS2009,TS,ok,46502,46502,True,0,True,True,True,True
TS2106,TS,ok,45867,45867,True,0,True,True,True,True
TS2203,TS,ok,46381,46381,True,0,True,True,True,True
TF2003,TF,ok,46517,46517,True,0,True,True,True,True
TS2403,TS,ok,46124,46124,True,0,True,True,True,True
TS2409,TS,ok,47923,47923,True,0,True,True,True,True
TF1712,TF,ok,46638,46638,True,0,True,True,True,True
TS2206,TS,ok,44975,44975,True,0,True,True,True,True
TS1909,TS,ok,46653,46653,True,0,True,True,True,True
TS2209,TS,ok,46895,46895,True,0,True,True,True,True
TS1906,TS,ok,50251,50251,True,0,True,True,True,True
UR2008,UR,ok,53942,53942,True,0,True,True,True,True
TS2306,TS,ok,45867,45867,True,0,True,True,True,True
TS2603,TS,ok,21588,21588,True,0,True,True,True,True
UR2011,UR,ok,54353,54353,True,0,True,True,True,True
UR2007,UR,ok,49748,49748,True,0,True,True,True,True
TF2006,TF,ok,45610,45610,True,0,True,True,True,True
TL2503,TL,ok,46381,46381,True,0,True,True,True,True
TS2006,TS,ok,45485,45485,True,0,True,True,True,True
TF1612,TF,ok,46910,46910,True,0,True,True,True,True
TS2303,TS,ok,46895,46895,True,0,True,True,True,True
TS2312,TS,ok,46895,46895,True,0,True,True,True,True
TL2509,TL,ok,46895,46895,True,0,True,True,True,True
TL2512,TL,ok,37008,37008,True,0,True,True,True,True
TS2509,TS,ok,46638,46638,True,0,True,True,True,True
TF2209,TF,ok,46895,46895,True,0,True,True,True,True
TS2503,TS,ok,46381,46381,True,0,True,True,True,True
TS2109,TS,ok,47152,47152,True,0,True,True,True,True
TS2012,TS,ok,46895,46895,True,0,True,True,True,True
TS2406,TS,ok,46381,46381,True,0,True,True,True,True
UR2004,UR,ok,36767,36767,True,0,True,True,True,True
UR2002,UR,ok,26888,26888,True,0,True,True,True,True
UR2003,UR,ok,31098,31098,True,0,True,True,True,True
TS1912,TS,ok,46410,46410,True,0,True,True,True,True
TS2212,TS,ok,46895,46895,True,0,True,True,True,True
UR2006,UR,ok,44776,44776,True,0,True,True,True,True
UR2010,UR,ok,54501,54501,True,0,True,True,True,True
UR2102,UR,ok,55174,55174,True,0,True,True,True,True
UR2009,UR,ok,55053,55053,True,0,True,True,True,True
UR2106,UR,ok,53944,53944,True,0,True,True,True,True
UR2108,UR,ok,54506,54506,True,0,True,True,True,True
UR2109,UR,ok,55631,55631,True,0,True,True,True,True
TL2409,TL,ok,47923,47923,True,0,True,True,True,True
UR2101,UR,ok,55251,55251,True,0,True,True,True,True
TS2309,TS,ok,46895,46895,True,0,True,True,True,True
TL2312,TL,ok,39699,39699,True,0,True,True,True,True
UR2112,UR,ok,55190,55190,True,0,True,True,True,True
UR2203,UR,ok,55342,55342,True,0,True,True,True,True
UR2111,UR,ok,54081,54081,True,0,True,True,True,True
UR2001,UR,ok,23681,23681,True,0,True,True,True,True
UR2205,UR,ok,54886,54886,True,0,True,True,True,True
TS2512,TS,ok,37008,37008,True,0,True,True,True,True
UR2210,UR,ok,55404,55404,True,0,True,True,True,True
UR2012,UR,ok,54034,54034,True,0,True,True,True,True
TS2506,TS,ok,45096,45096,True,0,True,True,True,True
UR2304,UR,ok,55343,55343,True,0,True,True,True,True
UR2301,UR,ok,55176,55176,True,0,True,True,True,True
UR2207,UR,ok,54780,54780,True,0,True,True,True,True
UR2103,UR,ok,54141,54141,True,0,True,True,True,True
TS2412,TS,ok,47923,47923,True,0,True,True,True,True
UR2201,UR,ok,55403,55403,True,0,True,True,True,True
UR2107,UR,ok,55631,55631,True,0,True,True,True,True
TL2403,TL,ok,46124,46124,True,0,True,True,True,True
UR2307,UR,ok,55404,55404,True,0,True,True,True,True
UR2202,UR,ok,54180,54180,True,0,True,True,True,True
UR2209,UR,ok,55176,55176,True,0,True,True,True,True
UR2303,UR,ok,55160,55160,True,0,True,True,True,True
UR2306,UR,ok,55632,55632,True,0,True,True,True,True
UR2005,UR,ok,42256,42256,True,0,True,True,True,True
UR2105,UR,ok,55403,55403,True,0,True,True,True,True
UR2308,UR,ok,55404,55404,True,0,True,True,True,True
UR2208,UR,ok,54552,54552,True,0,True,True,True,True
UR2104,UR,ok,53957,53957,True,0,True,True,True,True
UR2407,UR,ok,54948,54948,True,0,True,True,True,True
UR2204,UR,ok,54977,54977,True,0,True,True,True,True
UR2402,UR,ok,56544,56544,True,0,True,True,True,True
UR2412,UR,ok,54948,54948,True,0,True,True,True,True
UR2405,UR,ok,55176,55176,True,0,True,True,True,True
WH1309,WH,ok,11157,11157,True,0,True,True,True,True
UR2310,UR,ok,55176,55176,True,0,True,True,True,True
UR2305,UR,ok,55343,55343,True,0,True,True,True,True
UR2404,UR,ok,54948,54948,True,0,True,True,True,True
WH1307,WH,ok,30099,30099,True,0,True,True,True,True
UR2110,UR,ok,54126,54126,True,0,True,True,True,True
UR2206,UR,ok,54445,54445,True,0,True,True,True,True
WH1405,WH,ok,7888,7888,True,0,True,True,True,True
UR2411,UR,ok,55176,55176,True,0,True,True,True,True
WH1401,WH,ok,7522,7522,True,0,True,True,True,True
UR2302,UR,ok,54340,54340,True,0,True,True,True,True
UR2312,UR,ok,55404,55404,True,0,True,True,True,True
UR2601,UR,ok,41040,41040,True,0,True,True,True,True
UR2212,UR,ok,54857,54857,True,0,True,True,True,True
UR2603,UR,ok,32832,32832,True,0,True,True,True,True
WH1409,WH,ok,12236,12236,True,0,True,True,True,True
UR2403,UR,ok,55404,55404,True,0,True,True,True,True
UR2511,UR,ok,50844,50844,True,0,True,True,True,True
UR2507,UR,ok,54948,54948,True,0,True,True,True,True
UR2512,UR,ok,46056,46056,True,0,True,True,True,True
UR2506,UR,ok,54948,54948,True,0,True,True,True,True
UR2605,UR,ok,23256,23256,True,0,True,True,True,True
UR2311,UR,ok,55404,55404,True,0,True,True,True,True
UR2408,UR,ok,55404,55404,True,0,True,True,True,True
UR2604,UR,ok,28044,28044,True,0,True,True,True,True
UR2508,UR,ok,54948,54948,True,0,True,True,True,True
UR2401,UR,ok,55176,55176,True,0,True,True,True,True
UR2509,UR,ok,54948,54948,True,0,True,True,True,True
WH1407,WH,ok,47395,47395,True,0,True,True,True,True
UR2409,UR,ok,55176,55176,True,0,True,True,True,True
WH1603,WH,ok,53484,53484,True,0,True,True,True,True
UR2501,UR,ok,54948,54948,True,0,True,True,True,True
WH1605,WH,ok,55539,55539,True,0,True,True,True,True
WH1311,WH,ok,35905,35905,True,0,True,True,True,True
UR2503,UR,ok,54720,54720,True,0,True,True,True,True
WH1501,WH,ok,13498,13498,True,0,True,True,True,True
WH1509,WH,ok,50448,50448,True,0,True,True,True,True
WH1403,WH,ok,47501,47501,True,0,True,True,True,True
WH1601,WH,ok,54688,54688,True,0,True,True,True,True
WH1503,WH,ok,49867,49867,True,0,True,True,True,True
UR2406,UR,ok,55176,55176,True,0,True,True,True,True
UR2309,UR,ok,55404,55404,True,0,True,True,True,True
UR2410,UR,ok,54948,54948,True,0,True,True,True,True
UR2602,UR,ok,36936,36936,True,0,True,True,True,True
UR2211,UR,ok,55343,55343,True,0,True,True,True,True
WH1505,WH,ok,35539,35539,True,0,True,True,True,True
UR2502,UR,ok,54036,54036,True,0,True,True,True,True
WH1507,WH,ok,51600,51600,True,0,True,True,True,True
WH1609,WH,ok,55311,55311,True,0,True,True,True,True
WH1803,WH,ok,49336,49336,True,0,True,True,True,True
WH2203,WH,ok,28613,28613,True,0,True,True,True,True
WH1905,WH,ok,54550,54550,True,0,True,True,True,True
WH1703,WH,ok,51260,51260,True,0,True,True,True,True
WH2103,WH,ok,37974,37974,True,0,True,True,True,True
WH2403,WH,ok,22084,22084,True,0,True,True,True,True
WH1807,WH,ok,42578,42578,True,0,True,True,True,True
WH1901,WH,ok,54064,54064,True,0,True,True,True,True
WH2007,WH,ok,37911,37911,True,0,True,True,True,True
WH2109,WH,ok,53379,53379,True,0,True,True,True,True
WH2003,WH,ok,39308,39308,True,0,True,True,True,True
WH2001,WH,ok,54779,54779,True,0,True,True,True,True
WH2107,WH,ok,46635,46635,True,0,True,True,True,True
WH1607,WH,ok,53118,53118,True,0,True,True,True,True
WH1805,WH,ok,54749,54749,True,0,True,True,True,True
WS1103,WS,ok,1446,1446,True,0,True,True,True,True
WH2307,WH,ok,22480,22480,True,0,True,True,True,True
WH1903,WH,ok,51646,51646,True,0,True,True,True,True
WH1707,WH,ok,52853,52853,True,0,True,True,True,True
WH1611,WH,ok,50654,50654,True,0,True,True,True,True
WH1411,WH,ok,49964,49964,True,0,True,True,True,True
WH2211,WH,ok,31945,31945,True,0,True,True,True,True
WH2401,WH,ok,21902,21902,True,0,True,True,True,True
WS1101,WS,ok,827,827,True,0,True,True,True,True
WH1909,WH,ok,54095,54095,True,0,True,True,True,True
WS1107,WS,ok,1883,1883,True,0,True,True,True,True
WH2409,WH,ok,21932,21932,True,0,True,True,True,True
WH2101,WH,ok,52234,52234,True,0,True,True,True,True
WH2011,WH,ok,42247,42247,True,0,True,True,True,True
WH2405,WH,ok,21932,21932,True,0,True,True,True,True
WH1709,WH,ok,54184,54184,True,0,True,True,True,True
UR2510,UR,ok,54948,54948,True,0,True,True,True,True
WH2005,WH,ok,52160,52160,True,0,True,True,True,True
WH2111,WH,ok,42954,42954,True,0,True,True,True,True
UR2606,UR,ok,18924,18924,True,0,True,True,True,True
WS1105,WS,ok,364,364,True,0,True,True,True,True
WH1911,WH,ok,33742,33742,True,0,True,True,True,True
WH1511,WH,ok,52301,52301,True,0,True,True,True,True
UR2504,UR,ok,54948,54948,True,0,True,True,True,True
WT1101,WT,ok,168,168,True,0,True,True,True,True
WH2205,WH,ok,52178,52178,True,0,True,True,True,True
WH2009,WH,ok,48247,48247,True,0,True,True,True,True
WH2407,WH,ok,21917,21917,True,0,True,True,True,True
WH1809,WH,ok,54567,54567,True,0,True,True,True,True
WH2505,WH,ok,22069,22069,True,0,True,True,True,True
WS1109,WS,ok,789,789,True,0,True,True,True,True
WS1201,WS,ok,461,461,True,0,True,True,True,True
WH2605,WH,ok,9192,9192,True,0,True,True,True,True
WH2507,WH,ok,21932,21932,True,0,True,True,True,True
WH2509,WH,ok,21902,21902,True,0,True,True,True,True
WH1811,WH,ok,44376,44376,True,0,True,True,True,True
WT1109,WT,ok,952,952,True,0,True,True,True,True
UR2505,UR,ok,55176,55176,True,0,True,True,True,True
WT1103,WT,ok,1848,1848,True,0,True,True,True,True
WT1205,WT,ok,1567,1567,True,0,True,True,True,True
WT1209,WT,ok,1076,1076,True,0,True,True,True,True
WS1305,WS,ok,1820,1820,True,0,True,True,True,True
WS1205,WS,ok,617,617,True,0,True,True,True,True
WH2309,WH,ok,22846,22846,True,0,True,True,True,True
WS1111,WS,ok,4767,4767,True,0,True,True,True,True
WT1203,WT,ok,9453,9453,True,0,True,True,True,True
WS1209,WS,ok,976,976,True,0,True,True,True,True
WH2601,WH,ok,16290,16290,True,0,True,True,True,True
WH2311,WH,ok,22480,22480,True,0,True,True,True,True
WH2105,WH,ok,53318,53318,True,0,True,True,True,True
WH2301,WH,ok,27666,27666,True,0,True,True,True,True
WH2305,WH,ok,27642,27642,True,0,True,True,True,True
WH2303,WH,ok,43467,43467,True,0,True,True,True,True
WH1907,WH,ok,44779,44779,True,0,True,True,True,True
WH2209,WH,ok,40970,40970,True,0,True,True,True,True
WH2603,WH,ok,13090,13090,True,0,True,True,True,True
WT1207,WT,ok,13957,13957,True,0,True,True,True,True
WH2201,WH,ok,44355,44355,True,0,True,True,True,True
WH1705,WH,ok,54414,54414,True,0,True,True,True,True
WH1701,WH,ok,54992,54992,True,0,True,True,True,True
WT1105,WT,ok,907,907,True,0,True,True,True,True
WT1201,WT,ok,1875,1875,True,0,True,True,True,True
WH2411,WH,ok,21932,21932,True,0,True,True,True,True
WS1301,WS,ok,2617,2617,True,0,True,True,True,True
WH1711,WH,ok,46456,46456,True,0,True,True,True,True
WT1211,WT,ok,13367,13367,True,0,True,True,True,True
WS1203,WS,ok,22714,22714,True,0,True,True,True,True
WH2511,WH,ok,20279,20279,True,0,True,True,True,True
WH2207,WH,ok,30274,30274,True,0,True,True,True,True
WS1207,WS,ok,5149,5149,True,0,True,True,True,True
WT1111,WT,ok,4449,4449,True,0,True,True,True,True
WS1303,WS,ok,27477,27477,True,0,True,True,True,True
WS1211,WS,ok,24277,24277,True,0,True,True,True,True
WH1801,WH,ok,55418,55418,True,0,True,True,True,True
WH2501,WH,ok,21917,21917,True,0,True,True,True,True
ZC1606,ZC,ok,80538,80538,True,0,True,True,True,True
WH2503,WH,ok,21841,21841,True,0,True,True,True,True
WT1107,WT,ok,2906,2906,True,0,True,True,True,True
ZC1707,ZC,ok,82487,82487,True,0,True,True,True,True
ZC1612,ZC,ok,82422,82422,True,0,True,True,True,True
ZC1810,ZC,ok,82971,82971,True,0,True,True,True,True
ZC1608,ZC,ok,82412,82412,True,0,True,True,True,True
ZC1706,ZC,ok,81561,81561,True,0,True,True,True,True
ZC1607,ZC,ok,81606,81606,True,0,True,True,True,True
ZC1808,ZC,ok,83974,83974,True,0,True,True,True,True
ZC1802,ZC,ok,83408,83408,True,0,True,True,True,True
ZC1804,ZC,ok,82533,82533,True,0,True,True,True,True
ZC1610,ZC,ok,82712,82712,True,0,True,True,True,True
ZC1703,ZC,ok,81717,81717,True,0,True,True,True,True
ZC1609,ZC,ok,84567,84567,True,0,True,True,True,True
ZC1801,ZC,ok,84309,84309,True,0,True,True,True,True
ZC1910,ZC,ok,81818,81818,True,0,True,True,True,True
ZC1705,ZC,ok,83368,83368,True,0,True,True,True,True
ZC1806,ZC,ok,83821,83821,True,0,True,True,True,True
ZC1803,ZC,ok,84249,84249,True,0,True,True,True,True
ZC2007,ZC,ok,76518,76518,True,0,True,True,True,True
ZC1812,ZC,ok,82858,82858,True,0,True,True,True,True
ZC1702,ZC,ok,81201,81201,True,0,True,True,True,True
ZC1903,ZC,ok,83611,83611,True,0,True,True,True,True
ZC1911,ZC,ok,83808,83808,True,0,True,True,True,True
ZC1807,ZC,ok,83803,83803,True,0,True,True,True,True
ZC1906,ZC,ok,82364,82364,True,0,True,True,True,True
ZC1902,ZC,ok,82304,82304,True,0,True,True,True,True
ZC2012,ZC,ok,75985,75985,True,0,True,True,True,True
ZC2008,ZC,ok,75105,75105,True,0,True,True,True,True
ZC1809,ZC,ok,84551,84551,True,0,True,True,True,True
ZC1909,ZC,ok,83520,83520,True,0,True,True,True,True
ZC1811,ZC,ok,84169,84169,True,0,True,True,True,True
ZC1611,ZC,ok,79312,79312,True,0,True,True,True,True
ZC1605,ZC,ok,79036,79036,True,0,True,True,True,True
ZC1908,ZC,ok,82181,82181,True,0,True,True,True,True
ZC2005,ZC,ok,76700,76700,True,0,True,True,True,True
ZC1912,ZC,ok,82107,82107,True,0,True,True,True,True
ZC1904,ZC,ok,81930,81930,True,0,True,True,True,True
ZC1907,ZC,ok,83383,83383,True,0,True,True,True,True
ZC2001,ZC,ok,84309,84309,True,0,True,True,True,True
ZC1711,ZC,ok,83078,83078,True,0,True,True,True,True
ZC2004,ZC,ok,77402,77402,True,0,True,True,True,True
ZC2107,ZC,ok,83169,83169,True,0,True,True,True,True
ZC2002,ZC,ok,80450,80450,True,0,True,True,True,True
ZC1710,ZC,ok,82679,82679,True,0,True,True,True,True
ZC2104,ZC,ok,81491,81491,True,0,True,True,True,True
ZC2003,ZC,ok,81056,81056,True,0,True,True,True,True
ZC1708,ZC,ok,82243,82243,True,0,True,True,True,True
ZC1905,ZC,ok,84567,84567,True,0,True,True,True,True
ZC2309,ZC,ok,34717,34717,True,0,True,True,True,True
ZC2102,ZC,ok,78472,78472,True,0,True,True,True,True
ZC2110,ZC,ok,83139,83139,True,0,True,True,True,True
ZC1701,ZC,ok,83929,83929,True,0,True,True,True,True
ZC2212,ZC,ok,42393,42393,True,0,True,True,True,True
ZC1704,ZC,ok,82194,82194,True,0,True,True,True,True
ZC2009,ZC,ok,76078,76078,True,0,True,True,True,True
ZC2206,ZC,ok,75664,75664,True,0,True,True,True,True
ZC2302,ZC,ok,18249,18249,True,0,True,True,True,True
ZC2304,ZC,ok,13012,13012,True,0,True,True,True,True
ZC2303,ZC,ok,11232,11232,True,0,True,True,True,True
ZC2006,ZC,ok,74055,74055,True,0,True,True,True,True
ZC2011,ZC,ok,76290,76290,True,0,True,True,True,True
ZC2103,ZC,ok,78852,78852,True,0,True,True,True,True
ZC2301,ZC,ok,63566,63566,True,0,True,True,True,True
ZC1709,ZC,ok,83748,83748,True,0,True,True,True,True
ZC2308,ZC,ok,28946,28946,True,0,True,True,True,True
ZC2010,ZC,ok,76516,76516,True,0,True,True,True,True
ZC2208,ZC,ok,66889,66889,True,0,True,True,True,True
ZC2310,ZC,ok,38247,38247,True,0,True,True,True,True
ZC2203,ZC,ok,82215,82215,True,0,True,True,True,True
ZC2306,ZC,ok,20410,20410,True,0,True,True,True,True
ZC2101,ZC,ok,76229,76229,True,0,True,True,True,True
ZC2402,ZC,ok,49878,49878,True,0,True,True,True,True
ZC2105,ZC,ok,84080,84080,True,0,True,True,True,True
ZC2408,ZC,ok,50866,50866,True,0,True,True,True,True
ZC2511,ZC,ok,20734,20734,True,0,True,True,True,True
ZC2209,ZC,ok,81057,81057,True,0,True,True,True,True
ZC2109,ZC,ok,83292,83292,True,0,True,True,True,True
ZC2604,ZC,ok,11558,11558,True,0,True,True,True,True
ZC2202,ZC,ok,83277,83277,True,0,True,True,True,True
ZC2211,ZC,ok,59784,59784,True,0,True,True,True,True
ZC2406,ZC,ok,50578,50578,True,0,True,True,True,True
ZC2412,ZC,ok,45284,45284,True,0,True,True,True,True
ZC2106,ZC,ok,83929,83929,True,0,True,True,True,True
ZC2405,ZC,ok,50715,50715,True,0,True,True,True,True
ZC2409,ZC,ok,50715,50715,True,0,True,True,True,True
ZC2305,ZC,ok,21334,21334,True,0,True,True,True,True
ZC1805,ZC,ok,84339,84339,True,0,True,True,True,True
ZC2510,ZC,ok,22114,22114,True,0,True,True,True,True
ZC2602,ZC,ok,15107,15107,True,0,True,True,True,True
ZC1901,ZC,ok,83869,83869,True,0,True,True,True,True
ZC2112,ZC,ok,83368,83368,True,0,True,True,True,True
ZC2503,ZC,ok,38266,38266,True,0,True,True,True,True
ZC2506,ZC,ok,31113,31113,True,0,True,True,True,True
ZC2307,ZC,ok,24221,24221,True,0,True,True,True,True
a1003,a,ok,5773,5773,True,0,True,True,True,True
ZC2504,ZC,ok,35922,35922,True,0,True,True,True,True
ZC2108,ZC,ok,82850,82850,True,0,True,True,True,True
ZC2407,ZC,ok,50503,50503,True,0,True,True,True,True
ZC2607,ZC,ok,6098,6098,True,0,True,True,True,True
ZC2603,ZC,ok,13469,13469,True,0,True,True,True,True
a1001,a,ok,151,151,True,0,True,True,True,True
ZC2404,ZC,ok,50366,50366,True,0,True,True,True,True
ZC2205,ZC,ok,82988,82988,True,0,True,True,True,True
ZC1712,ZC,ok,83200,83200,True,0,True,True,True,True
ZC2605,ZC,ok,9647,9647,True,0,True,True,True,True
ZC2111,ZC,ok,83199,83199,True,0,True,True,True,True
ZC2601,ZC,ok,16745,16745,True,0,True,True,True,True
ZC2204,ZC,ok,81012,81012,True,0,True,True,True,True
ZC2505,ZC,ok,33835,33835,True,0,True,True,True,True
ZC2606,ZC,ok,7918,7918,True,0,True,True,True,True
ZC2501,ZC,ok,42834,42834,True,0,True,True,True,True
a1009,a,ok,38061,38061,True,0,True,True,True,True
ZC2207,ZC,ok,81208,81208,True,0,True,True,True,True
ZC2311,ZC,ok,41241,41241,True,0,True,True,True,True
ZC2403,ZC,ok,50517,50517,True,0,True,True,True,True
a1005,a,ok,18924,18924,True,0,True,True,True,True
a1011,a,ok,42465,42465,True,0,True,True,True,True
ZC2502,ZC,ok,39687,39687,True,0,True,True,True,True
ZC2401,ZC,ok,47409,47409,True,0,True,True,True,True
ZC2210,ZC,ok,72557,72557,True,0,True,True,True,True
ZC2507,ZC,ok,29025,29025,True,0,True,True,True,True
ZC2512,ZC,ok,18747,18747,True,0,True,True,True,True
a1103,a,ok,48213,48213,True,0,True,True,True,True
ZC2312,ZC,ok,45239,45239,True,0,True,True,True,True
a1007,a,ok,26016,26016,True,0,True,True,True,True
ZC2201,ZC,ok,83808,83808,True,0,True,True,True,True
ZC2509,ZC,ok,23867,23867,True,0,True,True,True,True
ZC2410,ZC,ok,49837,49837,True,0,True,True,True,True
ZC2508,ZC,ok,26166,26166,True,0,True,True,True,True
a1105,a,ok,74053,74053,True,0,True,True,True,True
a1107,a,ok,62892,62892,True,0,True,True,True,True
a1207,a,ok,45589,45589,True,0,True,True,True,True
ZC2411,ZC,ok,47795,47795,True,0,True,True,True,True
a1111,a,ok,59220,59220,True,0,True,True,True,True
a1101,a,ok,55769,55769,True,0,True,True,True,True
a1211,a,ok,47886,47886,True,0,True,True,True,True
a1707,a,ok,61166,61166,True,0,True,True,True,True
a1307,a,ok,58488,58488,True,0,True,True,True,True
a1611,a,ok,87981,87981,True,0,True,True,True,True
a1311,a,ok,70189,70189,True,0,True,True,True,True
a1205,a,ok,81672,81672,True,0,True,True,True,True
a1507,a,ok,96581,96581,True,0,True,True,True,True
a1203,a,ok,52214,52214,True,0,True,True,True,True
a1109,a,ok,78221,78221,True,0,True,True,True,True
a1303,a,ok,59332,59332,True,0,True,True,True,True
a1403,a,ok,67504,67504,True,0,True,True,True,True
a1309,a,ok,83081,83081,True,0,True,True,True,True
a1607,a,ok,98323,98323,True,0,True,True,True,True
a1407,a,ok,78899,78899,True,0,True,True,True,True
a1503,a,ok,85307,85307,True,0,True,True,True,True
a1803,a,ok,107605,107605,True,0,True,True,True,True
a1409,a,ok,82308,82308,True,0,True,True,True,True
a1401,a,ok,81600,81600,True,0,True,True,True,True
a1411,a,ok,81471,81471,True,0,True,True,True,True
a1201,a,ok,82414,82414,True,0,True,True,True,True
a1609,a,ok,127571,127571,True,0,True,True,True,True
a1601,a,ok,112107,112107,True,0,True,True,True,True
a1405,a,ok,80897,80897,True,0,True,True,True,True
a1701,a,ok,126599,126599,True,0,True,True,True,True
a1505,a,ok,93852,93852,True,0,True,True,True,True
a1703,a,ok,94929,94929,True,0,True,True,True,True
a1711,a,ok,87546,87546,True,0,True,True,True,True
a1501,a,ok,85750,85750,True,0,True,True,True,True
a1705,a,ok,125812,125812,True,0,True,True,True,True
a2011,a,ok,75469,75469,True,0,True,True,True,True
a1811,a,ok,125854,125854,True,0,True,True,True,True
a1511,a,ok,105315,105315,True,0,True,True,True,True
a1809,a,ok,128618,128618,True,0,True,True,True,True
a1801,a,ok,122016,122016,True,0,True,True,True,True
a2009,a,ok,76032,76032,True,0,True,True,True,True
a1805,a,ok,124086,124086,True,0,True,True,True,True
a1909,a,ok,127207,127207,True,0,True,True,True,True
a1305,a,ok,82063,82063,True,0,True,True,True,True
a1301,a,ok,82927,82927,True,0,True,True,True,True
a1603,a,ok,112592,112592,True,0,True,True,True,True
a2007,a,ok,76305,76305,True,0,True,True,True,True
a1905,a,ok,125993,125993,True,0,True,True,True,True
a1903,a,ok,121832,121832,True,0,True,True,True,True
a2109,a,ok,84217,84217,True,0,True,True,True,True
a2201,a,ok,83747,83747,True,0,True,True,True,True
a1209,a,ok,81823,81823,True,0,True,True,True,True
a1709,a,ok,126333,126333,True,0,True,True,True,True
a2101,a,ok,76548,76548,True,0,True,True,True,True
a2103,a,ok,78962,78962,True,0,True,True,True,True
a1901,a,ok,127069,127069,True,0,True,True,True,True
a2301,a,ok,82714,82714,True,0,True,True,True,True
a2005,a,ok,76776,76776,True,0,True,True,True,True
ad2602,ad,ok,48530,48530,True,0,True,True,True,True
a2107,a,ok,83458,83458,True,0,True,True,True,True
a2307,a,ok,83686,83686,True,0,True,True,True,True
a2001,a,ok,126827,126827,True,0,True,True,True,True
a2205,a,ok,82943,82943,True,0,True,True,True,True
a2203,a,ok,83215,83215,True,0,True,True,True,True
a2303,a,ok,83200,83200,True,0,True,True,True,True
a1907,a,ok,122212,122212,True,0,True,True,True,True
a2403,a,ok,83761,83761,True,0,True,True,True,True
a2409,a,ok,82820,82820,True,0,True,True,True,True
a2209,a,ok,82927,82927,True,0,True,True,True,True
ag1301,ag,ok,38760,38760,True,0,True,True,True,True
a2311,a,ok,84020,84020,True,0,True,True,True,True
a2601,a,ok,62215,62215,True,0,True,True,True,True
ag1211,ag,ok,29640,29640,True,0,True,True,True,True
ad2601,ad,ok,48530,48530,True,0,True,True,True,True
a2105,a,ok,83701,83701,True,0,True,True,True,True
a2309,a,ok,83640,83640,True,0,True,True,True,True
a1807,a,ok,122593,122593,True,0,True,True,True,True
a2605,a,ok,35356,35356,True,0,True,True,True,True
a2003,a,ok,79889,79889,True,0,True,True,True,True
ad2605,ad,ok,48530,48530,True,0,True,True,True,True
ag1210,ag,ok,24396,24396,True,0,True,True,True,True
ad2604,ad,ok,48530,48530,True,0,True,True,True,True
ad2511,ad,ok,48530,48530,True,0,True,True,True,True
a1605,a,ok,119510,119510,True,0,True,True,True,True
a2603,a,ok,49772,49772,True,0,True,True,True,True
a1911,a,ok,123944,123944,True,0,True,True,True,True
a2505,a,ok,83444,83444,True,0,True,True,True,True
ag1209,ag,ok,20976,20976,True,0,True,True,True,True
ag1302,ag,ok,43092,43092,True,0,True,True,True,True
ad2606,ad,ok,46066,46066,True,0,True,True,True,True
a1509,a,ok,105157,105157,True,0,True,True,True,True
ag1305,ag,ok,55176,55176,True,0,True,True,True,True
a2207,a,ok,83474,83474,True,0,True,True,True,True
a2211,a,ok,83352,83352,True,0,True,True,True,True
ad2603,ad,ok,48530,48530,True,0,True,True,True,True
a2401,a,ok,83139,83139,True,0,True,True,True,True
a2511,a,ok,77101,77101,True,0,True,True,True,True
a2503,a,ok,83171,83171,True,0,True,True,True,True
a2305,a,ok,82639,82639,True,0,True,True,True,True
ag1304,ag,ok,51756,51756,True,0,True,True,True,True
ag1308,ag,ok,64319,64319,True,0,True,True,True,True
ag1310,ag,ok,74739,74739,True,0,True,True,True,True
ag1309,ag,ok,70920,70920,True,0,True,True,True,True
ag1212,ag,ok,34656,34656,True,0,True,True,True,True
ad2512,ad,ok,48530,48530,True,0,True,True,True,True
a2507,a,ok,82714,82714,True,0,True,True,True,True
a2411,a,ok,83125,83125,True,0,True,True,True,True
a2111,a,ok,83398,83398,True,0,True,True,True,True
ag1303,ag,ok,47424,47424,True,0,True,True,True,True
ag1404,ag,ok,115219,115219,True,0,True,True,True,True
a2405,a,ok,83428,83428,True,0,True,True,True,True
ag1312,ag,ok,89302,89302,True,0,True,True,True,True
ag1502,ag,ok,134258,134258,True,0,True,True,True,True
ag1402,ag,ok,101793,101793,True,0,True,True,True,True
a2407,a,ok,83383,83383,True,0,True,True,True,True
ag1408,ag,ok,134078,134078,True,0,True,True,True,True
ag1311,ag,ok,82503,82503,True,0,True,True,True,True
ag1406,ag,ok,128735,128735,True,0,True,True,True,True
ag1307,ag,ok,56024,56024,True,0,True,True,True,True
ag1306,ag,ok,54492,54492,True,0,True,True,True,True
ag1501,ag,ok,133928,133928,True,0,True,True,True,True
a2509,a,ok,81972,81972,True,0,True,True,True,True
ag1401,ag,ok,96757,96757,True,0,True,True,True,True
ag1405,ag,ok,121736,121736,True,0,True,True,True,True
ag1608,ag,ok,101522,101522,True,0,True,True,True,True
ag1505,ag,ok,134487,134487,True,0,True,True,True,True
ag1603,ag,ok,129050,129050,True,0,True,True,True,True
ag1508,ag,ok,134486,134486,True,0,True,True,True,True
ag1503,ag,ok,133520,133520,True,0,True,True,True,True
ag1610,ag,ok,104165,104165,True,0,True,True,True,True
ag1511,ag,ok,133038,133038,True,0,True,True,True,True
ag1607,ag,ok,120407,120407,True,0,True,True,True,True
ag1506,ag,ok,134969,134969,True,0,True,True,True,True
ag1409,ag,ok,132479,132479,True,0,True,True,True,True
ag1702,ag,ok,100967,100967,True,0,True,True,True,True
ag1504,ag,ok,134078,134078,True,0,True,True,True,True
ag1403,ag,ok,108853,108853,True,0,True,True,True,True
ag1611,ag,ok,90124,90124,True,0,True,True,True,True
ag1604,ag,ok,127134,127134,True,0,True,True,True,True
a2501,a,ok,83611,83611,True,0,True,True,True,True
ag1803,ag,ok,134667,134667,True,0,True,True,True,True
ag1601,ag,ok,133976,133976,True,0,True,True,True,True
ag1709,ag,ok,130106,130106,True,0,True,True,True,True
ag1412,ag,ok,134079,134079,True,0,True,True,True,True
ag1704,ag,ok,100076,100076,True,0,True,True,True,True
ag1512,ag,ok,133597,133597,True,0,True,True,True,True
ag1801,ag,ok,134017,134017,True,0,True,True,True,True
ag1510,ag,ok,133445,133445,True,0,True,True,True,True
ag1703,ag,ok,95189,95189,True,0,True,True,True,True
ag1903,ag,ok,133005,133005,True,0,True,True,True,True
ag1407,ag,ok,133776,133776,True,0,True,True,True,True
ag1802,ag,ok,135434,135434,True,0,True,True,True,True
ag1602,ag,ok,129857,129857,True,0,True,True,True,True
ag1710,ag,ok,130829,130829,True,0,True,True,True,True
ag1509,ag,ok,133928,133928,True,0,True,True,True,True
ag1410,ag,ok,134486,134486,True,0,True,True,True,True
ag1904,ag,ok,133369,133369,True,0,True,True,True,True
ag1605,ag,ok,133645,133645,True,0,True,True,True,True
ag1712,ag,ok,134969,134969,True,0,True,True,True,True
ag1507,ag,ok,134124,134124,True,0,True,True,True,True
ag1707,ag,ok,112389,112389,True,0,True,True,True,True
ag1902,ag,ok,132205,132205,True,0,True,True,True,True
ag1805,ag,ok,133549,133549,True,0,True,True,True,True
ag1806,ag,ok,135859,135859,True,0,True,True,True,True
ag1612,ag,ok,134638,134638,True,0,True,True,True,True
ag1907,ag,ok,132446,132446,True,0,True,True,True,True
ag1908,ag,ok,132855,132855,True,0,True,True,True,True
ag2007,ag,ok,113329,113329,True,0,True,True,True,True
ag1901,ag,ok,133369,133369,True,0,True,True,True,True
ag1807,ag,ok,133957,133957,True,0,True,True,True,True
ag1706,ag,ok,133519,133519,True,0,True,True,True,True
ag1812,ag,ok,133928,133928,True,0,True,True,True,True
ag1711,ag,ok,131030,131030,True,0,True,True,True,True
ag1811,ag,ok,133324,133324,True,0,True,True,True,True
ag1808,ag,ok,134426,134426,True,0,True,True,True,True
ag1609,ag,ok,120889,120889,True,0,True,True,True,True
ag1905,ag,ok,133218,133218,True,0,True,True,True,True
ag1810,ag,ok,132991,132991,True,0,True,True,True,True
ag1606,ag,ok,133417,133417,True,0,True,True,True,True
ag1701,ag,ok,119596,119596,True,0,True,True,True,True
ag1705,ag,ok,118540,118540,True,0,True,True,True,True
ag2004,ag,ok,117529,117529,True,0,True,True,True,True
ag1912,ag,ok,132961,132961,True,0,True,True,True,True
ag1411,ag,ok,134487,134487,True,0,True,True,True,True
ag1909,ag,ok,131920,131920,True,0,True,True,True,True
ag2005,ag,ok,113586,113586,True,0,True,True,True,True
ag2011,ag,ok,112799,112799,True,0,True,True,True,True
ag1809,ag,ok,134817,134817,True,0,True,True,True,True
ag2008,ag,ok,113329,113329,True,0,True,True,True,True
ag1708,ag,ok,126994,126994,True,0,True,True,True,True
ag2104,ag,ok,130210,130210,True,0,True,True,True,True
ag2102,ag,ok,116183,116183,True,0,True,True,True,True
ag2003,ag,ok,123590,123590,True,0,True,True,True,True
ag2002,ag,ok,130059,130059,True,0,True,True,True,True
ag2101,ag,ok,113509,113509,True,0,True,True,True,True
ag2009,ag,ok,113358,113358,True,0,True,True,True,True
ag1910,ag,ok,133218,133218,True,0,True,True,True,True
ag2010,ag,ok,113660,113660,True,0,True,True,True,True
ag1911,ag,ok,133520,133520,True,0,True,True,True,True
ag2012,ag,ok,112950,112950,True,0,True,True,True,True
ag2105,ag,ok,133851,133851,True,0,True,True,True,True
ag1804,ag,ok,134198,134198,True,0,True,True,True,True
ag2107,ag,ok,134410,134410,True,0,True,True,True,True
ag2103,ag,ok,123031,123031,True,0,True,True,True,True
ag2001,ag,ok,133928,133928,True,0,True,True,True,True
ag2112,ag,ok,133520,133520,True,0,True,True,True,True
ag2211,ag,ok,133520,133520,True,0,True,True,True,True
ag2206,ag,ok,132961,132961,True,0,True,True,True,True
ag2201,ag,ok,133520,133520,True,0,True,True,True,True
ag2210,ag,ok,133520,133520,True,0,True,True,True,True
ag2006,ag,ok,113660,113660,True,0,True,True,True,True
ag2306,ag,ok,134969,134969,True,0,True,True,True,True
ag2212,ag,ok,133520,133520,True,0,True,True,True,True
ag2404,ag,ok,132174,132174,True,0,True,True,True,True
ag2204,ag,ok,132961,132961,True,0,True,True,True,True
ag1906,ag,ok,132630,132630,True,0,True,True,True,True
ag2108,ag,ok,133851,133851,True,0,True,True,True,True
ag2109,ag,ok,134410,134410,True,0,True,True,True,True
ag2208,ag,ok,132251,132251,True,0,True,True,True,True
ag2302,ag,ok,133520,133520,True,0,True,True,True,True
ag2209,ag,ok,132071,132071,True,0,True,True,True,True
ag2311,ag,ok,133398,133398,True,0,True,True,True,True
ag2110,ag,ok,133369,133369,True,0,True,True,True,True
ag2207,ag,ok,132961,132961,True,0,True,True,True,True
ag2405,ag,ok,133231,133231,True,0,True,True,True,True
ag2401,ag,ok,133292,133292,True,0,True,True,True,True
ag2106,ag,ok,132961,132961,True,0,True,True,True,True
ag2309,ag,ok,134410,134410,True,0,True,True,True,True
al1002,al,ok,6156,6156,True,0,True,True,True,True
ag2403,ag,ok,133851,133851,True,0,True,True,True,True
ag2203,ag,ok,133520,133520,True,0,True,True,True,True
ag2305,ag,ok,133520,133520,True,0,True,True,True,True
al1001,al,ok,2280,2280,True,0,True,True,True,True
al1003,al,ok,10488,10488,True,0,True,True,True,True
ag2111,ag,ok,132961,132961,True,0,True,True,True,True
al1004,al,ok,15504,15504,True,0,True,True,True,True
al1005,al,ok,20292,20292,True,0,True,True,True,True
al1006,al,ok,24852,24852,True,0,True,True,True,True
ag2307,ag,ok,133520,133520,True,0,True,True,True,True
ag2503,ag,ok,132402,132402,True,0,True,True,True,True
ag2412,ag,ok,132402,132402,True,0,True,True,True,True
ag2402,ag,ok,134198,134198,True,0,True,True,True,True
ag2606,ag,ok,46066,46066,True,0,True,True,True,True
ag2308,ag,ok,133520,133520,True,0,True,True,True,True
ag2303,ag,ok,133520,133520,True,0,True,True,True,True
ag2604,ag,ok,67764,67764,True,0,True,True,True,True
ag2301,ag,ok,132961,132961,True,0,True,True,True,True
ag2304,ag,ok,134079,134079,True,0,True,True,True,True
al1008,al,ok,34428,34428,True,0,True,True,True,True
ag2310,ag,ok,133292,133292,True,0,True,True,True,True
al1007,al,ok,29412,29412,True,0,True,True,True,True
al1009,al,ok,39444,39444,True,0,True,True,True,True
al1011,al,ok,47348,47348,True,0,True,True,True,True
ag2605,ag,ok,57474,57474,True,0,True,True,True,True
ag2505,ag,ok,132961,132961,True,0,True,True,True,True
al1107,al,ok,54644,54644,True,0,True,True,True,True
ag2410,ag,ok,132402,132402,True,0,True,True,True,True
al1103,al,ok,54872,54872,True,0,True,True,True,True
al1012,al,ok,52364,52364,True,0,True,True,True,True
ag2501,ag,ok,132961,132961,True,0,True,True,True,True
al1102,al,ok,54051,54051,True,0,True,True,True,True
ag2603,ag,ok,78613,78613,True,0,True,True,True,True
al1010,al,ok,42636,42636,True,0,True,True,True,True
ag2512,ag,ok,110373,110373,True,0,True,True,True,True
al1201,al,ok,54264,54264,True,0,True,True,True,True
ag2406,ag,ok,132402,132402,True,0,True,True,True,True
ag2205,ag,ok,132311,132311,True,0,True,True,True,True
al1207,al,ok,54567,54567,True,0,True,True,True,True
ag2602,ag,ok,89793,89793,True,0,True,True,True,True
al1212,al,ok,55631,55631,True,0,True,True,True,True
ag2408,ag,ok,133851,133851,True,0,True,True,True,True
ag2202,ag,ok,133748,133748,True,0,True,True,True,True
ag2506,ag,ok,132402,132402,True,0,True,True,True,True
ag2504,ag,ok,132961,132961,True,0,True,True,True,True
ag2411,ag,ok,132961,132961,True,0,True,True,True,True
ag2407,ag,ok,132733,132733,True,0,True,True,True,True
ag2601,ag,ok,98965,98965,True,0,True,True,True,True
al1303,al,ok,55114,55114,True,0,True,True,True,True
al1301,al,ok,55403,55403,True,0,True,True,True,True
ag2508,ag,ok,132961,132961,True,0,True,True,True,True
ag2507,ag,ok,132961,132961,True,0,True,True,True,True
ag2502,ag,ok,131843,131843,True,0,True,True,True,True
al1104,al,ok,53732,53732,True,0,True,True,True,True
al1109,al,ok,54568,54568,True,0,True,True,True,True
al1105,al,ok,54492,54492,True,0,True,True,True,True
al1101,al,ok,55100,55100,True,0,True,True,True,True
al1204,al,ok,54720,54720,True,0,True,True,True,True
al1311,al,ok,54203,54203,True,0,True,True,True,True
ag2312,ag,ok,133700,133700,True,0,True,True,True,True
al1203,al,ok,55176,55176,True,0,True,True,True,True
al1401,al,ok,58454,58454,True,0,True,True,True,True
al1111,al,ok,54948,54948,True,0,True,True,True,True
al1112,al,ok,54948,54948,True,0,True,True,True,True
ag2511,ag,ok,122112,122112,True,0,True,True,True,True
al1310,al,ok,54264,54264,True,0,True,True,True,True
al1402,al,ok,62262,62262,True,0,True,True,True,True
al1209,al,ok,55540,55540,True,0,True,True,True,True
al1108,al,ok,54948,54948,True,0,True,True,True,True
al1106,al,ok,54416,54416,True,0,True,True,True,True
al1302,al,ok,55631,55631,True,0,True,True,True,True
al1208,al,ok,55251,55251,True,0,True,True,True,True
al1309,al,ok,54492,54492,True,0,True,True,True,True
ag2509,ag,ok,132733,132733,True,0,True,True,True,True
al1403,al,ok,67493,67493,True,0,True,True,True,True
al1210,al,ok,55175,55175,True,0,True,True,True,True
al1304,al,ok,55176,55176,True,0,True,True,True,True
al1305,al,ok,55176,55176,True,0,True,True,True,True
ag2409,ag,ok,132961,132961,True,0,True,True,True,True
al1307,al,ok,54492,54492,True,0,True,True,True,True
al1404,al,ok,72239,72239,True,0,True,True,True,True
al1202,al,ok,54872,54872,True,0,True,True,True,True
al1308,al,ok,54720,54720,True,0,True,True,True,True
al1306,al,ok,54492,54492,True,0,True,True,True,True
al1408,al,ok,92865,92865,True,0,True,True,True,True
al1211,al,ok,55631,55631,True,0,True,True,True,True
al1409,al,ok,97049,97049,True,0,True,True,True,True
al1110,al,ok,55100,55100,True,0,True,True,True,True
al1206,al,ok,55084,55084,True,0,True,True,True,True
ag2510,ag,ok,133851,133851,True,0,True,True,True,True
al1205,al,ok,54567,54567,True,0,True,True,True,True
al1410,al,ok,101528,101528,True,0,True,True,True,True
al1405,al,ok,76863,76863,True,0,True,True,True,True
al1506,al,ok,113397,113397,True,0,True,True,True,True
al1505,al,ok,113157,113157,True,0,True,True,True,True
al1312,al,ok,54036,54036,True,0,True,True,True,True
al1510,al,ok,112508,112508,True,0,True,True,True,True
al1502,al,ok,112545,112545,True,0,True,True,True,True
al1406,al,ok,82094,82094,True,0,True,True,True,True
al1704,al,ok,104770,104770,True,0,True,True,True,True
al1507,al,ok,113157,113157,True,0,True,True,True,True
al1607,al,ok,112910,112910,True,0,True,True,True,True
al1412,al,ok,111785,111785,True,0,True,True,True,True
al1508,al,ok,113217,113217,True,0,True,True,True,True
al1411,al,ok,107071,107071,True,0,True,True,True,True
al1708,al,ok,111200,111200,True,0,True,True,True,True
al1503,al,ok,112275,112275,True,0,True,True,True,True
al1512,al,ok,112446,112446,True,0,True,True,True,True
al1610,al,ok,110967,110967,True,0,True,True,True,True
al1407,al,ok,87383,87383,True,0,True,True,True,True
al1710,al,ok,112112,112112,True,0,True,True,True,True
al1511,al,ok,111978,111978,True,0,True,True,True,True
al1803,al,ok,113459,113459,True,0,True,True,True,True
al1711,al,ok,113431,113431,True,0,True,True,True,True
al1601,al,ok,112674,112674,True,0,True,True,True,True
al1612,al,ok,104428,104428,True,0,True,True,True,True
al1705,al,ok,108012,108012,True,0,True,True,True,True
al1706,al,ok,104912,104912,True,0,True,True,True,True
al1509,al,ok,112749,112749,True,0,True,True,True,True
al1602,al,ok,110149,110149,True,0,True,True,True,True
al1608,al,ok,111963,111963,True,0,True,True,True,True
al1504,al,ok,112688,112688,True,0,True,True,True,True
al1501,al,ok,112627,112627,True,0,True,True,True,True
al1603,al,ok,112977,112977,True,0,True,True,True,True
al1709,al,ok,112265,112265,True,0,True,True,True,True
al1611,al,ok,107230,107230,True,0,True,True,True,True
al1703,al,ok,107758,107758,True,0,True,True,True,True
al1609,al,ok,112950,112950,True,0,True,True,True,True
al1811,al,ok,112749,112749,True,0,True,True,True,True
al1606,al,ok,112206,112206,True,0,True,True,True,True
al1805,al,ok,112521,112521,True,0,True,True,True,True
al1802,al,ok,114169,114169,True,0,True,True,True,True
al1808,al,ok,113459,113459,True,0,True,True,True,True
al1906,al,ok,111570,111570,True,0,True,True,True,True
al1701,al,ok,104567,104567,True,0,True,True,True,True
al1801,al,ok,112989,112989,True,0,True,True,True,True
al1903,al,ok,112280,112280,True,0,True,True,True,True
al1707,al,ok,107309,107309,True,0,True,True,True,True
al1806,al,ok,114169,114169,True,0,True,True,True,True
al1702,al,ok,103489,103489,True,0,True,True,True,True
al1605,al,ok,112977,112977,True,0,True,True,True,True
al1604,al,ok,113445,113445,True,0,True,True,True,True
al1809,al,ok,113459,113459,True,0,True,True,True,True
al2003,al,ok,105050,105050,True,0,True,True,True,True
al2004,al,ok,100699,100699,True,0,True,True,True,True
al1904,al,ok,112280,112280,True,0,True,True,True,True
al1910,al,ok,112280,112280,True,0,True,True,True,True
al2006,al,ok,97698,97698,True,0,True,True,True,True
al2005,al,ok,98048,98048,True,0,True,True,True,True
al1812,al,ok,112749,112749,True,0,True,True,True,True
al1911,al,ok,112280,112280,True,0,True,True,True,True
al1902,al,ok,111569,111569,True,0,True,True,True,True
al1909,al,ok,111101,111101,True,0,True,True,True,True
al1912,al,ok,111811,111811,True,0,True,True,True,True
al2007,al,ok,97579,97579,True,0,True,True,True,True
al1908,al,ok,112280,112280,True,0,True,True,True,True
al2001,al,ok,112749,112749,True,0,True,True,True,True
al1901,al,ok,112280,112280,True,0,True,True,True,True
al1905,al,ok,112280,112280,True,0,True,True,True,True
al2108,al,ok,112521,112521,True,0,True,True,True,True
al2012,al,ok,97351,97351,True,0,True,True,True,True
al2207,al,ok,111811,111811,True,0,True,True,True,True
al2107,al,ok,112990,112990,True,0,True,True,True,True
al2002,al,ok,109870,109870,True,0,True,True,True,True
al1804,al,ok,112990,112990,True,0,True,True,True,True
al2102,al,ok,99533,99533,True,0,True,True,True,True
al2204,al,ok,111811,111811,True,0,True,True,True,True
al2009,al,ok,97820,97820,True,0,True,True,True,True
al2101,al,ok,97698,97698,True,0,True,True,True,True
al1907,al,ok,111811,111811,True,0,True,True,True,True
al1810,al,ok,112280,112280,True,0,True,True,True,True
al2008,al,ok,97579,97579,True,0,True,True,True,True
al2103,al,ok,104581,104581,True,0,True,True,True,True
al2205,al,ok,111342,111342,True,0,True,True,True,True
al1712,al,ok,113459,113459,True,0,True,True,True,True
al2312,al,ok,112521,112521,True,0,True,True,True,True
al2212,al,ok,112280,112280,True,0,True,True,True,True
al2011,al,ok,97351,97351,True,0,True,True,True,True
al2203,al,ok,112280,112280,True,0,True,True,True,True
al2010,al,ok,97820,97820,True,0,True,True,True,True
al2106,al,ok,111811,111811,True,0,True,True,True,True
al2111,al,ok,111811,111811,True,0,True,True,True,True
al2304,al,ok,112749,112749,True,0,True,True,True,True
al2206,al,ok,111811,111811,True,0,True,True,True,True
al2105,al,ok,112521,112521,True,0,True,True,True,True
al2301,al,ok,111811,111811,True,0,True,True,True,True
al2112,al,ok,112280,112280,True,0,True,True,True,True
al2104,al,ok,109870,109870,True,0,True,True,True,True
al2110,al,ok,112280,112280,True,0,True,True,True,True
al2407,al,ok,111583,111583,True,0,True,True,True,True
al2202,al,ok,112508,112508,True,0,True,True,True,True
al2305,al,ok,112280,112280,True,0,True,True,True,True
al1807,al,ok,112990,112990,True,0,True,True,True,True
al2201,al,ok,112280,112280,True,0,True,True,True,True
al2310,al,ok,112052,112052,True,0,True,True,True,True
al2303,al,ok,112280,112280,True,0,True,True,True,True
al2306,al,ok,113459,113459,True,0,True,True,True,True
al2307,al,ok,112280,112280,True,0,True,True,True,True
al2606,al,ok,38686,38686,True,0,True,True,True,True
al2109,al,ok,112990,112990,True,0,True,True,True,True
al2210,al,ok,112280,112280,True,0,True,True,True,True
al2309,al,ok,112990,112990,True,0,True,True,True,True
al2403,al,ok,112521,112521,True,0,True,True,True,True
al2603,al,ok,66103,66103,True,0,True,True,True,True
al2402,al,ok,112990,112990,True,0,True,True,True,True
al2211,al,ok,112280,112280,True,0,True,True,True,True
al2508,al,ok,111811,111811,True,0,True,True,True,True
al2209,al,ok,111101,111101,True,0,True,True,True,True
al2408,al,ok,112521,112521,True,0,True,True,True,True
al2509,al,ok,111583,111583,True,0,True,True,True,True
al2401,al,ok,112052,112052,True,0,True,True,True,True
al2406,al,ok,111342,111342,True,0,True,True,True,True
al2505,al,ok,111811,111811,True,0,True,True,True,True
al2604,al,ok,56964,56964,True,0,True,True,True,True
au1002,au,ok,4560,4560,True,0,True,True,True,True
ao2402,ao,ok,74304,74304,True,0,True,True,True,True
al2409,al,ok,111811,111811,True,0,True,True,True,True
al2404,al,ok,111053,111053,True,0,True,True,True,True
al2506,al,ok,111342,111342,True,0,True,True,True,True
al2510,al,ok,112521,112521,True,0,True,True,True,True
al2605,al,ok,48294,48294,True,0,True,True,True,True
ao2312,ao,ok,54905,54905,True,0,True,True,True,True
ao2404,ao,ok,91489,91489,True,0,True,True,True,True
al2512,al,ok,92823,92823,True,0,True,True,True,True
al2311,al,ok,112521,112521,True,0,True,True,True,True
au1005,au,ok,18088,18088,True,0,True,True,True,True
al2208,al,ok,111342,111342,True,0,True,True,True,True
al2308,al,ok,112280,112280,True,0,True,True,True,True
al2411,al,ok,111811,111811,True,0,True,True,True,True
ao2605,ao,ok,48294,48294,True,0,True,True,True,True
al2601,al,ok,83215,83215,True,0,True,True,True,True
al2502,al,ok,110873,110873,True,0,True,True,True,True
al2602,al,ok,75483,75483,True,0,True,True,True,True
au1001,au,ok,275,275,True,0,True,True,True,True
ao2311,ao,ok,46177,46177,True,0,True,True,True,True
au1003,au,ok,9439,9439,True,0,True,True,True,True
al2410,al,ok,111342,111342,True,0,True,True,True,True
ao2606,ao,ok,38686,38686,True,0,True,True,True,True
ao2407,ao,ok,111582,111582,True,0,True,True,True,True
ao2403,ao,ok,83035,83035,True,0,True,True,True,True
al2412,al,ok,111342,111342,True,0,True,True,True,True
al2405,al,ok,112052,112052,True,0,True,True,True,True
au1008,au,ok,31859,31859,True,0,True,True,True,True
al2302,al,ok,112280,112280,True,0,True,True,True,True
ao2504,ao,ok,111750,111750,True,0,True,True,True,True
al2507,al,ok,111811,111811,True,0,True,True,True,True
au1007,au,ok,26737,26737,True,0,True,True,True,True
ao2602,ao,ok,75483,75483,True,0,True,True,True,True
ao2503,ao,ok,111342,111342,True,0,True,True,True,True
ao2401,ao,ok,64665,64665,True,0,True,True,True,True
al2511,al,ok,102672,102672,True,0,True,True,True,True
al2501,al,ok,111811,111811,True,0,True,True,True,True
ao2406,ao,ok,110404,110404,True,0,True,True,True,True
au1012,au,ok,52060,52060,True,0,True,True,True,True
ao2604,ao,ok,56964,56964,True,0,True,True,True,True
ao2601,ao,ok,83215,83215,True,0,True,True,True,True
ao2411,ao,ok,111810,111810,True,0,True,True,True,True
ao2509,ao,ok,111522,111522,True,0,True,True,True,True
ao2603,ao,ok,66103,66103,True,0,True,True,True,True
au1101,au,ok,52135,52135,True,0,True,True,True,True
au1202,au,ok,54979,54979,True,0,True,True,True,True
au1102,au,ok,52425,52425,True,0,True,True,True,True
au1210,au,ok,54506,54506,True,0,True,True,True,True
au1105,au,ok,52744,52744,True,0,True,True,True,True
au1103,au,ok,52409,52409,True,0,True,True,True,True
al2504,al,ok,111811,111811,True,0,True,True,True,True
ao2410,ao,ok,111341,111341,True,0,True,True,True,True
au1009,au,ok,37969,37969,True,0,True,True,True,True
au1004,au,ok,12768,12768,True,0,True,True,True,True
ao2506,ao,ok,111342,111342,True,0,True,True,True,True
au1110,au,ok,54233,54233,True,0,True,True,True,True
ao2412,ao,ok,111342,111342,True,0,True,True,True,True
ao2405,ao,ok,100342,100342,True,0,True,True,True,True
au1207,au,ok,53822,53822,True,0,True,True,True,True
au1006,au,ok,24578,24578,True,0,True,True,True,True
ao2501,ao,ok,111750,111750,True,0,True,True,True,True
au1104,au,ok,53002,53002,True,0,True,True,True,True
ao2508,ao,ok,111628,111628,True,0,True,True,True,True
al2503,al,ok,111342,111342,True,0,True,True,True,True
au1010,au,ok,42058,42058,True,0,True,True,True,True
ao2512,ao,ok,92823,92823,True,0,True,True,True,True
ao2408,ao,ok,112170,112170,True,0,True,True,True,True
au1303,au,ok,54993,54993,True,0,True,True,True,True
au1203,au,ok,54796,54796,True,0,True,True,True,True
ao2502,ao,ok,110873,110873,True,0,True,True,True,True
ao2511,ao,ok,102672,102672,True,0,True,True,True,True
au1208,au,ok,54749,54749,True,0,True,True,True,True
au1211,au,ok,54642,54642,True,0,True,True,True,True
au1109,au,ok,54021,54021,True,0,True,True,True,True
au1305,au,ok,54811,54811,True,0,True,True,True,True
au1205,au,ok,53336,53336,True,0,True,True,True,True
au1201,au,ok,53854,53854,True,0,True,True,True,True
au1011,au,ok,44688,44688,True,0,True,True,True,True
ao2507,ao,ok,111720,111720,True,0,True,True,True,True
ao2409,ao,ok,111521,111521,True,0,True,True,True,True
au1212,au,ok,55570,55570,True,0,True,True,True,True
au1112,au,ok,54735,54735,True,0,True,True,True,True
au1107,au,ok,54233,54233,True,0,True,True,True,True
au1411,au,ok,29643,29643,True,0,True,True,True,True
au1611,au,ok,10765,10765,True,0,True,True,True,True
au1206,au,ok,54628,54628,True,0,True,True,True,True
au1409,au,ok,32860,32860,True,0,True,True,True,True
au1308,au,ok,63174,63174,True,0,True,True,True,True
au1108,au,ok,54294,54294,True,0,True,True,True,True
au1209,au,ok,54871,54871,True,0,True,True,True,True
au1607,au,ok,10244,10244,True,0,True,True,True,True
au1603,au,ok,15755,15755,True,0,True,True,True,True
au1501,au,ok,34555,34555,True,0,True,True,True,True
au1302,au,ok,55145,55145,True,0,True,True,True,True
au1401,au,ok,95882,95882,True,0,True,True,True,True
ao2505,ao,ok,111811,111811,True,0,True,True,True,True
au1106,au,ok,54796,54796,True,0,True,True,True,True
au1511,au,ok,29342,29342,True,0,True,True,True,True
au1301,au,ok,55403,55403,True,0,True,True,True,True
au1310,au,ok,72819,72819,True,0,True,True,True,True
au1111,au,ok,54157,54157,True,0,True,True,True,True
au1307,au,ok,54348,54348,True,0,True,True,True,True
au1507,au,ok,32986,32986,True,0,True,True,True,True
au1309,au,ok,69939,69939,True,0,True,True,True,True
au1503,au,ok,29870,29870,True,0,True,True,True,True
au1306,au,ok,54492,54492,True,0,True,True,True,True
au1505,au,ok,29541,29541,True,0,True,True,True,True
ao2510,ao,ok,112521,112521,True,0,True,True,True,True
au1402,au,ok,100832,100832,True,0,True,True,True,True
au1605,au,ok,28596,28596,True,0,True,True,True,True
au1405,au,ok,119714,119714,True,0,True,True,True,True
au1404,au,ok,113453,113453,True,0,True,True,True,True
au1701,au,ok,32984,32984,True,0,True,True,True,True
au1304,au,ok,54568,54568,True,0,True,True,True,True
au1602,au,ok,119366,119366,True,0,True,True,True,True
au1703,au,ok,29931,29931,True,0,True,True,True,True
au1609,au,ok,23230,23230,True,0,True,True,True,True
au1410,au,ok,133218,133218,True,0,True,True,True,True
au1204,au,ok,54902,54902,True,0,True,True,True,True
au1312,au,ok,89151,89151,True,0,True,True,True,True
au1709,au,ok,35217,35217,True,0,True,True,True,True
au1707,au,ok,32016,32016,True,0,True,True,True,True
au1408,au,ok,132957,132957,True,0,True,True,True,True
au1801,au,ok,34223,34223,True,0,True,True,True,True
au1705,au,ok,31109,31109,True,0,True,True,True,True
au1711,au,ok,32630,32630,True,0,True,True,True,True
au1407,au,ok,132250,132250,True,0,True,True,True,True
au1802,au,ok,143383,143383,True,0,True,True,True,True
au1311,au,ok,80993,80993,True,0,True,True,True,True
au1509,au,ok,32786,32786,True,0,True,True,True,True
au1907,au,ok,32300,32300,True,0,True,True,True,True
au1911,au,ok,31680,31680,True,0,True,True,True,True
au1412,au,ok,133928,133928,True,0,True,True,True,True
au1702,au,ok,112588,112588,True,0,True,True,True,True
au1803,au,ok,30623,30623,True,0,True,True,True,True
au1901,au,ok,34156,34156,True,0,True,True,True,True
au1510,au,ok,119138,119138,True,0,True,True,True,True
au1403,au,ok,108068,108068,True,0,True,True,True,True
au1601,au,ok,31701,31701,True,0,True,True,True,True
au1610,au,ok,109723,109723,True,0,True,True,True,True
au2011,au,ok,31423,31423,True,0,True,True,True,True
au2003,au,ok,21374,21374,True,0,True,True,True,True
au2009,au,ok,33981,33981,True,0,True,True,True,True
au1506,au,ok,123078,123078,True,0,True,True,True,True
au1806,au,ok,147116,147116,True,0,True,True,True,True
au2105,au,ok,32170,32170,True,0,True,True,True,True
au1811,au,ok,31649,31649,True,0,True,True,True,True
au1905,au,ok,31182,31182,True,0,True,True,True,True
au1504,au,ok,132493,132493,True,0,True,True,True,True
au2107,au,ok,32832,32832,True,0,True,True,True,True
au2103,au,ok,30615,30615,True,0,True,True,True,True
au2007,au,ok,27332,27332,True,0,True,True,True,True
au1512,au,ok,122037,122037,True,0,True,True,True,True
au1909,au,ok,34687,34687,True,0,True,True,True,True
au1608,au,ok,124932,124932,True,0,True,True,True,True
au1502,au,ok,132809,132809,True,0,True,True,True,True
au1804,au,ok,145074,145074,True,0,True,True,True,True
au1809,au,ok,34957,34957,True,0,True,True,True,True
au2005,au,ok,14320,14320,True,0,True,True,True,True
au1805,au,ok,30292,30292,True,0,True,True,True,True
au1903,au,ok,29611,29611,True,0,True,True,True,True
au1606,au,ok,144596,144596,True,0,True,True,True,True
au1807,au,ok,32859,32859,True,0,True,True,True,True
au2201,au,ok,34778,34778,True,0,True,True,True,True
au1508,au,ok,123169,123169,True,0,True,True,True,True
au2111,au,ok,30719,30719,True,0,True,True,True,True
au2102,au,ok,121563,121563,True,0,True,True,True,True
au1604,au,ok,121024,121024,True,0,True,True,True,True
au2403,au,ok,31307,31307,True,0,True,True,True,True
au1612,au,ok,145804,145804,True,0,True,True,True,True
au1704,au,ok,110230,110230,True,0,True,True,True,True
au1808,au,ok,145363,145363,True,0,True,True,True,True
au2203,au,ok,30083,30083,True,0,True,True,True,True
au2109,au,ok,36047,36047,True,0,True,True,True,True
au1904,au,ok,143748,143748,True,0,True,True,True,True
au1712,au,ok,146210,146210,True,0,True,True,True,True
au1406,au,ok,128523,128523,True,0,True,True,True,True
au2207,au,ok,32547,32547,True,0,True,True,True,True
au2209,au,ok,35157,35157,True,0,True,True,True,True
au2001,au,ok,34760,34760,True,0,True,True,True,True
au1906,au,ok,144986,144986,True,0,True,True,True,True
au2303,au,ok,31429,31429,True,0,True,True,True,True
au1810,au,ok,141011,141011,True,0,True,True,True,True
au2205,au,ok,30718,30718,True,0,True,True,True,True
au2101,au,ok,34327,34327,True,0,True,True,True,True
au1710,au,ok,125929,125929,True,0,True,True,True,True
au2301,au,ok,34523,34523,True,0,True,True,True,True
au2006,au,ok,125145,125145,True,0,True,True,True,True
au2211,au,ok,32046,32046,True,0,True,True,True,True
au1812,au,ok,145711,145711,True,0,True,True,True,True
au2401,au,ok,33936,33936,True,0,True,True,True,True
au2305,au,ok,31837,31837,True,0,True,True,True,True
au1706,au,ok,143262,143262,True,0,True,True,True,True
au1708,au,ok,127395,127395,True,0,True,True,True,True
au2010,au,ok,121460,121460,True,0,True,True,True,True
au2002,au,ok,139941,139941,True,0,True,True,True,True
au2307,au,ok,32348,32348,True,0,True,True,True,True
au1912,au,ok,145108,145108,True,0,True,True,True,True
au2311,au,ok,32695,32695,True,0,True,True,True,True
au2309,au,ok,35293,35293,True,0,True,True,True,True
au2104,au,ok,134667,134667,True,0,True,True,True,True
b1107,b,ok,8282,8282,True,0,True,True,True,True
au2503,au,ok,31321,31321,True,0,True,True,True,True
au2212,au,ok,145515,145515,True,0,True,True,True,True
au2012,au,ok,124387,124387,True,0,True,True,True,True
au2507,au,ok,33437,33437,True,0,True,True,True,True
au2112,au,ok,144867,144867,True,0,True,True,True,True
b1103,b,ok,9656,9656,True,0,True,True,True,True
au2405,au,ok,30127,30127,True,0,True,True,True,True
b1003,b,ok,1857,1857,True,0,True,True,True,True
au2106,au,ok,144278,144278,True,0,True,True,True,True
b1005,b,ok,8464,8464,True,0,True,True,True,True
au2505,au,ok,31638,31638,True,0,True,True,True,True
b1011,b,ok,15840,15840,True,0,True,True,True,True
b1211,b,ok,2384,2384,True,0,True,True,True,True
b1203,b,ok,10278,10278,True,0,True,True,True,True
au2308,au,ok,145259,145259,True,0,True,True,True,True
au2008,au,ok,125566,125566,True,0,True,True,True,True
au1910,au,ok,139638,139638,True,0,True,True,True,True
b1207,b,ok,8454,8454,True,0,True,True,True,True
b1101,b,ok,35236,35236,True,0,True,True,True,True
au1908,au,ok,144680,144680,True,0,True,True,True,True
au2501,au,ok,35702,35702,True,0,True,True,True,True
au2004,au,ok,128378,128378,True,0,True,True,True,True
au2210,au,ok,140593,140593,True,0,True,True,True,True
b1105,b,ok,29419,29419,True,0,True,True,True,True
b1009,b,ok,28571,28571,True,0,True,True,True,True
b1111,b,ok,11515,11515,True,0,True,True,True,True
au2407,au,ok,32088,32088,True,0,True,True,True,True
au2409,au,ok,34943,34943,True,0,True,True,True,True
au2606,au,ok,57474,57474,True,0,True,True,True,True
au2509,au,ok,36335,36335,True,0,True,True,True,True
b1303,b,ok,12719,12719,True,0,True,True,True,True
au2208,au,ok,144549,144549,True,0,True,True,True,True
au2110,au,ok,141830,141830,True,0,True,True,True,True
au2411,au,ok,30788,30788,True,0,True,True,True,True
b1301,b,ok,34168,34168,True,0,True,True,True,True
au1902,au,ok,142052,142052,True,0,True,True,True,True
b1307,b,ok,23518,23518,True,0,True,True,True,True
b1109,b,ok,29151,29151,True,0,True,True,True,True
au2404,au,ok,144141,144141,True,0,True,True,True,True
b1305,b,ok,43661,43661,True,0,True,True,True,True
au2302,au,ok,142133,142133,True,0,True,True,True,True
b1007,b,ok,10470,10470,True,0,True,True,True,True
au2108,au,ok,146046,146046,True,0,True,True,True,True
b1209,b,ok,45069,45069,True,0,True,True,True,True
au2604,au,ok,78613,78613,True,0,True,True,True,True
b1309,b,ok,44838,44838,True,0,True,True,True,True
au2602,au,ok,98965,98965,True,0,True,True,True,True
b1205,b,ok,28354,28354,True,0,True,True,True,True
b1603,b,ok,47847,47847,True,0,True,True,True,True
au2206,au,ok,143418,143418,True,0,True,True,True,True
au2204,au,ok,144626,144626,True,0,True,True,True,True
b1401,b,ok,50066,50066,True,0,True,True,True,True
b1611,b,ok,15870,15870,True,0,True,True,True,True
b1409,b,ok,50977,50977,True,0,True,True,True,True
b1311,b,ok,33107,33107,True,0,True,True,True,True
au2310,au,ok,142464,142464,True,0,True,True,True,True
au2408,au,ok,145590,145590,True,0,True,True,True,True
b1806,b,ok,49711,49711,True,0,True,True,True,True
b1201,b,ok,31880,31880,True,0,True,True,True,True
b1701,b,ok,22307,22307,True,0,True,True,True,True
b1503,b,ok,48683,48683,True,0,True,True,True,True
au2510,au,ok,141346,141346,True,0,True,True,True,True
au2502,au,ok,142133,142133,True,0,True,True,True,True
b1705,b,ok,22749,22749,True,0,True,True,True,True
b1405,b,ok,48477,48477,True,0,True,True,True,True
au2402,au,ok,143431,143431,True,0,True,True,True,True
b1607,b,ok,41105,41105,True,0,True,True,True,True
b1407,b,ok,47074,47074,True,0,True,True,True,True
au2410,au,ok,140456,140456,True,0,True,True,True,True
b1511,b,ok,65492,65492,True,0,True,True,True,True
b1507,b,ok,53599,53599,True,0,True,True,True,True
au2306,au,ok,146377,146377,True,0,True,True,True,True
au2506,au,ok,144369,144369,True,0,True,True,True,True
b1711,b,ok,50333,50333,True,0,True,True,True,True
au2202,au,ok,141982,141982,True,0,True,True,True,True
b1803,b,ok,68159,68159,True,0,True,True,True,True
au2504,au,ok,143251,143251,True,0,True,True,True,True
b1601,b,ok,67400,67400,True,0,True,True,True,True
b1810,b,ok,48686,48686,True,0,True,True,True,True
au2412,au,ok,144700,144700,True,0,True,True,True,True
b1801,b,ok,67844,67844,True,0,True,True,True,True
b1609,b,ok,33136,33136,True,0,True,True,True,True
b1501,b,ok,48716,48716,True,0,True,True,True,True
b1605,b,ok,45916,45916,True,0,True,True,True,True
au2304,au,ok,145156,145156,True,0,True,True,True,True
b1703,b,ok,28866,28866,True,0,True,True,True,True
b1805,b,ok,80817,80817,True,0,True,True,True,True
b1505,b,ok,61001,61001,True,0,True,True,True,True
b1707,b,ok,17426,17426,True,0,True,True,True,True
b1812,b,ok,58412,58412,True,0,True,True,True,True
b1908,b,ok,70912,70912,True,0,True,True,True,True
b1909,b,ok,81410,81410,True,0,True,True,True,True
au2312,au,ok,145998,145998,True,0,True,True,True,True
au2406,au,ok,145259,145259,True,0,True,True,True,True
b1709,b,ok,42868,42868,True,0,True,True,True,True
b1811,b,ok,77427,77427,True,0,True,True,True,True
b1808,b,ok,55696,55696,True,0,True,True,True,True
b1902,b,ok,66570,66570,True,0,True,True,True,True
b1904,b,ok,66436,66436,True,0,True,True,True,True
b1807,b,ok,70885,70885,True,0,True,True,True,True
b1911,b,ok,80782,80782,True,0,True,True,True,True
b1403,b,ok,46258,46258,True,0,True,True,True,True
b1901,b,ok,83185,83185,True,0,True,True,True,True
b2008,b,ok,72934,72934,True,0,True,True,True,True
b2003,b,ok,76528,76528,True,0,True,True,True,True
b1912,b,ok,79171,79171,True,0,True,True,True,True
b2012,b,ok,72935,72935,True,0,True,True,True,True
au2512,au,ok,121553,121553,True,0,True,True,True,True
b1907,b,ok,75715,75715,True,0,True,True,True,True
b1903,b,ok,75656,75656,True,0,True,True,True,True
b2004,b,ok,72014,72014,True,0,True,True,True,True
b2010,b,ok,73693,73693,True,0,True,True,True,True
b2005,b,ok,75939,75939,True,0,True,True,True,True
b2102,b,ok,76695,76695,True,0,True,True,True,True
au2508,au,ok,145818,145818,True,0,True,True,True,True
b1411,b,ok,41095,41095,True,0,True,True,True,True
b2002,b,ok,77807,77807,True,0,True,True,True,True
b2006,b,ok,74449,74449,True,0,True,True,True,True
b1809,b,ok,79674,79674,True,0,True,True,True,True
b2206,b,ok,82623,82623,True,0,True,True,True,True
b1906,b,ok,73710,73710,True,0,True,True,True,True
b2109,b,ok,82819,82819,True,0,True,True,True,True
b2104,b,ok,81353,81353,True,0,True,True,True,True
b1910,b,ok,77889,77889,True,0,True,True,True,True
b2101,b,ok,75331,75331,True,0,True,True,True,True
b2007,b,ok,73189,73189,True,0,True,True,True,True
b2112,b,ok,81152,81152,True,0,True,True,True,True
b2105,b,ok,83199,83199,True,0,True,True,True,True
b2111,b,ok,81893,81893,True,0,True,True,True,True
b1905,b,ok,84536,84536,True,0,True,True,True,True
b2106,b,ok,82184,82184,True,0,True,True,True,True
b2107,b,ok,81637,81637,True,0,True,True,True,True
b2108,b,ok,81105,81105,True,0,True,True,True,True
b2110,b,ok,80969,80969,True,0,True,True,True,True
b2009,b,ok,74240,74240,True,0,True,True,True,True
b2001,b,ok,82333,82333,True,0,True,True,True,True
b2011,b,ok,72006,72006,True,0,True,True,True,True
b2103,b,ok,77171,77171,True,0,True,True,True,True
b2211,b,ok,83777,83777,True,0,True,True,True,True
b2303,b,ok,83321,83321,True,0,True,True,True,True
b2305,b,ok,82790,82790,True,0,True,True,True,True
b2203,b,ok,83321,83321,True,0,True,True,True,True
b2207,b,ok,83215,83215,True,0,True,True,True,True
b1509,b,ok,72559,72559,True,0,True,True,True,True
b2209,b,ok,81517,81517,True,0,True,True,True,True
b2208,b,ok,82303,82303,True,0,True,True,True,True
b2205,b,ok,81878,81878,True,0,True,True,True,True
b2212,b,ok,83184,83184,True,0,True,True,True,True
b2408,b,ok,82365,82365,True,0,True,True,True,True
b2201,b,ok,82548,82548,True,0,True,True,True,True
b2402,b,ok,84550,84550,True,0,True,True,True,True
b2202,b,ok,81591,81591,True,0,True,True,True,True
b2210,b,ok,83899,83899,True,0,True,True,True,True
b2310,b,ok,82624,82624,True,0,True,True,True,True
bb1407,bb,ok,33333,33333,True,0,True,True,True,True
b2606,b,ok,28846,28846,True,0,True,True,True,True
b2304,b,ok,81910,81910,True,0,True,True,True,True
b2406,b,ok,81698,81698,True,0,True,True,True,True
b2307,b,ok,83214,83214,True,0,True,True,True,True
b2602,b,ok,56054,56054,True,0,True,True,True,True
b2308,b,ok,83229,83229,True,0,True,True,True,True
b2512,b,ok,69772,69772,True,0,True,True,True,True
b2410,b,ok,81742,81742,True,0,True,True,True,True
b2404,b,ok,83307,83307,True,0,True,True,True,True
b2503,b,ok,80742,80742,True,0,True,True,True,True
b2309,b,ok,82531,82531,True,0,True,True,True,True
b2301,b,ok,82836,82836,True,0,True,True,True,True
b2510,b,ok,82381,82381,True,0,True,True,True,True
b2311,b,ok,82805,82805,True,0,True,True,True,True
bb1412,bb,ok,54597,54597,True,0,True,True,True,True
b2601,b,ok,62215,62215,True,0,True,True,True,True
b2511,b,ok,77101,77101,True,0,True,True,True,True
bb1602,bb,ok,13297,13297,True,0,True,True,True,True
b2401,b,ok,82956,82956,True,0,True,True,True,True
b2603,b,ok,49772,49772,True,0,True,True,True,True
bb1604,bb,ok,3191,3191,True,0,True,True,True,True
bb1501,bb,ok,55859,55859,True,0,True,True,True,True
b2407,b,ok,82090,82090,True,0,True,True,True,True
b2502,b,ok,80500,80500,True,0,True,True,True,True
b2312,b,ok,83063,83063,True,0,True,True,True,True
bb1408,bb,ok,38272,38272,True,0,True,True,True,True
bb1404,bb,ok,19365,19365,True,0,True,True,True,True
b2504,b,ok,80241,80241,True,0,True,True,True,True
b2508,b,ok,82305,82305,True,0,True,True,True,True
bb1611,bb,ok,767,767,True,0,True,True,True,True
bb1612,bb,ok,75,75,True,0,True,True,True,True
bb1411,bb,ok,51816,51816,True,0,True,True,True,True
bb1406,bb,ok,28774,28774,True,0,True,True,True,True
bb1609,bb,ok,4024,4024,True,0,True,True,True,True
b2409,b,ok,82107,82107,True,0,True,True,True,True
b2604,b,ok,42564,42564,True,0,True,True,True,True
b2505,b,ok,82851,82851,True,0,True,True,True,True
bb1512,bb,ok,18139,18139,True,0,True,True,True,True
b2605,b,ok,35356,35356,True,0,True,True,True,True
bb1608,bb,ok,730,730,True,0,True,True,True,True
bb1607,bb,ok,587,587,True,0,True,True,True,True
bb1405,bb,ok,24335,24335,True,0,True,True,True,True
bb1707,bb,ok,6604,6604,True,0,True,True,True,True
bb1606,bb,ok,2033,2033,True,0,True,True,True,True
b2412,b,ok,81516,81516,True,0,True,True,True,True
b2306,b,ok,84429,84429,True,0,True,True,True,True
bb1705,bb,ok,7684,7684,True,0,True,True,True,True
b2403,b,ok,82425,82425,True,0,True,True,True,True
b2302,b,ok,82245,82245,True,0,True,True,True,True
bb1605,bb,ok,19722,19722,True,0,True,True,True,True
bb1708,bb,ok,7867,7867,True,0,True,True,True,True
bb1603,bb,ok,5272,5272,True,0,True,True,True,True
bb1703,bb,ok,9223,9223,True,0,True,True,True,True
b2204,b,ok,82502,82502,True,0,True,True,True,True
bb1502,bb,ok,55205,55205,True,0,True,True,True,True
bb1601,bb,ok,50946,50946,True,0,True,True,True,True
bb1702,bb,ok,871,871,True,0,True,True,True,True
b2411,b,ok,82500,82500,True,0,True,True,True,True
bb1506,bb,ok,36872,36872,True,0,True,True,True,True
b2509,b,ok,81365,81365,True,0,True,True,True,True
bb1409,bb,ok,43487,43487,True,0,True,True,True,True
bb1701,bb,ok,19726,19726,True,0,True,True,True,True
b2507,b,ok,82093,82093,True,0,True,True,True,True
bb1806,bb,ok,18728,18728,True,0,True,True,True,True
bb1801,bb,ok,3449,3449,True,0,True,True,True,True
bb1610,bb,ok,526,526,True,0,True,True,True,True
b2506,b,ok,83171,83171,True,0,True,True,True,True
bb1704,bb,ok,6075,6075,True,0,True,True,True,True
bb1710,bb,ok,2078,2078,True,0,True,True,True,True
bb1503,bb,ok,54916,54916,True,0,True,True,True,True
bb1505,bb,ok,55570,55570,True,0,True,True,True,True
bb1906,bb,ok,563,563,True,0,True,True,True,True
bb1804,bb,ok,35888,35888,True,0,True,True,True,True
bb1410,bb,ok,47666,47666,True,0,True,True,True,True
bb1812,bb,ok,1138,1138,True,0,True,True,True,True
bb1706,bb,ok,1077,1077,True,0,True,True,True,True
bb1504,bb,ok,46009,46009,True,0,True,True,True,True
bb1907,bb,ok,3270,3270,True,0,True,True,True,True
b2501,b,ok,83261,83261,True,0,True,True,True,True
bb2005,bb,ok,9914,9914,True,0,True,True,True,True
bb1712,bb,ok,6549,6549,True,0,True,True,True,True
bb2007,bb,ok,13426,13426,True,0,True,True,True,True
bb2006,bb,ok,11660,11660,True,0,True,True,True,True
bb2201,bb,ok,302,302,True,0,True,True,True,True
bb1905,bb,ok,5804,5804,True,0,True,True,True,True
bb1902,bb,ok,7584,7584,True,0,True,True,True,True
bb1803,bb,ok,7163,7163,True,0,True,True,True,True
bb2002,bb,ok,18170,18170,True,0,True,True,True,True
bb2004,bb,ok,14101,14101,True,0,True,True,True,True
bb1808,bb,ok,28226,28226,True,0,True,True,True,True
bb1509,bb,ok,55372,55372,True,0,True,True,True,True
bb2008,bb,ok,13869,13869,True,0,True,True,True,True
bb1904,bb,ok,9568,9568,True,0,True,True,True,True
bb1711,bb,ok,4192,4192,True,0,True,True,True,True
bb2110,bb,ok,3886,3886,True,0,True,True,True,True
bb1511,bb,ok,45889,45889,True,0,True,True,True,True
bb1909,bb,ok,4254,4254,True,0,True,True,True,True
bb1809,bb,ok,28558,28558,True,0,True,True,True,True
bb1903,bb,ok,32489,32489,True,0,True,True,True,True
bb1802,bb,ok,5207,5207,True,0,True,True,True,True
bb1811,bb,ok,4574,4574,True,0,True,True,True,True
bb2108,bb,ok,4319,4319,True,0,True,True,True,True
bb1507,bb,ok,21165,21165,True,0,True,True,True,True
bb1901,bb,ok,9160,9160,True,0,True,True,True,True
bb2211,bb,ok,7664,7664,True,0,True,True,True,True
b2405,b,ok,82775,82775,True,0,True,True,True,True
bb2109,bb,ok,1764,1764,True,0,True,True,True,True
bb2102,bb,ok,7603,7603,True,0,True,True,True,True
bb1911,bb,ok,10929,10929,True,0,True,True,True,True
bb1709,bb,ok,18836,18836,True,0,True,True,True,True
bb1908,bb,ok,11169,11169,True,0,True,True,True,True
bb2111,bb,ok,1938,1938,True,0,True,True,True,True
bb2104,bb,ok,580,580,True,0,True,True,True,True
bb2204,bb,ok,238,238,True,0,True,True,True,True
bb2208,bb,ok,1466,1466,True,0,True,True,True,True
bb2009,bb,ok,18513,18513,True,0,True,True,True,True
bb1510,bb,ok,31224,31224,True,0,True,True,True,True
bb2012,bb,ok,10178,10178,True,0,True,True,True,True
bb1810,bb,ok,29878,29878,True,0,True,True,True,True
bb2003,bb,ok,12453,12453,True,0,True,True,True,True
bb1508,bb,ok,35945,35945,True,0,True,True,True,True
bb2405,bb,ok,226,226,True,0,True,True,True,True
bb2406,bb,ok,82,82,True,0,True,True,True,True
bb2011,bb,ok,7063,7063,True,0,True,True,True,True
bb2202,bb,ok,58,58,True,0,True,True,True,True
bb2311,bb,ok,255,255,True,0,True,True,True,True
bb2107,bb,ok,8070,8070,True,0,True,True,True,True
bb2106,bb,ok,4456,4456,True,0,True,True,True,True
bb2409,bb,ok,161,161,True,0,True,True,True,True
bb1807,bb,ok,19611,19611,True,0,True,True,True,True
bb2301,bb,ok,3864,3864,True,0,True,True,True,True
bb2206,bb,ok,167,167,True,0,True,True,True,True
bb2101,bb,ok,8765,8765,True,0,True,True,True,True
bb2402,bb,ok,75,75,True,0,True,True,True,True
bb2407,bb,ok,242,242,True,0,True,True,True,True
bb2302,bb,ok,234,234,True,0,True,True,True,True
bb2310,bb,ok,220,220,True,0,True,True,True,True
bb2408,bb,ok,76,76,True,0,True,True,True,True
bb2305,bb,ok,2674,2674,True,0,True,True,True,True
bb1912,bb,ok,14531,14531,True,0,True,True,True,True
bb2410,bb,ok,323,323,True,0,True,True,True,True
bb2207,bb,ok,1634,1634,True,0,True,True,True,True
bb2309,bb,ok,2543,2543,True,0,True,True,True,True
bb1805,bb,ok,20958,20958,True,0,True,True,True,True
bb2308,bb,ok,445,445,True,0,True,True,True,True
bb2205,bb,ok,213,213,True,0,True,True,True,True
bb2306,bb,ok,952,952,True,0,True,True,True,True
bb2001,bb,ok,5988,5988,True,0,True,True,True,True
bb2105,bb,ok,4000,4000,True,0,True,True,True,True
bb2210,bb,ok,1854,1854,True,0,True,True,True,True
bb2412,bb,ok,929,929,True,0,True,True,True,True
bb2502,bb,ok,2508,2508,True,0,True,True,True,True
bb2307,bb,ok,419,419,True,0,True,True,True,True
bb2010,bb,ok,19335,19335,True,0,True,True,True,True
bb2605,bb,ok,2395,2395,True,0,True,True,True,True
bb2103,bb,ok,2851,2851,True,0,True,True,True,True
bb2411,bb,ok,678,678,True,0,True,True,True,True
bb2312,bb,ok,87,87,True,0,True,True,True,True
bb2601,bb,ok,18558,18558,True,0,True,True,True,True
bb2209,bb,ok,3715,3715,True,0,True,True,True,True
bb2504,bb,ok,43288,43288,True,0,True,True,True,True
bb2511,bb,ok,29533,29533,True,0,True,True,True,True
bc2104,bc,ok,44349,44349,True,0,True,True,True,True
bb2212,bb,ok,414,414,True,0,True,True,True,True
bb1910,bb,ok,30389,30389,True,0,True,True,True,True
bb2501,bb,ok,37777,37777,True,0,True,True,True,True
bb2503,bb,ok,3008,3008,True,0,True,True,True,True
bb2603,bb,ok,14677,14677,True,0,True,True,True,True
bb2509,bb,ok,23650,23650,True,0,True,True,True,True
bc2106,bc,ok,62746,62746,True,0,True,True,True,True
bc2208,bc,ok,110461,110461,True,0,True,True,True,True
bc2103,bc,ok,34951,34951,True,0,True,True,True,True
bc2105,bc,ok,52884,52884,True,0,True,True,True,True
bc2203,bc,ok,110704,110704,True,0,True,True,True,True
bc2201,bc,ok,111039,111039,True,0,True,True,True,True
bc2109,bc,ok,93621,93621,True,0,True,True,True,True
bc2209,bc,ok,110705,110705,True,0,True,True,True,True
bc2110,bc,ok,99799,99799,True,0,True,True,True,True
bc2108,bc,ok,83169,83169,True,0,True,True,True,True
bc2212,bc,ok,110872,110872,True,0,True,True,True,True
bc2308,bc,ok,111130,111130,True,0,True,True,True,True
bc2304,bc,ok,111673,111673,True,0,True,True,True,True
bc2112,bc,ok,111204,111204,True,0,True,True,True,True
bc2107,bc,ok,72443,72443,True,0,True,True,True,True
bc2111,bc,ok,109316,109316,True,0,True,True,True,True
bc2310,bc,ok,110735,110735,True,0,True,True,True,True
bc2202,bc,ok,111013,111013,True,0,True,True,True,True
bc2406,bc,ok,110778,110778,True,0,True,True,True,True
bc2306,bc,ok,112441,112441,True,0,True,True,True,True
bc2309,bc,ok,111582,111582,True,0,True,True,True,True
bc2512,bc,ok,92823,92823,True,0,True,True,True,True
bc2301,bc,ok,110403,110403,True,0,True,True,True,True
bc2303,bc,ok,111508,111508,True,0,True,True,True,True
bc2305,bc,ok,110963,110963,True,0,True,True,True,True
bc2302,bc,ok,111295,111295,True,0,True,True,True,True
br2401,br,ok,39772,39772,True,0,True,True,True,True
bc2605,bc,ok,48294,48294,True,0,True,True,True,True
bc2403,bc,ok,110889,110889,True,0,True,True,True,True
bc2210,bc,ok,111977,111977,True,0,True,True,True,True
bc2205,bc,ok,110386,110386,True,0,True,True,True,True
bc2409,bc,ok,111156,111156,True,0,True,True,True,True
bc2401,bc,ok,109706,109706,True,0,True,True,True,True
bc2207,bc,ok,110583,110583,True,0,True,True,True,True
bc2604,bc,ok,56964,56964,True,0,True,True,True,True
br2402,br,ok,45796,45796,True,0,True,True,True,True
bc2312,bc,ok,110509,110509,True,0,True,True,True,True
bc2504,bc,ok,111079,111079,True,0,True,True,True,True
bc2405,bc,ok,111305,111305,True,0,True,True,True,True
bc2601,bc,ok,83215,83215,True,0,True,True,True,True
bc2402,bc,ok,111503,111503,True,0,True,True,True,True
bc2206,bc,ok,110644,110644,True,0,True,True,True,True
bc2509,bc,ok,110579,110579,True,0,True,True,True,True
bc2410,bc,ok,110276,110276,True,0,True,True,True,True
bc2411,bc,ok,111338,111338,True,0,True,True,True,True
bc2606,bc,ok,38686,38686,True,0,True,True,True,True
bc2404,bc,ok,110040,110040,True,0,True,True,True,True
br2403,br,ok,52822,52822,True,0,True,True,True,True
br2407,br,ok,80470,80470,True,0,True,True,True,True
bc2510,bc,ok,111215,111215,True,0,True,True,True,True
bc2508,bc,ok,111186,111186,True,0,True,True,True,True
bc2408,bc,ok,111805,111805,True,0,True,True,True,True
bc2204,bc,ok,111082,111082,True,0,True,True,True,True
bc2602,bc,ok,75483,75483,True,0,True,True,True,True
br2405,br,ok,65933,65933,True,0,True,True,True,True
bc2505,bc,ok,111475,111475,True,0,True,True,True,True
bc2307,bc,ok,110857,110857,True,0,True,True,True,True
br2512,br,ok,69074,69074,True,0,True,True,True,True
bc2507,bc,ok,110868,110868,True,0,True,True,True,True
bc2407,bc,ok,111049,111049,True,0,True,True,True,True
bu1407,bu,ok,24958,24958,True,0,True,True,True,True
br2606,br,ok,28846,28846,True,0,True,True,True,True
br2508,br,ok,83170,83170,True,0,True,True,True,True
bc2506,bc,ok,109945,109945,True,0,True,True,True,True
br2506,br,ok,83201,83201,True,0,True,True,True,True
br2502,br,ok,82746,82746,True,0,True,True,True,True
bu1502,bu,ok,10316,10316,True,0,True,True,True,True
bu1405,bu,ok,27115,27115,True,0,True,True,True,True
bu1410,bu,ok,25930,25930,True,0,True,True,True,True
bu1504,bu,ok,6659,6659,True,0,True,True,True,True
bc2501,bc,ok,111338,111338,True,0,True,True,True,True
bu1402,bu,ok,20003,20003,True,0,True,True,True,True
br2507,br,ok,83611,83611,True,0,True,True,True,True
br2412,br,ok,82715,82715,True,0,True,True,True,True
bc2412,bc,ok,111204,111204,True,0,True,True,True,True
br2605,br,ok,36054,36054,True,0,True,True,True,True
bu1505,bu,ok,20261,20261,True,0,True,True,True,True
bc2511,bc,ok,102672,102672,True,0,True,True,True,True
br2404,br,ok,59362,59362,True,0,True,True,True,True
br2603,br,ok,49423,49423,True,0,True,True,True,True
bc2211,bc,ok,110872,110872,True,0,True,True,True,True
br2409,br,ok,83246,83246,True,0,True,True,True,True
br2501,br,ok,83368,83368,True,0,True,True,True,True
br2509,br,ok,83216,83216,True,0,True,True,True,True
br2602,br,ok,56403,56403,True,0,True,True,True,True
br2410,br,ok,82936,82936,True,0,True,True,True,True
br2503,br,ok,83262,83262,True,0,True,True,True,True
bu1404,bu,ok,27268,27268,True,0,True,True,True,True
bu1501,bu,ok,22033,22033,True,0,True,True,True,True
br2604,br,ok,42564,42564,True,0,True,True,True,True
bu1403,bu,ok,24472,24472,True,0,True,True,True,True
bc2603,bc,ok,66103,66103,True,0,True,True,True,True
br2505,br,ok,83171,83171,True,0,True,True,True,True
bu1409,bu,ok,53033,53033,True,0,True,True,True,True
bc2502,bc,ok,110537,110537,True,0,True,True,True,True
bu1408,bu,ok,27648,27648,True,0,True,True,True,True
br2406,br,ok,72973,72973,True,0,True,True,True,True
bu1411,bu,ok,21796,21796,True,0,True,True,True,True
bu1507,bu,ok,29602,29602,True,0,True,True,True,True
bc2503,bc,ok,111097,111097,True,0,True,True,True,True
bu1503,bu,ok,74657,74657,True,0,True,True,True,True
bu1605,bu,ok,41077,41077,True,0,True,True,True,True
bc2311,bc,ok,110266,110266,True,0,True,True,True,True
br2601,br,ok,62215,62215,True,0,True,True,True,True
bu1508,bu,ok,34068,34068,True,0,True,True,True,True
bu1511,bu,ok,35894,35894,True,0,True,True,True,True
br2411,br,ok,83511,83511,True,0,True,True,True,True
bu1611,bu,ok,23380,23380,True,0,True,True,True,True
bu1608,bu,ok,33323,33323,True,0,True,True,True,True
br2511,br,ok,76752,76752,True,0,True,True,True,True
bu1406,bu,ok,38532,38532,True,0,True,True,True,True
bu1412,bu,ok,66074,66074,True,0,True,True,True,True
bu1610,bu,ok,36877,36877,True,0,True,True,True,True
br2408,br,ok,83776,83776,True,0,True,True,True,True
bu1710,bu,ok,42032,42032,True,0,True,True,True,True
bu1602,bu,ok,35904,35904,True,0,True,True,True,True
bu1510,bu,ok,33250,33250,True,0,True,True,True,True
bu1807,bu,ok,40712,40712,True,0,True,True,True,True
bu1704,bu,ok,34262,34262,True,0,True,True,True,True
bu1604,bu,ok,27998,27998,True,0,True,True,True,True
bu1607,bu,ok,27060,27060,True,0,True,True,True,True
bu1805,bu,ok,40591,40591,True,0,True,True,True,True
br2510,br,ok,84081,84081,True,0,True,True,True,True
bu1707,bu,ok,40604,40604,True,0,True,True,True,True
bu1810,bu,ok,41455,41455,True,0,True,True,True,True
bu1601,bu,ok,42386,42386,True,0,True,True,True,True
bu1702,bu,ok,30251,30251,True,0,True,True,True,True
bu1705,bu,ok,41387,41387,True,0,True,True,True,True
bu1701,bu,ok,42343,42343,True,0,True,True,True,True
bu1908,bu,ok,41788,41788,True,0,True,True,True,True
bu1603,bu,ok,116708,116708,True,0,True,True,True,True
bu2004,bu,ok,36514,36514,True,0,True,True,True,True
bu1811,bu,ok,40495,40495,True,0,True,True,True,True
br2504,br,ok,83611,83611,True,0,True,True,True,True
bu1910,bu,ok,41061,41061,True,0,True,True,True,True
bu1708,bu,ok,42912,42912,True,0,True,True,True,True
bu2010,bu,ok,40034,40034,True,0,True,True,True,True
bu1802,bu,ok,41757,41757,True,0,True,True,True,True
bu2002,bu,ok,39533,39533,True,0,True,True,True,True
bu1901,bu,ok,42183,42183,True,0,True,True,True,True
bu1804,bu,ok,41379,41379,True,0,True,True,True,True
bu1506,bu,ok,106699,106699,True,0,True,True,True,True
bu2007,bu,ok,32816,32816,True,0,True,True,True,True
bu1808,bu,ok,40695,40695,True,0,True,True,True,True
bu1801,bu,ok,42973,42973,True,0,True,True,True,True
bu2001,bu,ok,42912,42912,True,0,True,True,True,True
bu2011,bu,ok,41835,41835,True,0,True,True,True,True
bu1911,bu,ok,42350,42350,True,0,True,True,True,True
bu1509,bu,ok,124627,124627,True,0,True,True,True,True
bu1904,bu,ok,41470,41470,True,0,True,True,True,True
bu1612,bu,ok,158629,158629,True,0,True,True,True,True
bu2005,bu,ok,33666,33666,True,0,True,True,True,True
bu2008,bu,ok,35695,35695,True,0,True,True,True,True
bu1703,bu,ok,136186,136186,True,0,True,True,True,True
bu1905,bu,ok,40698,40698,True,0,True,True,True,True
bu1609,bu,ok,146337,146337,True,0,True,True,True,True
bu2102,bu,ok,40499,40499,True,0,True,True,True,True
bu2104,bu,ok,42048,42048,True,0,True,True,True,True
bu1907,bu,ok,40363,40363,True,0,True,True,True,True
bu1711,bu,ok,42806,42806,True,0,True,True,True,True
bu1902,bu,ok,40377,40377,True,0,True,True,True,True
bu2101,bu,ok,43383,43383,True,0,True,True,True,True
bu1606,bu,ok,133055,133055,True,0,True,True,True,True
bu2107,bu,ok,40211,40211,True,0,True,True,True,True
bu1903,bu,ok,168647,168647,True,0,True,True,True,True
bu2202,bu,ok,40606,40606,True,0,True,True,True,True
bu1512,bu,ok,130034,130034,True,0,True,True,True,True
bu2205,bu,ok,41047,41047,True,0,True,True,True,True
bu2208,bu,ok,42563,42563,True,0,True,True,True,True
bu2211,bu,ok,55856,55856,True,0,True,True,True,True
bu2110,bu,ok,41395,41395,True,0,True,True,True,True
bu2201,bu,ok,42441,42441,True,0,True,True,True,True
bu2003,bu,ok,163985,163985,True,0,True,True,True,True
bu1806,bu,ok,166982,166982,True,0,True,True,True,True
bu2105,bu,ok,40894,40894,True,0,True,True,True,True
bu2108,bu,ok,43423,43423,True,0,True,True,True,True
bu1809,bu,ok,168836,168836,True,0,True,True,True,True
bu2207,bu,ok,40697,40697,True,0,True,True,True,True
bu1803,bu,ok,153843,153843,True,0,True,True,True,True
bu1709,bu,ok,163281,163281,True,0,True,True,True,True
bu2009,bu,ok,159841,159841,True,0,True,True,True,True
bu2006,bu,ok,160129,160129,True,0,True,True,True,True
bu1909,bu,ok,167631,167631,True,0,True,True,True,True
bu2204,bu,ok,42153,42153,True,0,True,True,True,True
bu1812,bu,ok,169026,169026,True,0,True,True,True,True
bu2311,bu,ok,84019,84019,True,0,True,True,True,True
bu2111,bu,ok,41865,41865,True,0,True,True,True,True
bu2302,bu,ok,76980,76980,True,0,True,True,True,True
bu2106,bu,ok,160083,160083,True,0,True,True,True,True
bu2502,bu,ok,82912,82912,True,0,True,True,True,True
bu1912,bu,ok,167859,167859,True,0,True,True,True,True
bu2103,bu,ok,160190,160190,True,0,True,True,True,True
bu2402,bu,ok,84430,84430,True,0,True,True,True,True
bu2410,bu,ok,83200,83200,True,0,True,True,True,True
bu2304,bu,ok,84308,84308,True,0,True,True,True,True
bu2405,bu,ok,83640,83640,True,0,True,True,True,True
bu1706,bu,ok,165022,165022,True,0,True,True,True,True
bu2210,bu,ok,48953,48953,True,0,True,True,True,True
bu2301,bu,ok,71168,71168,True,0,True,True,True,True
bu2112,bu,ok,160311,160311,True,0,True,True,True,True
bu2605,bu,ok,36054,36054,True,0,True,True,True,True
c1003,c,ok,6160,6160,True,0,True,True,True,True
bu2408,bu,ok,83381,83381,True,0,True,True,True,True
bu2401,bu,ok,83640,83640,True,0,True,True,True,True
bu2012,bu,ok,159962,159962,True,0,True,True,True,True
bu2308,bu,ok,83960,83960,True,0,True,True,True,True
bu2504,bu,ok,83611,83611,True,0,True,True,True,True
bu2404,bu,ok,82881,82881,True,0,True,True,True,True
bu2604,bu,ok,42564,42564,True,0,True,True,True,True
bu2407,bu,ok,82926,82926,True,0,True,True,True,True
c1005,c,ok,18179,18179,True,0,True,True,True,True
bu2703,bu,ok,49423,49423,True,0,True,True,True,True
c1001,c,ok,311,311,True,0,True,True,True,True
bu2606,bu,ok,112108,112108,True,0,True,True,True,True
bz2603,bz,ok,23490,23490,True,0,True,True,True,True
bu2206,bu,ok,167222,167222,True,0,True,True,True,True
bu2602,bu,ok,56403,56403,True,0,True,True,True,True
bu2310,bu,ok,83640,83640,True,0,True,True,True,True
bu2510,bu,ok,84081,84081,True,0,True,True,True,True
c1103,c,ok,50224,50224,True,0,True,True,True,True
bu2511,bu,ok,76752,76752,True,0,True,True,True,True
bu2508,bu,ok,82563,82563,True,0,True,True,True,True
bu2601,bu,ok,62215,62215,True,0,True,True,True,True
bz2606,bz,ok,23490,23490,True,0,True,True,True,True
bu2507,bu,ok,83337,83337,True,0,True,True,True,True
bu2505,bu,ok,83610,83610,True,0,True,True,True,True
bu1712,bu,ok,165706,165706,True,0,True,True,True,True
c1007,c,ok,24459,24459,True,0,True,True,True,True
bu2303,bu,ok,167919,167919,True,0,True,True,True,True
bu2305,bu,ok,83837,83837,True,0,True,True,True,True
bz2605,bz,ok,23490,23490,True,0,True,True,True,True
bu2706,bu,ok,28846,28846,True,0,True,True,True,True
c1011,c,ok,43796,43796,True,0,True,True,True,True
bu2312,bu,ok,167661,167661,True,0,True,True,True,True
bu2609,bu,ok,89544,89544,True,0,True,True,True,True
bu2307,bu,ok,83807,83807,True,0,True,True,True,True
c1307,c,ok,51166,51166,True,0,True,True,True,True
bu2406,bu,ok,168041,168041,True,0,True,True,True,True
bu1906,bu,ok,168587,168587,True,0,True,True,True,True
bu2409,bu,ok,167919,167919,True,0,True,True,True,True
bu2501,bu,ok,83458,83458,True,0,True,True,True,True
bu2203,bu,ok,163789,163789,True,0,True,True,True,True
c1203,c,ok,50902,50902,True,0,True,True,True,True
c1311,c,ok,50159,50159,True,0,True,True,True,True
bu2612,bu,ok,69423,69423,True,0,True,True,True,True
bu2109,bu,ok,161069,161069,True,0,True,True,True,True
bu2603,bu,ok,132685,132685,True,0,True,True,True,True
bz2604,bz,ok,23490,23490,True,0,True,True,True,True
bu2309,bu,ok,167495,167495,True,0,True,True,True,True
c1101,c,ok,52986,52986,True,0,True,True,True,True
bu2503,bu,ok,167252,167252,True,0,True,True,True,True
bu2411,bu,ok,83611,83611,True,0,True,True,True,True
c1301,c,ok,54111,54111,True,0,True,True,True,True
c1009,c,ok,38243,38243,True,0,True,True,True,True
bu2512,bu,ok,152685,152685,True,0,True,True,True,True
bu2209,bu,ok,167571,167571,True,0,True,True,True,True
c1507,c,ok,53655,53655,True,0,True,True,True,True
c1107,c,ok,51912,51912,True,0,True,True,True,True
c1407,c,ok,54947,54947,True,0,True,True,True,True
bu2509,bu,ok,166994,166994,True,0,True,True,True,True
c1205,c,ok,53245,53245,True,0,True,True,True,True
c1109,c,ok,54082,54082,True,0,True,True,True,True
c1201,c,ok,53367,53367,True,0,True,True,True,True
c1303,c,ok,49214,49214,True,0,True,True,True,True
c1111,c,ok,53555,53555,True,0,True,True,True,True
c1309,c,ok,54490,54490,True,0,True,True,True,True
c1403,c,ok,52500,52500,True,0,True,True,True,True
c1305,c,ok,54764,54764,True,0,True,True,True,True
c1207,c,ok,50596,50596,True,0,True,True,True,True
c1209,c,ok,53746,53746,True,0,True,True,True,True
bu2412,bu,ok,167343,167343,True,0,True,True,True,True
c1503,c,ok,52895,52895,True,0,True,True,True,True
bu2403,bu,ok,168041,168041,True,0,True,True,True,True
c1711,c,ok,54055,54055,True,0,True,True,True,True
c1605,c,ok,55556,55556,True,0,True,True,True,True
c1105,c,ok,54126,54126,True,0,True,True,True,True
bu2306,bu,ok,168328,168328,True,0,True,True,True,True
c1505,c,ok,54871,54871,True,0,True,True,True,True
c1801,c,ok,55358,55358,True,0,True,True,True,True
c1401,c,ok,52393,52393,True,0,True,True,True,True
c1903,c,ok,53640,53640,True,0,True,True,True,True
c1805,c,ok,55297,55297,True,0,True,True,True,True
c1405,c,ok,54415,54415,True,0,True,True,True,True
c1707,c,ok,53837,53837,True,0,True,True,True,True
c1905,c,ok,59202,59202,True,0,True,True,True,True
c1211,c,ok,51090,51090,True,0,True,True,True,True
bu2212,bu,ok,167570,167570,True,0,True,True,True,True
c1611,c,ok,51876,51876,True,0,True,True,True,True
c1703,c,ok,54131,54131,True,0,True,True,True,True
c1411,c,ok,53913,53913,True,0,True,True,True,True
c1709,c,ok,55282,55282,True,0,True,True,True,True
bu2506,bu,ok,166463,166463,True,0,True,True,True,True
c1511,c,ok,53381,53381,True,0,True,True,True,True
c1509,c,ok,55860,55860,True,0,True,True,True,True
c1603,c,ok,51739,51739,True,0,True,True,True,True
c1701,c,ok,55358,55358,True,0,True,True,True,True
c1607,c,ok,52241,52241,True,0,True,True,True,True
c1907,c,ok,63222,63222,True,0,True,True,True,True
c1909,c,ok,68546,68546,True,0,True,True,True,True
c1705,c,ok,54963,54963,True,0,True,True,True,True
c1409,c,ok,53763,53763,True,0,True,True,True,True
c1807,c,ok,55053,55053,True,0,True,True,True,True
c1601,c,ok,54127,54127,True,0,True,True,True,True
c2001,c,ok,77226,77226,True,0,True,True,True,True
c2107,c,ok,83518,83518,True,0,True,True,True,True
c2005,c,ok,76867,76867,True,0,True,True,True,True
c2209,c,ok,83490,83490,True,0,True,True,True,True
c2003,c,ok,78617,78617,True,0,True,True,True,True
c1803,c,ok,54339,54339,True,0,True,True,True,True
c2203,c,ok,83580,83580,True,0,True,True,True,True
c1809,c,ok,55556,55556,True,0,True,True,True,True
cs1503,cs,ok,11735,11735,True,0,True,True,True,True
c2605,c,ok,35356,35356,True,0,True,True,True,True
c1911,c,ok,72523,72523,True,0,True,True,True,True
c1811,c,ok,55570,55570,True,0,True,True,True,True
c2101,c,ok,76700,76700,True,0,True,True,True,True
cs1507,cs,ok,27664,27664,True,0,True,True,True,True
c2103,c,ok,79479,79479,True,0,True,True,True,True
c2511,c,ok,77101,77101,True,0,True,True,True,True
c2111,c,ok,83459,83459,True,0,True,True,True,True
c2007,c,ok,74560,74560,True,0,True,True,True,True
c2303,c,ok,83291,83291,True,0,True,True,True,True
c2109,c,ok,84065,84065,True,0,True,True,True,True
c2009,c,ok,76047,76047,True,0,True,True,True,True
c1501,c,ok,55373,55373,True,0,True,True,True,True
c1609,c,ok,55297,55297,True,0,True,True,True,True
c2305,c,ok,83747,83747,True,0,True,True,True,True
c2011,c,ok,76214,76214,True,0,True,True,True,True
c2603,c,ok,49772,49772,True,0,True,True,True,True
cs1803,cs,ok,53564,53564,True,0,True,True,True,True
cs1607,cs,ok,32337,32337,True,0,True,True,True,True
c2207,c,ok,83611,83611,True,0,True,True,True,True
c1901,c,ok,55221,55221,True,0,True,True,True,True
c2411,c,ok,82928,82928,True,0,True,True,True,True
c2105,c,ok,83458,83458,True,0,True,True,True,True
cs1701,cs,ok,55419,55419,True,0,True,True,True,True
c2307,c,ok,83960,83960,True,0,True,True,True,True
cs1703,cs,ok,33736,33736,True,0,True,True,True,True
c2309,c,ok,83731,83731,True,0,True,True,True,True
c2505,c,ok,83337,83337,True,0,True,True,True,True
c2311,c,ok,83929,83929,True,0,True,True,True,True
cs1505,cs,ok,21295,21295,True,0,True,True,True,True
cs1611,cs,ok,30834,30834,True,0,True,True,True,True
c2503,c,ok,83262,83262,True,0,True,True,True,True
cs1603,cs,ok,48318,48318,True,0,True,True,True,True
c2205,c,ok,83201,83201,True,0,True,True,True,True
cs1801,cs,ok,55571,55571,True,0,True,True,True,True
c2301,c,ok,83611,83611,True,0,True,True,True,True
c2211,c,ok,83717,83717,True,0,True,True,True,True
cs1711,cs,ok,53402,53402,True,0,True,True,True,True
c2407,c,ok,83292,83292,True,0,True,True,True,True
cs1903,cs,ok,53244,53244,True,0,True,True,True,True
cs1809,cs,ok,55647,55647,True,0,True,True,True,True
cs1707,cs,ok,40833,40833,True,0,True,True,True,True
c2601,c,ok,62215,62215,True,0,True,True,True,True
cs1805,cs,ok,55237,55237,True,0,True,True,True,True
cs1511,cs,ok,46405,46405,True,0,True,True,True,True
c2201,c,ok,83656,83656,True,0,True,True,True,True
cs1609,cs,ok,54506,54506,True,0,True,True,True,True
c2507,c,ok,83520,83520,True,0,True,True,True,True
cs1911,cs,ok,69381,69381,True,0,True,True,True,True
cs1601,cs,ok,55266,55266,True,0,True,True,True,True
cs2009,cs,ok,76169,76169,True,0,True,True,True,True
c2509,c,ok,83034,83034,True,0,True,True,True,True
cs1605,cs,ok,54476,54476,True,0,True,True,True,True
cs1807,cs,ok,53458,53458,True,0,True,True,True,True
cs1705,cs,ok,55114,55114,True,0,True,True,True,True
cs1901,cs,ok,55008,55008,True,0,True,True,True,True
c2403,c,ok,83625,83625,True,0,True,True,True,True
cs2201,cs,ok,83687,83687,True,0,True,True,True,True
cs1509,cs,ok,40751,40751,True,0,True,True,True,True
cs2007,cs,ok,72403,72403,True,0,True,True,True,True
cs2003,cs,ok,76884,76884,True,0,True,True,True,True
c2409,c,ok,83443,83443,True,0,True,True,True,True
cs1909,cs,ok,68364,68364,True,0,True,True,True,True
cu1001,cu,ok,2280,2280,True,0,True,True,True,True
cs1709,cs,ok,55404,55404,True,0,True,True,True,True
cu1003,cu,ok,10488,10488,True,0,True,True,True,True
c2501,c,ok,83550,83550,True,0,True,True,True,True
cs2107,cs,ok,83883,83883,True,0,True,True,True,True
cs1905,cs,ok,59003,59003,True,0,True,True,True,True
cs2605,cs,ok,35356,35356,True,0,True,True,True,True
cs2207,cs,ok,83140,83140,True,0,True,True,True,True
cs2209,cs,ok,83490,83490,True,0,True,True,True,True
cu1002,cu,ok,6156,6156,True,0,True,True,True,True
cs2411,cs,ok,83247,83247,True,0,True,True,True,True
cu1005,cu,ok,20292,20292,True,0,True,True,True,True
cs2101,cs,ok,76624,76624,True,0,True,True,True,True
cs2603,cs,ok,49772,49772,True,0,True,True,True,True
cs2011,cs,ok,74983,74983,True,0,True,True,True,True
cs2203,cs,ok,83003,83003,True,0,True,True,True,True
cs2311,cs,ok,83959,83959,True,0,True,True,True,True
cs2507,cs,ok,81969,81969,True,0,True,True,True,True
cs2211,cs,ok,83504,83504,True,0,True,True,True,True
cu1004,cu,ok,15504,15504,True,0,True,True,True,True
c2401,c,ok,83671,83671,True,0,True,True,True,True
cs2301,cs,ok,83307,83307,True,0,True,True,True,True
cs2303,cs,ok,82973,82973,True,0,True,True,True,True
cu1008,cu,ok,34428,34428,True,0,True,True,True,True
cu1007,cu,ok,29412,29412,True,0,True,True,True,True
cs2109,cs,ok,83790,83790,True,0,True,True,True,True
cs2205,cs,ok,82654,82654,True,0,True,True,True,True
cs2103,cs,ok,78703,78703,True,0,True,True,True,True
cs2307,cs,ok,82670,82670,True,0,True,True,True,True
cs2503,cs,ok,82426,82426,True,0,True,True,True,True
cs2111,cs,ok,83611,83611,True,0,True,True,True,True
cu1110,cu,ok,54781,54781,True,0,True,True,True,True
cs2501,cs,ok,83261,83261,True,0,True,True,True,True
cs2001,cs,ok,78134,78134,True,0,True,True,True,True
cu1106,cu,ok,54796,54796,True,0,True,True,True,True
cu1006,cu,ok,24852,24852,True,0,True,True,True,True
cs1811,cs,ok,53260,53260,True,0,True,True,True,True
cs2511,cs,ok,77101,77101,True,0,True,True,True,True
cs2105,cs,ok,83959,83959,True,0,True,True,True,True
cu1111,cu,ok,54857,54857,True,0,True,True,True,True
cs2405,cs,ok,83504,83504,True,0,True,True,True,True
cs2509,cs,ok,83064,83064,True,0,True,True,True,True
cs2005,cs,ok,76396,76396,True,0,True,True,True,True
cs2409,cs,ok,82440,82440,True,0,True,True,True,True
cs2403,cs,ok,82592,82592,True,0,True,True,True,True
cs2401,cs,ok,83215,83215,True,0,True,True,True,True
cs2505,cs,ok,83459,83459,True,0,True,True,True,True
c2405,c,ok,83671,83671,True,0,True,True,True,True
cu1009,cu,ok,39444,39444,True,0,True,True,True,True
cs2309,cs,ok,83305,83305,True,0,True,True,True,True
cu1102,cu,ok,54188,54188,True,0,True,True,True,True
cu1107,cu,ok,55328,55328,True,0,True,True,True,True
cu1301,cu,ok,55403,55403,True,0,True,True,True,True
cs2407,cs,ok,80970,80970,True,0,True,True,True,True
cu1101,cu,ok,55100,55100,True,0,True,True,True,True
cu1112,cu,ok,54857,54857,True,0,True,True,True,True
cu1201,cu,ok,54249,54249,True,0,True,True,True,True
cu1307,cu,ok,54492,54492,True,0,True,True,True,True
cu1108,cu,ok,54948,54948,True,0,True,True,True,True
cu1012,cu,ok,52364,52364,True,0,True,True,True,True
cs2601,cs,ok,62215,62215,True,0,True,True,True,True
cu1109,cu,ok,54568,54568,True,0,True,True,True,True
cs1907,cs,ok,59517,59517,True,0,True,True,True,True
cu1202,cu,ok,54872,54872,True,0,True,True,True,True
cu1209,cu,ok,55479,55479,True,0,True,True,True,True
cu1302,cu,ok,55631,55631,True,0,True,True,True,True
cs2305,cs,ok,83823,83823,True,0,True,True,True,True
cu1203,cu,ok,55161,55161,True,0,True,True,True,True
cu1303,cu,ok,55175,55175,True,0,True,True,True,True
cu1204,cu,ok,54629,54629,True,0,True,True,True,True
cu1308,cu,ok,54720,54720,True,0,True,True,True,True
cu1011,cu,ok,47348,47348,True,0,True,True,True,True
cu1210,cu,ok,55175,55175,True,0,True,True,True,True
cu1103,cu,ok,55024,55024,True,0,True,True,True,True
cu1305,cu,ok,55176,55176,True,0,True,True,True,True
cu1312,cu,ok,54036,54036,True,0,True,True,True,True
cu1010,cu,ok,42636,42636,True,0,True,True,True,True
cu1205,cu,ok,54476,54476,True,0,True,True,True,True
cu1401,cu,ok,58576,58576,True,0,True,True,True,True
cu1306,cu,ok,54492,54492,True,0,True,True,True,True
cu1311,cu,ok,54264,54264,True,0,True,True,True,True
cu1207,cu,ok,54567,54567,True,0,True,True,True,True
cu1403,cu,ok,67493,67493,True,0,True,True,True,True
cu1404,cu,ok,72300,72300,True,0,True,True,True,True
cu1208,cu,ok,54947,54947,True,0,True,True,True,True
cu1402,cu,ok,62445,62445,True,0,True,True,True,True
cu1501,cu,ok,112749,112749,True,0,True,True,True,True
cu1212,cu,ok,55631,55631,True,0,True,True,True,True
cu1304,cu,ok,55176,55176,True,0,True,True,True,True
cu1309,cu,ok,54492,54492,True,0,True,True,True,True
cu1206,cu,ok,55023,55023,True,0,True,True,True,True
cu1412,cu,ok,111785,111785,True,0,True,True,True,True
cu1211,cu,ok,55631,55631,True,0,True,True,True,True
cu1310,cu,ok,54264,54264,True,0,True,True,True,True
cu1506,cu,ok,113459,113459,True,0,True,True,True,True
cu1104,cu,ok,54872,54872,True,0,True,True,True,True
cu1603,cu,ok,112977,112977,True,0,True,True,True,True
cu1409,cu,ok,97049,97049,True,0,True,True,True,True
cu1407,cu,ok,87444,87444,True,0,True,True,True,True
cu1408,cu,ok,92987,92987,True,0,True,True,True,True
cu1105,cu,ok,54644,54644,True,0,True,True,True,True
cu1406,cu,ok,82094,82094,True,0,True,True,True,True
cu1504,cu,ok,112749,112749,True,0,True,True,True,True
cu1505,cu,ok,113218,113218,True,0,True,True,True,True
cu1507,cu,ok,113157,113157,True,0,True,True,True,True
cu1601,cu,ok,112977,112977,True,0,True,True,True,True
cu1502,cu,ok,112929,112929,True,0,True,True,True,True
cu1605,cu,ok,112977,112977,True,0,True,True,True,True
cu1612,cu,ok,112797,112797,True,0,True,True,True,True
cu1702,cu,ok,111230,111230,True,0,True,True,True,True
cu1602,cu,ok,110391,110391,True,0,True,True,True,True
cu1511,cu,ok,112039,112039,True,0,True,True,True,True
cu1611,cu,ok,112087,112087,True,0,True,True,True,True
cu1704,cu,ok,110817,110817,True,0,True,True,True,True
cu1607,cu,ok,112977,112977,True,0,True,True,True,True
cu1703,cu,ok,111366,111366,True,0,True,True,True,True
cu1509,cu,ok,112749,112749,True,0,True,True,True,True
cu1610,cu,ok,113218,113218,True,0,True,True,True,True
cu1410,cu,ok,101650,101650,True,0,True,True,True,True
cu1411,cu,ok,107193,107193,True,0,True,True,True,True
cu1711,cu,ok,113124,113124,True,0,True,True,True,True
cu1606,cu,ok,112267,112267,True,0,True,True,True,True
cu1701,cu,ok,110866,110866,True,0,True,True,True,True
cu1804,cu,ok,112990,112990,True,0,True,True,True,True
cu1508,cu,ok,113218,113218,True,0,True,True,True,True
cu1801,cu,ok,112990,112990,True,0,True,True,True,True
cu1707,cu,ok,110234,110234,True,0,True,True,True,True
cu1706,cu,ok,110128,110128,True,0,True,True,True,True
cu1510,cu,ok,112508,112508,True,0,True,True,True,True
cu1405,cu,ok,77046,77046,True,0,True,True,True,True
cu1512,cu,ok,112447,112447,True,0,True,True,True,True
cu1811,cu,ok,112749,112749,True,0,True,True,True,True
cu1609,cu,ok,113915,113915,True,0,True,True,True,True
cu1901,cu,ok,112280,112280,True,0,True,True,True,True
cu1712,cu,ok,113459,113459,True,0,True,True,True,True
cu1905,cu,ok,112280,112280,True,0,True,True,True,True
cu1709,cu,ok,112025,112025,True,0,True,True,True,True
cu1909,cu,ok,111101,111101,True,0,True,True,True,True
cu1805,cu,ok,112990,112990,True,0,True,True,True,True
cu1809,cu,ok,113459,113459,True,0,True,True,True,True
cu1708,cu,ok,109021,109021,True,0,True,True,True,True
cu1803,cu,ok,113459,113459,True,0,True,True,True,True
cu1808,cu,ok,113459,113459,True,0,True,True,True,True
cu2004,cu,ok,100699,100699,True,0,True,True,True,True
cu1608,cu,ok,111798,111798,True,0,True,True,True,True
cu1503,cu,ok,112280,112280,True,0,True,True,True,True
cu1710,cu,ok,112052,112052,True,0,True,True,True,True
cu1912,cu,ok,111811,111811,True,0,True,True,True,True
cu1906,cu,ok,111570,111570,True,0,True,True,True,True
cu1802,cu,ok,114169,114169,True,0,True,True,True,True
cu2002,cu,ok,109870,109870,True,0,True,True,True,True
cu1806,cu,ok,114169,114169,True,0,True,True,True,True
cu1705,cu,ok,110972,110972,True,0,True,True,True,True
cu2005,cu,ok,98048,98048,True,0,True,True,True,True
cu1908,cu,ok,112280,112280,True,0,True,True,True,True
cu1903,cu,ok,112280,112280,True,0,True,True,True,True
cu2009,cu,ok,97759,97759,True,0,True,True,True,True
cu2006,cu,ok,97820,97820,True,0,True,True,True,True
cu1812,cu,ok,112749,112749,True,0,True,True,True,True
cu1911,cu,ok,112280,112280,True,0,True,True,True,True
cu1907,cu,ok,111811,111811,True,0,True,True,True,True
cu1604,cu,ok,113445,113445,True,0,True,True,True,True
cu2102,cu,ok,99533,99533,True,0,True,True,True,True
cu2111,cu,ok,111811,111811,True,0,True,True,True,True
cu1902,cu,ok,111570,111570,True,0,True,True,True,True
cu1810,cu,ok,112280,112280,True,0,True,True,True,True
cu2110,cu,ok,112280,112280,True,0,True,True,True,True
cu1807,cu,ok,112990,112990,True,0,True,True,True,True
cu2104,cu,ok,109870,109870,True,0,True,True,True,True
cu2001,cu,ok,112749,112749,True,0,True,True,True,True
cu2007,cu,ok,97579,97579,True,0,True,True,True,True
cu2108,cu,ok,112521,112521,True,0,True,True,True,True
cu2010,cu,ok,97820,97820,True,0,True,True,True,True
cu2012,cu,ok,97351,97351,True,0,True,True,True,True
cu2203,cu,ok,112280,112280,True,0,True,True,True,True
cu2212,cu,ok,112280,112280,True,0,True,True,True,True
cu2008,cu,ok,97579,97579,True,0,True,True,True,True
cu2101,cu,ok,97820,97820,True,0,True,True,True,True
cu2201,cu,ok,112280,112280,True,0,True,True,True,True
cu2103,cu,ok,104581,104581,True,0,True,True,True,True
cu2205,cu,ok,111342,111342,True,0,True,True,True,True
cu2206,cu,ok,111811,111811,True,0,True,True,True,True
cu2109,cu,ok,112990,112990,True,0,True,True,True,True
cu1910,cu,ok,112280,112280,True,0,True,True,True,True
cu2105,cu,ok,112521,112521,True,0,True,True,True,True
cu2207,cu,ok,111811,111811,True,0,True,True,True,True
cu2106,cu,ok,111811,111811,True,0,True,True,True,True
cu2202,cu,ok,112508,112508,True,0,True,True,True,True
cu2402,cu,ok,112990,112990,True,0,True,True,True,True
cu2112,cu,ok,112280,112280,True,0,True,True,True,True
cu2003,cu,ok,105050,105050,True,0,True,True,True,True
cu2211,cu,ok,112280,112280,True,0,True,True,True,True
cu2107,cu,ok,112990,112990,True,0,True,True,True,True
cu2208,cu,ok,111342,111342,True,0,True,True,True,True
cu1904,cu,ok,112280,112280,True,0,True,True,True,True
cu2011,cu,ok,97351,97351,True,0,True,True,True,True
cu2303,cu,ok,112280,112280,True,0,True,True,True,True
cu2301,cu,ok,111811,111811,True,0,True,True,True,True
cu2302,cu,ok,112280,112280,True,0,True,True,True,True
cu2406,cu,ok,111342,111342,True,0,True,True,True,True
cu2307,cu,ok,112280,112280,True,0,True,True,True,True
cu2204,cu,ok,111811,111811,True,0,True,True,True,True
cu2412,cu,ok,111342,111342,True,0,True,True,True,True
cu2411,cu,ok,111811,111811,True,0,True,True,True,True
cu2604,cu,ok,56964,56964,True,0,True,True,True,True
cu2312,cu,ok,112521,112521,True,0,True,True,True,True
cu2605,cu,ok,48294,48294,True,0,True,True,True,True
cu2401,cu,ok,112052,112052,True,0,True,True,True,True
cu2308,cu,ok,112280,112280,True,0,True,True,True,True
eb2004,eb,ok,37969,37969,True,0,True,True,True,True
cu2511,cu,ok,102672,102672,True,0,True,True,True,True
cu2209,cu,ok,111101,111101,True,0,True,True,True,True
cu2304,cu,ok,112749,112749,True,0,True,True,True,True
eb2005,eb,ok,44501,44501,True,0,True,True,True,True
cu2408,cu,ok,112521,112521,True,0,True,True,True,True
cu2310,cu,ok,112052,112052,True,0,True,True,True,True
cu2305,cu,ok,112280,112280,True,0,True,True,True,True
cu2311,cu,ok,112521,112521,True,0,True,True,True,True
cu2503,cu,ok,111342,111342,True,0,True,True,True,True
cu2403,cu,ok,112521,112521,True,0,True,True,True,True
cu2410,cu,ok,111342,111342,True,0,True,True,True,True
cu2502,cu,ok,110873,110873,True,0,True,True,True,True
eb2010,eb,ok,72420,72420,True,0,True,True,True,True
cu2512,cu,ok,92823,92823,True,0,True,True,True,True
eb2006,eb,ok,51932,51932,True,0,True,True,True,True
cu2510,cu,ok,112521,112521,True,0,True,True,True,True
cu2501,cu,ok,111811,111811,True,0,True,True,True,True
cu2602,cu,ok,75483,75483,True,0,True,True,True,True
cu2309,cu,ok,112990,112990,True,0,True,True,True,True
cu2506,cu,ok,111342,111342,True,0,True,True,True,True
cu2404,cu,ok,111114,111114,True,0,True,True,True,True
cu2603,cu,ok,66103,66103,True,0,True,True,True,True
eb2011,eb,ok,75115,75115,True,0,True,True,True,True
eb2101,eb,ok,74412,74412,True,0,True,True,True,True
cu2606,cu,ok,38686,38686,True,0,True,True,True,True
cu2504,cu,ok,111811,111811,True,0,True,True,True,True
cu2405,cu,ok,112052,112052,True,0,True,True,True,True
cu2407,cu,ok,111583,111583,True,0,True,True,True,True
cu2509,cu,ok,111583,111583,True,0,True,True,True,True
eb2009,eb,ok,73923,73923,True,0,True,True,True,True
cu2508,cu,ok,111342,111342,True,0,True,True,True,True
cu2601,cu,ok,83215,83215,True,0,True,True,True,True
eb2106,eb,ok,83731,83731,True,0,True,True,True,True
eb2104,eb,ok,83225,83225,True,0,True,True,True,True
eb2203,eb,ok,83777,83777,True,0,True,True,True,True
eb2007,eb,ok,55821,55821,True,0,True,True,True,True
cu2210,cu,ok,112280,112280,True,0,True,True,True,True
eb2202,eb,ok,83505,83505,True,0,True,True,True,True
eb2110,eb,ok,82715,82715,True,0,True,True,True,True
cu2306,cu,ok,113459,113459,True,0,True,True,True,True
cu2409,cu,ok,111811,111811,True,0,True,True,True,True
eb2111,eb,ok,80878,80878,True,0,True,True,True,True
eb2302,eb,ok,82746,82746,True,0,True,True,True,True
eb2206,eb,ok,83459,83459,True,0,True,True,True,True
eb2102,eb,ok,78220,78220,True,0,True,True,True,True
eb2008,eb,ok,66062,66062,True,0,True,True,True,True
cu2507,cu,ok,111811,111811,True,0,True,True,True,True
eb2212,eb,ok,82426,82426,True,0,True,True,True,True
eb2402,eb,ok,83503,83503,True,0,True,True,True,True
eb2208,eb,ok,83550,83550,True,0,True,True,True,True
eb2211,eb,ok,83899,83899,True,0,True,True,True,True
eb2103,eb,ok,80773,80773,True,0,True,True,True,True
eb2207,eb,ok,82912,82912,True,0,True,True,True,True
eb2205,eb,ok,82124,82124,True,0,True,True,True,True
eb2105,eb,ok,83929,83929,True,0,True,True,True,True
eb2306,eb,ok,83670,83670,True,0,True,True,True,True
eb2210,eb,ok,83793,83793,True,0,True,True,True,True
eb2308,eb,ok,83837,83837,True,0,True,True,True,True
eb2305,eb,ok,83928,83928,True,0,True,True,True,True
eb2310,eb,ok,83367,83367,True,0,True,True,True,True
eb2012,eb,ok,75619,75619,True,0,True,True,True,True
eb2304,eb,ok,83960,83960,True,0,True,True,True,True
eb2309,eb,ok,83549,83549,True,0,True,True,True,True
eb2109,eb,ok,80817,80817,True,0,True,True,True,True
eb2311,eb,ok,82881,82881,True,0,True,True,True,True
ec2406,ec,ok,46284,46284,True,0,True,True,True,True
eb2405,eb,ok,83291,83291,True,0,True,True,True,True
eb2201,eb,ok,82094,82094,True,0,True,True,True,True
eb2108,eb,ok,82880,82880,True,0,True,True,True,True
eb2403,eb,ok,83185,83185,True,0,True,True,True,True
eb2204,eb,ok,82837,82837,True,0,True,True,True,True
eb2307,eb,ok,83670,83670,True,0,True,True,True,True
cu2505,cu,ok,111811,111811,True,0,True,True,True,True
eb2605,eb,ok,33262,33262,True,0,True,True,True,True
eb2303,eb,ok,82715,82715,True,0,True,True,True,True
eb2107,eb,ok,83078,83078,True,0,True,True,True,True
eg1906,eg,ok,34338,34338,True,0,True,True,True,True
ec2504,ec,ok,54948,54948,True,0,True,True,True,True
eb2312,eb,ok,82381,82381,True,0,True,True,True,True
ec2602,ec,ok,36024,36024,True,0,True,True,True,True
ec2404,ec,ok,38076,38076,True,0,True,True,True,True
eb2301,eb,ok,81987,81987,True,0,True,True,True,True
eb2407,eb,ok,83046,83046,True,0,True,True,True,True
eg1907,eg,ok,37570,37570,True,0,True,True,True,True
ec2410,ec,ok,65208,65208,True,0,True,True,True,True
eb2209,eb,ok,83595,83595,True,0,True,True,True,True
ec2604,ec,ok,25992,25992,True,0,True,True,True,True
eb2411,eb,ok,82305,82305,True,0,True,True,True,True
eb2506,eb,ok,83519,83519,True,0,True,True,True,True
eb2112,eb,ok,83063,83063,True,0,True,True,True,True
eb2511,eb,ok,74309,74309,True,0,True,True,True,True
eb2404,eb,ok,83381,83381,True,0,True,True,True,True
eb2408,eb,ok,83488,83488,True,0,True,True,True,True
ec2606,ec,ok,16644,16644,True,0,True,True,True,True
eb2603,eb,ok,46980,46980,True,0,True,True,True,True
eb2502,eb,ok,80969,80969,True,0,True,True,True,True
ec2508,ec,ok,54948,54948,True,0,True,True,True,True
eb2409,eb,ok,82440,82440,True,0,True,True,True,True
eb2504,eb,ok,83519,83519,True,0,True,True,True,True
ec2408,ec,ok,56544,56544,True,0,True,True,True,True
eb2604,eb,ok,39772,39772,True,0,True,True,True,True
eb2412,eb,ok,83458,83458,True,0,True,True,True,True
eb2602,eb,ok,54248,54248,True,0,True,True,True,True
eb2410,eb,ok,83261,83261,True,0,True,True,True,True
ec2506,ec,ok,56088,56088,True,0,True,True,True,True
eb2509,eb,ok,81987,81987,True,0,True,True,True,True
ec2510,ec,ok,53808,53808,True,0,True,True,True,True
eb2512,eb,ok,66631,66631,True,0,True,True,True,True
eb2401,eb,ok,84580,84580,True,0,True,True,True,True
eg1910,eg,ok,59632,59632,True,0,True,True,True,True
eb2505,eb,ok,83262,83262,True,0,True,True,True,True
eg2007,eg,ok,71616,71616,True,0,True,True,True,True
ec2512,ec,ok,43548,43548,True,0,True,True,True,True
eb2606,eb,ok,26403,26403,True,0,True,True,True,True
eb2503,eb,ok,81804,81804,True,0,True,True,True,True
eg1911,eg,ok,67552,67552,True,0,True,True,True,True
eb2507,eb,ok,83230,83230,True,0,True,True,True,True
eb2601,eb,ok,60470,60470,True,0,True,True,True,True
eg2002,eg,ok,75607,75607,True,0,True,True,True,True
eb2508,eb,ok,82456,82456,True,0,True,True,True,True
eg2012,eg,ok,70523,70523,True,0,True,True,True,True
eg2110,eg,ok,83079,83079,True,0,True,True,True,True
eg2010,eg,ok,75529,75529,True,0,True,True,True,True
eg2208,eg,ok,83610,83610,True,0,True,True,True,True
eb2406,eb,ok,82456,82456,True,0,True,True,True,True
eb2501,eb,ok,80939,80939,True,0,True,True,True,True
eg2006,eg,ok,74104,74104,True,0,True,True,True,True
eg2005,eg,ok,76108,76108,True,0,True,True,True,True
eg2008,eg,ok,75047,75047,True,0,True,True,True,True
eg2106,eg,ok,80649,80649,True,0,True,True,True,True
eg2107,eg,ok,78254,78254,True,0,True,True,True,True
eg1912,eg,ok,71735,71735,True,0,True,True,True,True
eg2104,eg,ok,78734,78734,True,0,True,True,True,True
eg2001,eg,ok,77176,77176,True,0,True,True,True,True
ec2502,ec,ok,54720,54720,True,0,True,True,True,True
eg2207,eg,ok,83261,83261,True,0,True,True,True,True
eg2210,eg,ok,83611,83611,True,0,True,True,True,True
eg2103,eg,ok,78018,78018,True,0,True,True,True,True
eg2004,eg,ok,75086,75086,True,0,True,True,True,True
eg2203,eg,ok,83534,83534,True,0,True,True,True,True
eg1908,eg,ok,45611,45611,True,0,True,True,True,True
eg2301,eg,ok,82153,82153,True,0,True,True,True,True
eg2105,eg,ok,83959,83959,True,0,True,True,True,True
ec2412,ec,ok,75240,75240,True,0,True,True,True,True
eg2205,eg,ok,83611,83611,True,0,True,True,True,True
eb2510,eb,ok,81638,81638,True,0,True,True,True,True
eg2109,eg,ok,83549,83549,True,0,True,True,True,True
eg1909,eg,ok,57447,57447,True,0,True,True,True,True
eg2102,eg,ok,76070,76070,True,0,True,True,True,True
eg2201,eg,ok,83611,83611,True,0,True,True,True,True
eg2003,eg,ok,75380,75380,True,0,True,True,True,True
eg2209,eg,ok,83732,83732,True,0,True,True,True,True
eg2304,eg,ok,83959,83959,True,0,True,True,True,True
eg2211,eg,ok,81184,81184,True,0,True,True,True,True
eg2011,eg,ok,75894,75894,True,0,True,True,True,True
eg2306,eg,ok,83534,83534,True,0,True,True,True,True
eg2212,eg,ok,82912,82912,True,0,True,True,True,True
eg2307,eg,ok,80469,80469,True,0,True,True,True,True
eg2603,eg,ok,46980,46980,True,0,True,True,True,True
eg2404,eg,ok,81227,81227,True,0,True,True,True,True
eg2402,eg,ok,82790,82790,True,0,True,True,True,True
eg2108,eg,ok,79920,79920,True,0,True,True,True,True
eg2305,eg,ok,82519,82519,True,0,True,True,True,True
eg2407,eg,ok,82335,82335,True,0,True,True,True,True
eg2009,eg,ok,75426,75426,True,0,True,True,True,True
eg2310,eg,ok,83670,83670,True,0,True,True,True,True
eg2311,eg,ok,83777,83777,True,0,True,True,True,True
eg2309,eg,ok,83261,83261,True,0,True,True,True,True
eg2604,eg,ok,39771,39771,True,0,True,True,True,True
eg2403,eg,ok,80799,80799,True,0,True,True,True,True
eg2502,eg,ok,79254,79254,True,0,True,True,True,True
eg2510,eg,ok,81638,81638,True,0,True,True,True,True
eg2411,eg,ok,80242,80242,True,0,True,True,True,True
eg2111,eg,ok,81637,81637,True,0,True,True,True,True
eg2101,eg,ok,77003,77003,True,0,True,True,True,True
eg2204,eg,ok,83261,83261,True,0,True,True,True,True
eg2308,eg,ok,82928,82928,True,0,True,True,True,True
fb1404,fb,ok,18180,18180,True,0,True,True,True,True
eg2501,eg,ok,81380,81380,True,0,True,True,True,True
fb1611,fb,ok,122,122,True,0,True,True,True,True
eg2401,eg,ok,85825,85825,True,0,True,True,True,True
eg2409,eg,ok,82897,82897,True,0,True,True,True,True
eg2312,eg,ok,78965,78965,True,0,True,True,True,True
eg2412,eg,ok,77587,77587,True,0,True,True,True,True
eg2206,eg,ok,83550,83550,True,0,True,True,True,True
eg2504,eg,ok,78116,78116,True,0,True,True,True,True
fb1610,fb,ok,110,110,True,0,True,True,True,True
eg2605,eg,ok,33262,33262,True,0,True,True,True,True
eg2511,eg,ok,74309,74309,True,0,True,True,True,True
eg2505,eg,ok,83171,83171,True,0,True,True,True,True
eg2302,eg,ok,83959,83959,True,0,True,True,True,True
eg2509,eg,ok,84081,84081,True,0,True,True,True,True
eg2602,eg,ok,54309,54309,True,0,True,True,True,True
fb1503,fb,ok,54520,54520,True,0,True,True,True,True
fb1405,fb,ok,24396,24396,True,0,True,True,True,True
fb1504,fb,ok,33240,33240,True,0,True,True,True,True
eg2606,eg,ok,26403,26403,True,0,True,True,True,True
eg2303,eg,ok,80863,80863,True,0,True,True,True,True
fb1604,fb,ok,28534,28534,True,0,True,True,True,True
eg2506,eg,ok,83458,83458,True,0,True,True,True,True
fb1612,fb,ok,95,95,True,0,True,True,True,True
fb1510,fb,ok,22311,22311,True,0,True,True,True,True
fb1608,fb,ok,2551,2551,True,0,True,True,True,True
eg2507,eg,ok,77753,77753,True,0,True,True,True,True
eg2202,eg,ok,82851,82851,True,0,True,True,True,True
fb1506,fb,ok,39650,39650,True,0,True,True,True,True
eg2405,eg,ok,80242,80242,True,0,True,True,True,True
eg2512,eg,ok,66631,66631,True,0,True,True,True,True
eg2410,eg,ok,79073,79073,True,0,True,True,True,True
fb1603,fb,ok,35381,35381,True,0,True,True,True,True
fb1508,fb,ok,44879,44879,True,0,True,True,True,True
fb1712,fb,ok,535,535,True,0,True,True,True,True
eg2112,eg,ok,77479,77479,True,0,True,True,True,True
fb1609,fb,ok,6182,6182,True,0,True,True,True,True
fb1512,fb,ok,12673,12673,True,0,True,True,True,True
fb1703,fb,ok,2192,2192,True,0,True,True,True,True
fb1710,fb,ok,202,202,True,0,True,True,True,True
fb1705,fb,ok,293,293,True,0,True,True,True,True
fb1406,fb,ok,28743,28743,True,0,True,True,True,True
fb1409,fb,ok,43548,43548,True,0,True,True,True,True
fb1605,fb,ok,23081,23081,True,0,True,True,True,True
eg2508,eg,ok,78663,78663,True,0,True,True,True,True
fb1407,fb,ok,33455,33455,True,0,True,True,True,True
fb1704,fb,ok,410,410,True,0,True,True,True,True
fb1808,fb,ok,8938,8938,True,0,True,True,True,True
fb1812,fb,ok,12668,12668,True,0,True,True,True,True
fb1807,fb,ok,5978,5978,True,0,True,True,True,True
fb1706,fb,ok,283,283,True,0,True,True,True,True
fb1802,fb,ok,4668,4668,True,0,True,True,True,True
eg2406,eg,ok,79315,79315,True,0,True,True,True,True
fb1602,fb,ok,26661,26661,True,0,True,True,True,True
fb1708,fb,ok,2182,2182,True,0,True,True,True,True
fb1810,fb,ok,10012,10012,True,0,True,True,True,True
fb1606,fb,ok,3851,3851,True,0,True,True,True,True
fb1801,fb,ok,31735,31735,True,0,True,True,True,True
eg2503,eg,ok,81286,81286,True,0,True,True,True,True
fb1701,fb,ok,5290,5290,True,0,True,True,True,True
fb1702,fb,ok,11696,11696,True,0,True,True,True,True
eg2601,eg,ok,60470,60470,True,0,True,True,True,True
fb1505,fb,ok,55114,55114,True,0,True,True,True,True
fb1809,fb,ok,8679,8679,True,0,True,True,True,True
eg2408,eg,ok,77920,77920,True,0,True,True,True,True
fb1803,fb,ok,2907,2907,True,0,True,True,True,True
fb1410,fb,ok,47772,47772,True,0,True,True,True,True
fb1804,fb,ok,8346,8346,True,0,True,True,True,True
fb1408,fb,ok,38045,38045,True,0,True,True,True,True
fb1707,fb,ok,1668,1668,True,0,True,True,True,True
fb1901,fb,ok,18471,18471,True,0,True,True,True,True
fb1806,fb,ok,9700,9700,True,0,True,True,True,True
fb1811,fb,ok,5820,5820,True,0,True,True,True,True
fb1511,fb,ok,35985,35985,True,0,True,True,True,True
fb1906,fb,ok,21424,21424,True,0,True,True,True,True
fb1411,fb,ok,52317,52317,True,0,True,True,True,True
fb1805,fb,ok,17597,17597,True,0,True,True,True,True
fb1912,fb,ok,4023,4023,True,0,True,True,True,True
fb2003,fb,ok,2363,2363,True,0,True,True,True,True
fb1905,fb,ok,23989,23989,True,0,True,True,True,True
fb1709,fb,ok,36640,36640,True,0,True,True,True,True
fb1601,fb,ok,52099,52099,True,0,True,True,True,True
fb1501,fb,ok,55585,55585,True,0,True,True,True,True
fb1509,fb,ok,53559,53559,True,0,True,True,True,True
fb2105,fb,ok,27121,27121,True,0,True,True,True,True
fb1711,fb,ok,275,275,True,0,True,True,True,True
fb2002,fb,ok,8981,8981,True,0,True,True,True,True
fb1909,fb,ok,19847,19847,True,0,True,True,True,True
fb2004,fb,ok,7898,7898,True,0,True,True,True,True
fb1910,fb,ok,13849,13849,True,0,True,True,True,True
fb2007,fb,ok,20031,20031,True,0,True,True,True,True
fb1908,fb,ok,25707,25707,True,0,True,True,True,True
fb2012,fb,ok,15891,15891,True,0,True,True,True,True
fb2101,fb,ok,35473,35473,True,0,True,True,True,True
fb1902,fb,ok,15117,15117,True,0,True,True,True,True
fb1907,fb,ok,21027,21027,True,0,True,True,True,True
fb2102,fb,ok,17374,17374,True,0,True,True,True,True
fb1904,fb,ok,18448,18448,True,0,True,True,True,True
fb1412,fb,ok,53198,53198,True,0,True,True,True,True
fb2008,fb,ok,18156,18156,True,0,True,True,True,True
fb2107,fb,ok,19434,19434,True,0,True,True,True,True
fb1911,fb,ok,11331,11331,True,0,True,True,True,True
fb2001,fb,ok,41024,41024,True,0,True,True,True,True
fb2106,fb,ok,17236,17236,True,0,True,True,True,True
fb2308,fb,ok,43393,43393,True,0,True,True,True,True
fb1502,fb,ok,50114,50114,True,0,True,True,True,True
fb2108,fb,ok,18818,18818,True,0,True,True,True,True
fb1903,fb,ok,15861,15861,True,0,True,True,True,True
fb2212,fb,ok,52012,52012,True,0,True,True,True,True
fb2006,fb,ok,21685,21685,True,0,True,True,True,True
fb2011,fb,ok,38458,38458,True,0,True,True,True,True
fb2211,fb,ok,53060,53060,True,0,True,True,True,True
fb2209,fb,ok,53638,53638,True,0,True,True,True,True
fb2110,fb,ok,18301,18301,True,0,True,True,True,True
fb2111,fb,ok,12604,12604,True,0,True,True,True,True
fb2010,fb,ok,13804,13804,True,0,True,True,True,True
fb1507,fb,ok,32935,32935,True,0,True,True,True,True
fb2104,fb,ok,12030,12030,True,0,True,True,True,True
fb2112,fb,ok,16999,16999,True,0,True,True,True,True
fb2203,fb,ok,40773,40773,True,0,True,True,True,True
fb2207,fb,ok,38558,38558,True,0,True,True,True,True
fb2103,fb,ok,16672,16672,True,0,True,True,True,True
fb2304,fb,ok,53196,53196,True,0,True,True,True,True
fb2301,fb,ok,54445,54445,True,0,True,True,True,True
fb2009,fb,ok,42396,42396,True,0,True,True,True,True
fb2202,fb,ok,17450,17450,True,0,True,True,True,True
fb2311,fb,ok,46053,46053,True,0,True,True,True,True
fb2205,fb,ok,50892,50892,True,0,True,True,True,True
fb2109,fb,ok,50389,50389,True,0,True,True,True,True
fb2005,fb,ok,36123,36123,True,0,True,True,True,True
fb2401,fb,ok,55115,55115,True,0,True,True,True,True
fb2206,fb,ok,40367,40367,True,0,True,True,True,True
fb2407,fb,ok,45840,45840,True,0,True,True,True,True
fb2201,fb,ok,44896,44896,True,0,True,True,True,True
fb2410,fb,ok,49581,49581,True,0,True,True,True,True
fb2303,fb,ok,53579,53579,True,0,True,True,True,True
fb2403,fb,ok,54855,54855,True,0,True,True,True,True
fb2306,fb,ok,50444,50444,True,0,True,True,True,True
fu1009,fu,ok,36936,36936,True,0,True,True,True,True
fb2208,fb,ok,42756,42756,True,0,True,True,True,True
fb2606,fb,ok,18923,18923,True,0,True,True,True,True
fb2412,fb,ok,52043,52043,True,0,True,True,True,True
fb2204,fb,ok,31049,31049,True,0,True,True,True,True
fb2405,fb,ok,49581,49581,True,0,True,True,True,True
fb2408,fb,ok,52834,52834,True,0,True,True,True,True
fb2602,fb,ok,36935,36935,True,0,True,True,True,True
fb2506,fb,ok,52743,52743,True,0,True,True,True,True
fu1007,fu,ok,26843,26843,True,0,True,True,True,True
fb2312,fb,ok,46235,46235,True,0,True,True,True,True
fb2604,fb,ok,27921,27921,True,0,True,True,True,True
fu1006,fu,ok,22329,22329,True,0,True,True,True,True
fb2406,fb,ok,48425,48425,True,0,True,True,True,True
fb2307,fb,ok,44439,44439,True,0,True,True,True,True
fb2210,fb,ok,50920,50920,True,0,True,True,True,True
fu1005,fu,ok,17738,17738,True,0,True,True,True,True
fb2507,fb,ok,52835,52835,True,0,True,True,True,True
fu1003,fu,ok,7919,7919,True,0,True,True,True,True
fb2512,fb,ok,45903,45903,True,0,True,True,True,True
fb2302,fb,ok,54125,54125,True,0,True,True,True,True
fb2502,fb,ok,50950,50950,True,0,True,True,True,True
fb2504,fb,ok,52668,52668,True,0,True,True,True,True
fu1004,fu,ok,13011,13011,True,0,True,True,True,True
fb2503,fb,ok,51968,51968,True,0,True,True,True,True
fb2310,fb,ok,49943,49943,True,0,True,True,True,True
fb2402,fb,ok,52271,52271,True,0,True,True,True,True
fu1012,fu,ok,49765,49765,True,0,True,True,True,True
fb2505,fb,ok,53656,53656,True,0,True,True,True,True
fb2511,fb,ok,50692,50692,True,0,True,True,True,True
fu1103,fu,ok,55039,55039,True,0,True,True,True,True
fb2404,fb,ok,51193,51193,True,0,True,True,True,True
fu1206,fu,ok,53518,53518,True,0,True,True,True,True
fb2510,fb,ok,53960,53960,True,0,True,True,True,True
fu1204,fu,ok,54689,54689,True,0,True,True,True,True
fb2411,fb,ok,52134,52134,True,0,True,True,True,True
fb2305,fb,ok,54992,54992,True,0,True,True,True,True
fb2501,fb,ok,52835,52835,True,0,True,True,True,True
fb2508,fb,ok,53381,53381,True,0,True,True,True,True
fu1107,fu,ok,54340,54340,True,0,True,True,True,True
fb2409,fb,ok,51344,51344,True,0,True,True,True,True
fb2603,fb,ok,32680,32680,True,0,True,True,True,True
fu1105,fu,ok,54294,54294,True,0,True,True,True,True
fu1108,fu,ok,53215,53215,True,0,True,True,True,True
fu1010,fu,ok,41268,41268,True,0,True,True,True,True
fu1203,fu,ok,55282,55282,True,0,True,True,True,True
fu1202,fu,ok,52333,52333,True,0,True,True,True,True
fb2601,fb,ok,41039,41039,True,0,True,True,True,True
fu1011,fu,ok,44825,44825,True,0,True,True,True,True
fu1111,fu,ok,54826,54826,True,0,True,True,True,True
fu1208,fu,ok,52696,52696,True,0,True,True,True,True
fb2605,fb,ok,23255,23255,True,0,True,True,True,True
fu1109,fu,ok,54765,54765,True,0,True,True,True,True
fb2509,fb,ok,52606,52606,True,0,True,True,True,True
fu1207,fu,ok,54308,54308,True,0,True,True,True,True
fu1212,fu,ok,50446,50446,True,0,True,True,True,True
fu1210,fu,ok,50858,50858,True,0,True,True,True,True
fu1106,fu,ok,53747,53747,True,0,True,True,True,True
fb2309,fb,ok,54582,54582,True,0,True,True,True,True
fu1104,fu,ok,54629,54629,True,0,True,True,True,True
fu1110,fu,ok,54233,54233,True,0,True,True,True,True
fu1407,fu,ok,24807,24807,True,0,True,True,True,True
fu1304,fu,ok,44580,44580,True,0,True,True,True,True
fu1301,fu,ok,54155,54155,True,0,True,True,True,True
fu1307,fu,ok,34090,34090,True,0,True,True,True,True
fu1205,fu,ok,54720,54720,True,0,True,True,True,True
fu1506,fu,ok,38971,38971,True,0,True,True,True,True
fu1507,fu,ok,39305,39305,True,0,True,True,True,True
fu1412,fu,ok,37526,37526,True,0,True,True,True,True
fu1512,fu,ok,47709,47709,True,0,True,True,True,True
fu1308,fu,ok,34168,34168,True,0,True,True,True,True
fu1501,fu,ok,42316,42316,True,0,True,True,True,True
fu1610,fu,ok,13908,13908,True,0,True,True,True,True
fu1306,fu,ok,51057,51057,True,0,True,True,True,True
fu1403,fu,ok,29132,29132,True,0,True,True,True,True
fu1607,fu,ok,28575,28575,True,0,True,True,True,True
fu1404,fu,ok,41172,41172,True,0,True,True,True,True
fu1409,fu,ok,46283,46283,True,0,True,True,True,True
fu1706,fu,ok,22361,22361,True,0,True,True,True,True
fu1608,fu,ok,26538,26538,True,0,True,True,True,True
fu1310,fu,ok,27981,27981,True,0,True,True,True,True
fu1612,fu,ok,9879,9879,True,0,True,True,True,True
fu1008,fu,ok,31479,31479,True,0,True,True,True,True
fu1712,fu,ok,43715,43715,True,0,True,True,True,True
fu1807,fu,ok,24776,24776,True,0,True,True,True,True
fu1603,fu,ok,42757,42757,True,0,True,True,True,True
fu1112,fu,ok,54704,54704,True,0,True,True,True,True
fu1503,fu,ok,37862,37862,True,0,True,True,True,True
fu1408,fu,ok,45735,45735,True,0,True,True,True,True
fu1601,fu,ok,45977,45977,True,0,True,True,True,True
fu1508,fu,ok,41690,41690,True,0,True,True,True,True
fu1101,fu,ok,55100,55100,True,0,True,True,True,True
fu1504,fu,ok,32847,32847,True,0,True,True,True,True
fu1505,fu,ok,41115,41115,True,0,True,True,True,True
fu1711,fu,ok,45601,45601,True,0,True,True,True,True
fu1511,fu,ok,46206,46206,True,0,True,True,True,True
fu1311,fu,ok,26181,26181,True,0,True,True,True,True
fu1509,fu,ok,48715,48715,True,0,True,True,True,True
fu1702,fu,ok,13685,13685,True,0,True,True,True,True
fu1606,fu,ok,30537,30537,True,0,True,True,True,True
fu1303,fu,ok,52606,52606,True,0,True,True,True,True
fu1709,fu,ok,35400,35400,True,0,True,True,True,True
fu1211,fu,ok,48912,48912,True,0,True,True,True,True
fu1510,fu,ok,50295,50295,True,0,True,True,True,True
fu1209,fu,ok,54445,54445,True,0,True,True,True,True
fu1611,fu,ok,10260,10260,True,0,True,True,True,True
fu1710,fu,ok,41937,41937,True,0,True,True,True,True
fu1703,fu,ok,7523,7523,True,0,True,True,True,True
fu1410,fu,ok,33468,33468,True,0,True,True,True,True
fu1609,fu,ok,19197,19197,True,0,True,True,True,True
fu1406,fu,ok,37437,37437,True,0,True,True,True,True
fu1309,fu,ok,39011,39011,True,0,True,True,True,True
fu1411,fu,ok,49778,49778,True,0,True,True,True,True
fu1708,fu,ok,28145,28145,True,0,True,True,True,True
fu1402,fu,ok,44578,44578,True,0,True,True,True,True
fu1812,fu,ok,10564,10564,True,0,True,True,True,True
fu1809,fu,ok,17176,17176,True,0,True,True,True,True
fu1804,fu,ok,36131,36131,True,0,True,True,True,True
fu1808,fu,ok,22329,22329,True,0,True,True,True,True
fu1405,fu,ok,34703,34703,True,0,True,True,True,True
fu1803,fu,ok,36647,36647,True,0,True,True,True,True
fu1705,fu,ok,20190,20190,True,0,True,True,True,True
fu1902,fu,ok,44292,44292,True,0,True,True,True,True
fu1604,fu,ok,46268,46268,True,0,True,True,True,True
fu1904,fu,ok,58336,58336,True,0,True,True,True,True
fu1806,fu,ok,30628,30628,True,0,True,True,True,True
fu1305,fu,ok,47848,47848,True,0,True,True,True,True
fu1901,fu,ok,39423,39423,True,0,True,True,True,True
fu1805,fu,ok,29762,29762,True,0,True,True,True,True
fu1707,fu,ok,25992,25992,True,0,True,True,True,True
fu1704,fu,ok,33135,33135,True,0,True,True,True,True
fu1801,fu,ok,41633,41633,True,0,True,True,True,True
fu1312,fu,ok,30831,30831,True,0,True,True,True,True
fu1906,fu,ok,72897,72897,True,0,True,True,True,True
fu1605,fu,ok,45325,45325,True,0,True,True,True,True
fu1912,fu,ok,82866,82866,True,0,True,True,True,True
fu1905,fu,ok,66752,66752,True,0,True,True,True,True
fu1903,fu,ok,49189,49189,True,0,True,True,True,True
fu1910,fu,ok,81379,81379,True,0,True,True,True,True
fu1907,fu,ok,79346,79346,True,0,True,True,True,True
fu1908,fu,ok,83455,83455,True,0,True,True,True,True
fu1911,fu,ok,82987,82987,True,0,True,True,True,True
fu2007,fu,ok,76457,76457,True,0,True,True,True,True
fu2002,fu,ok,81425,81425,True,0,True,True,True,True
fu2111,fu,ok,82973,82973,True,0,True,True,True,True
fu2106,fu,ok,83504,83504,True,0,True,True,True,True
fu2005,fu,ok,76928,76928,True,0,True,True,True,True
fu2302,fu,ok,82215,82215,True,0,True,True,True,True
fu2210,fu,ok,83959,83959,True,0,True,True,True,True
fu1909,fu,ok,83458,83458,True,0,True,True,True,True
fu2301,fu,ok,83611,83611,True,0,True,True,True,True
fu2104,fu,ok,81251,81251,True,0,True,True,True,True
fu2004,fu,ok,79348,79348,True,0,True,True,True,True
fu2303,fu,ok,83960,83960,True,0,True,True,True,True
fu2202,fu,ok,81365,81365,True,0,True,True,True,True
fu2012,fu,ok,76168,76168,True,0,True,True,True,True
fu2109,fu,ok,84430,84430,True,0,True,True,True,True
fu2203,fu,ok,83277,83277,True,0,True,True,True,True
fu2010,fu,ok,77049,77049,True,0,True,True,True,True
fu2009,fu,ok,76230,76230,True,0,True,True,True,True
fu2110,fu,ok,83262,83262,True,0,True,True,True,True
fu2208,fu,ok,82822,82822,True,0,True,True,True,True
fu2102,fu,ok,79841,79841,True,0,True,True,True,True
fu2204,fu,ok,83322,83322,True,0,True,True,True,True
fu2206,fu,ok,83216,83216,True,0,True,True,True,True
fu2101,fu,ok,77398,77398,True,0,True,True,True,True
fu2008,fu,ok,76579,76579,True,0,True,True,True,True
fu2001,fu,ok,81866,81866,True,0,True,True,True,True
fu2211,fu,ok,83563,83563,True,0,True,True,True,True
fu2003,fu,ok,81539,81539,True,0,True,True,True,True
fu2212,fu,ok,83383,83383,True,0,True,True,True,True
fu2308,fu,ok,83414,83414,True,0,True,True,True,True
fu2112,fu,ok,83550,83550,True,0,True,True,True,True
fu2207,fu,ok,82882,82882,True,0,True,True,True,True
fu2401,fu,ok,85826,85826,True,0,True,True,True,True
fu2107,fu,ok,83762,83762,True,0,True,True,True,True
fu2006,fu,ok,76230,76230,True,0,True,True,True,True
fu2209,fu,ok,83611,83611,True,0,True,True,True,True
fu2108,fu,ok,83519,83519,True,0,True,True,True,True
fu2304,fu,ok,83459,83459,True,0,True,True,True,True
hc1407,hc,ok,14562,14562,True,0,True,True,True,True
fu2309,fu,ok,83960,83960,True,0,True,True,True,True
fu2408,fu,ok,83382,83382,True,0,True,True,True,True
hc1503,hc,ok,50856,50856,True,0,True,True,True,True
hc1409,hc,ok,25323,25323,True,0,True,True,True,True
fu2405,fu,ok,83732,83732,True,0,True,True,True,True
fu2105,fu,ok,83990,83990,True,0,True,True,True,True
fu2402,fu,ok,87829,87829,True,0,True,True,True,True
fu2603,fu,ok,53262,53262,True,0,True,True,True,True
fu2607,fu,ok,25356,25356,True,0,True,True,True,True
fu2510,fu,ok,84081,84081,True,0,True,True,True,True
fu2409,fu,ok,83732,83732,True,0,True,True,True,True
fu2205,fu,ok,83262,83262,True,0,True,True,True,True
hc1501,hc,ok,47158,47158,True,0,True,True,True,True
fu2605,fu,ok,38725,38725,True,0,True,True,True,True
fu2508,fu,ok,83550,83550,True,0,True,True,True,True
fu2404,fu,ok,83383,83383,True,0,True,True,True,True
fu2407,fu,ok,82973,82973,True,0,True,True,True,True
fu2502,fu,ok,82002,82002,True,0,True,True,True,True
hc1408,hc,ok,20110,20110,True,0,True,True,True,True
fu2305,fu,ok,83960,83960,True,0,True,True,True,True
hc1411,hc,ok,33530,33530,True,0,True,True,True,True
fu2606,fu,ok,32215,32215,True,0,True,True,True,True
fu2501,fu,ok,83611,83611,True,0,True,True,True,True
fu2011,fu,ok,76123,76123,True,0,True,True,True,True
hc1504,hc,ok,51897,51897,True,0,True,True,True,True
fu2312,fu,ok,83853,83853,True,0,True,True,True,True
hc1511,hc,ok,72130,72130,True,0,True,True,True,True
fu2411,fu,ok,83231,83231,True,0,True,True,True,True
hc1410,hc,ok,31008,31008,True,0,True,True,True,True
fu2307,fu,ok,83808,83808,True,0,True,True,True,True
fu2306,fu,ok,84309,84309,True,0,True,True,True,True
fu2410,fu,ok,82806,82806,True,0,True,True,True,True
fu2311,fu,ok,83960,83960,True,0,True,True,True,True
fu2505,fu,ok,83262,83262,True,0,True,True,True,True
hc1607,hc,ok,41866,41866,True,0,True,True,True,True
fu2201,fu,ok,83611,83611,True,0,True,True,True,True
hc1412,hc,ok,38471,38471,True,0,True,True,True,True
hc1512,hc,ok,76374,76374,True,0,True,True,True,True
hc1608,hc,ok,37769,37769,True,0,True,True,True,True
fu2310,fu,ok,85325,85325,True,0,True,True,True,True
fu2506,fu,ok,82456,82456,True,0,True,True,True,True
fu2412,fu,ok,83140,83140,True,0,True,True,True,True
fu2406,fu,ok,83231,83231,True,0,True,True,True,True
fu2509,fu,ok,83262,83262,True,0,True,True,True,True
fu2511,fu,ok,80591,80591,True,0,True,True,True,True
hc1508,hc,ok,65061,65061,True,0,True,True,True,True
hc1505,hc,ok,65476,65476,True,0,True,True,True,True
hc1601,hc,ok,80604,80604,True,0,True,True,True,True
fu2103,fu,ok,78589,78589,True,0,True,True,True,True
hc1506,hc,ok,61383,61383,True,0,True,True,True,True
fu2507,fu,ok,83611,83611,True,0,True,True,True,True
fu2403,fu,ok,84081,84081,True,0,True,True,True,True
hc1707,hc,ok,51517,51517,True,0,True,True,True,True
hc1706,hc,ok,45969,45969,True,0,True,True,True,True
hc1708,hc,ok,57915,57915,True,0,True,True,True,True
hc1612,hc,ok,18347,18347,True,0,True,True,True,True
hc1502,hc,ok,43289,43289,True,0,True,True,True,True
hc1604,hc,ok,61407,61407,True,0,True,True,True,True
hc1611,hc,ok,18014,18014,True,0,True,True,True,True
hc1701,hc,ok,78687,78687,True,0,True,True,True,True
fu2503,fu,ok,83262,83262,True,0,True,True,True,True
hc1610,hc,ok,83624,83624,True,0,True,True,True,True
hc1606,hc,ok,54691,54691,True,0,True,True,True,True
fu2604,fu,ok,45933,45933,True,0,True,True,True,True
fu2512,fu,ok,73262,73262,True,0,True,True,True,True
hc1703,hc,ok,24848,24848,True,0,True,True,True,True
hc1605,hc,ok,82244,82244,True,0,True,True,True,True
hc1507,hc,ok,62178,62178,True,0,True,True,True,True
hc1510,hc,ok,76908,76908,True,0,True,True,True,True
hc1603,hc,ok,67796,67796,True,0,True,True,True,True
hc1711,hc,ok,79436,79436,True,0,True,True,True,True
hc1801,hc,ok,84430,84430,True,0,True,True,True,True
hc1704,hc,ok,31367,31367,True,0,True,True,True,True
hc1509,hc,ok,71675,71675,True,0,True,True,True,True
hc1806,hc,ok,83592,83592,True,0,True,True,True,True
hc1808,hc,ok,82969,82969,True,0,True,True,True,True
fu2602,fu,ok,59423,59423,True,0,True,True,True,True
hc1602,hc,ok,72432,72432,True,0,True,True,True,True
hc1709,hc,ok,67984,67984,True,0,True,True,True,True
hc1907,hc,ok,82804,82804,True,0,True,True,True,True
hc1807,hc,ok,83138,83138,True,0,True,True,True,True
hc1811,hc,ok,84110,84110,True,0,True,True,True,True
hc1905,hc,ok,83899,83899,True,0,True,True,True,True
hc1712,hc,ok,84033,84033,True,0,True,True,True,True
hc1802,hc,ok,84564,84564,True,0,True,True,True,True
fu2504,fu,ok,83262,83262,True,0,True,True,True,True
hc1903,hc,ok,82181,82181,True,0,True,True,True,True
hc1908,hc,ok,83214,83214,True,0,True,True,True,True
hc1902,hc,ok,81755,81755,True,0,True,True,True,True
hc1705,hc,ok,82943,82943,True,0,True,True,True,True
hc1810,hc,ok,83960,83960,True,0,True,True,True,True
hc1710,hc,ok,84415,84415,True,0,True,True,True,True
hc1901,hc,ok,83960,83960,True,0,True,True,True,True
hc1809,hc,ok,84688,84688,True,0,True,True,True,True
fu2601,fu,ok,65584,65584,True,0,True,True,True,True
hc1804,hc,ok,82544,82544,True,0,True,True,True,True
hc1702,hc,ok,20361,20361,True,0,True,True,True,True
hc1609,hc,ok,62460,62460,True,0,True,True,True,True
hc1812,hc,ok,83761,83761,True,0,True,True,True,True
hc1910,hc,ok,83960,83960,True,0,True,True,True,True
hc1912,hc,ok,82030,82030,True,0,True,True,True,True
hc1904,hc,ok,83351,83351,True,0,True,True,True,True
hc1805,hc,ok,84308,84308,True,0,True,True,True,True
hc1906,hc,ok,81969,81969,True,0,True,True,True,True
hc2008,hc,ok,75653,75653,True,0,True,True,True,True
hc2004,hc,ok,77864,77864,True,0,True,True,True,True
hc2101,hc,ok,76700,76700,True,0,True,True,True,True
hc2005,hc,ok,76928,76928,True,0,True,True,True,True
hc2111,hc,ok,82897,82897,True,0,True,True,True,True
hc1909,hc,ok,83141,83141,True,0,True,True,True,True
hc2108,hc,ok,83943,83943,True,0,True,True,True,True
hc2001,hc,ok,84309,84309,True,0,True,True,True,True
hc2011,hc,ok,75198,75198,True,0,True,True,True,True
hc2003,hc,ok,79873,79873,True,0,True,True,True,True
hc2010,hc,ok,76700,76700,True,0,True,True,True,True
hc1911,hc,ok,83534,83534,True,0,True,True,True,True
hc2012,hc,ok,75304,75304,True,0,True,True,True,True
hc2206,hc,ok,83611,83611,True,0,True,True,True,True
hc1803,hc,ok,83411,83411,True,0,True,True,True,True
hc2112,hc,ok,83231,83231,True,0,True,True,True,True
hc2009,hc,ok,75744,75744,True,0,True,True,True,True
hc2007,hc,ok,75805,75805,True,0,True,True,True,True
hc2205,hc,ok,83262,83262,True,0,True,True,True,True
hc2201,hc,ok,83960,83960,True,0,True,True,True,True
hc2002,hc,ok,82354,82354,True,0,True,True,True,True
hc2109,hc,ok,84217,84217,True,0,True,True,True,True
hc2106,hc,ok,83610,83610,True,0,True,True,True,True
hc2208,hc,ok,82988,82988,True,0,True,True,True,True
hc2204,hc,ok,83610,83610,True,0,True,True,True,True
hc2102,hc,ok,77333,77333,True,0,True,True,True,True
hc2202,hc,ok,84187,84187,True,0,True,True,True,True
hc2311,hc,ok,84019,84019,True,0,True,True,True,True
hc2105,hc,ok,84081,84081,True,0,True,True,True,True
hc2209,hc,ok,83050,83050,True,0,True,True,True,True
hc2107,hc,ok,84339,84339,True,0,True,True,True,True
hc2402,hc,ok,84217,84217,True,0,True,True,True,True
hc2103,hc,ok,79860,79860,True,0,True,True,True,True
hc2302,hc,ok,83959,83959,True,0,True,True,True,True
hc2006,hc,ok,75835,75835,True,0,True,True,True,True
hc2211,hc,ok,83868,83868,True,0,True,True,True,True
hc2306,hc,ok,84779,84779,True,0,True,True,True,True
hc2401,hc,ok,83732,83732,True,0,True,True,True,True
hc2104,hc,ok,82750,82750,True,0,True,True,True,True
hc2203,hc,ok,83960,83960,True,0,True,True,True,True
hc2207,hc,ok,83611,83611,True,0,True,True,True,True
hc2502,hc,ok,82715,82715,True,0,True,True,True,True
i1404,i,ok,21827,21827,True,0,True,True,True,True
hc2310,hc,ok,83732,83732,True,0,True,True,True,True
hc2604,hc,ok,42564,42564,True,0,True,True,True,True
hc2308,hc,ok,83883,83883,True,0,True,True,True,True
hc2410,hc,ok,83262,83262,True,0,True,True,True,True
hc2412,hc,ok,83201,83201,True,0,True,True,True,True
hc2312,hc,ok,83960,83960,True,0,True,True,True,True
hc2606,hc,ok,28846,28846,True,0,True,True,True,True
i1405,i,ok,32178,32178,True,0,True,True,True,True
hc2404,hc,ok,82851,82851,True,0,True,True,True,True
i1408,i,ok,44171,44171,True,0,True,True,True,True
hc2603,hc,ok,49423,49423,True,0,True,True,True,True
hc2403,hc,ok,84020,84020,True,0,True,True,True,True
hc2303,hc,ok,83869,83869,True,0,True,True,True,True
hc2407,hc,ok,83018,83018,True,0,True,True,True,True
hc2506,hc,ok,83004,83004,True,0,True,True,True,True
hc2602,hc,ok,56403,56403,True,0,True,True,True,True
hc2512,hc,ok,69423,69423,True,0,True,True,True,True
hc2507,hc,ok,83459,83459,True,0,True,True,True,True
hc2605,hc,ok,36054,36054,True,0,True,True,True,True
hc2504,hc,ok,83489,83489,True,0,True,True,True,True
hc2212,hc,ok,83626,83626,True,0,True,True,True,True
hc2309,hc,ok,84065,84065,True,0,True,True,True,True
hc2301,hc,ok,83611,83611,True,0,True,True,True,True
i1406,i,ok,36039,36039,True,0,True,True,True,True
i1403,i,ok,20474,20474,True,0,True,True,True,True
i1410,i,ok,53352,53352,True,0,True,True,True,True
hc2304,hc,ok,84309,84309,True,0,True,True,True,True
hc2405,hc,ok,83732,83732,True,0,True,True,True,True
i1409,i,ok,51467,51467,True,0,True,True,True,True
hc2409,hc,ok,83611,83611,True,0,True,True,True,True
hc2510,hc,ok,84081,84081,True,0,True,True,True,True
hc2601,hc,ok,62215,62215,True,0,True,True,True,True
i1407,i,ok,38775,38775,True,0,True,True,True,True
i1412,i,ok,50204,50204,True,0,True,True,True,True
hc2307,hc,ok,83837,83837,True,0,True,True,True,True
hc2508,hc,ok,82912,82912,True,0,True,True,True,True
hc2305,hc,ok,83960,83960,True,0,True,True,True,True
hc2511,hc,ok,76752,76752,True,0,True,True,True,True
i1506,i,ok,66953,66953,True,0,True,True,True,True
hc2505,hc,ok,83611,83611,True,0,True,True,True,True
i1604,i,ok,78229,78229,True,0,True,True,True,True
i1511,i,ok,77492,77492,True,0,True,True,True,True
i1607,i,ok,62981,62981,True,0,True,True,True,True
hc2406,hc,ok,83186,83186,True,0,True,True,True,True
hc2408,hc,ok,83473,83473,True,0,True,True,True,True
i1505,i,ok,65809,65809,True,0,True,True,True,True
i1611,i,ok,62256,62256,True,0,True,True,True,True
hc2503,hc,ok,83201,83201,True,0,True,True,True,True
i1512,i,ok,81096,81096,True,0,True,True,True,True
hc2110,hc,ok,83960,83960,True,0,True,True,True,True
hc2411,hc,ok,83611,83611,True,0,True,True,True,True
i1502,i,ok,53478,53478,True,0,True,True,True,True
i1608,i,ok,68612,68612,True,0,True,True,True,True
i1411,i,ok,52712,52712,True,0,True,True,True,True
hc2509,hc,ok,83034,83034,True,0,True,True,True,True
i1612,i,ok,66662,66662,True,0,True,True,True,True
i1510,i,ok,75086,75086,True,0,True,True,True,True
i1708,i,ok,78758,78758,True,0,True,True,True,True
i1606,i,ok,80989,80989,True,0,True,True,True,True
i1601,i,ok,83809,83809,True,0,True,True,True,True
i1709,i,ok,83839,83839,True,0,True,True,True,True
i1504,i,ok,56861,56861,True,0,True,True,True,True
i1707,i,ok,71940,71940,True,0,True,True,True,True
i1603,i,ok,77542,77542,True,0,True,True,True,True
i1501,i,ok,56476,56476,True,0,True,True,True,True
i1507,i,ok,70223,70223,True,0,True,True,True,True
i1704,i,ok,62812,62812,True,0,True,True,True,True
hc2501,hc,ok,83611,83611,True,0,True,True,True,True
i1610,i,ok,77108,77108,True,0,True,True,True,True
i1702,i,ok,67628,67628,True,0,True,True,True,True
i1712,i,ok,81167,81167,True,0,True,True,True,True
i1509,i,ok,76278,76278,True,0,True,True,True,True
i1503,i,ok,55839,55839,True,0,True,True,True,True
i1802,i,ok,82685,82685,True,0,True,True,True,True
hc2210,hc,ok,83960,83960,True,0,True,True,True,True
i1808,i,ok,81362,81362,True,0,True,True,True,True
i1807,i,ok,83684,83684,True,0,True,True,True,True
i1508,i,ok,72810,72810,True,0,True,True,True,True
i1904,i,ok,80225,80225,True,0,True,True,True,True
i1703,i,ok,65444,65444,True,0,True,True,True,True
i1803,i,ok,83975,83975,True,0,True,True,True,True
i1605,i,ok,83142,83142,True,0,True,True,True,True
i1609,i,ok,83885,83885,True,0,True,True,True,True
i1602,i,ok,80697,80697,True,0,True,True,True,True
i1811,i,ok,83898,83898,True,0,True,True,True,True
i1903,i,ok,83535,83535,True,0,True,True,True,True
i1710,i,ok,81893,81893,True,0,True,True,True,True
i1804,i,ok,83246,83246,True,0,True,True,True,True
i1810,i,ok,81896,81896,True,0,True,True,True,True
i1809,i,ok,84627,84627,True,0,True,True,True,True
i1812,i,ok,82759,82759,True,0,True,True,True,True
i1706,i,ok,69401,69401,True,0,True,True,True,True
i1906,i,ok,82699,82699,True,0,True,True,True,True
i1705,i,ok,83399,83399,True,0,True,True,True,True
i2012,i,ok,76168,76168,True,0,True,True,True,True
i2002,i,ok,80593,80593,True,0,True,True,True,True
i1701,i,ok,84172,84172,True,0,True,True,True,True
i2001,i,ok,84157,84157,True,0,True,True,True,True
i1806,i,ok,84049,84049,True,0,True,True,True,True
i2011,i,ok,76351,76351,True,0,True,True,True,True
i2107,i,ok,81289,81289,True,0,True,True,True,True
i1801,i,ok,84309,84309,True,0,True,True,True,True
i1907,i,ok,81866,81866,True,0,True,True,True,True
i2004,i,ok,77513,77513,True,0,True,True,True,True
i1905,i,ok,84658,84658,True,0,True,True,True,True
i1805,i,ok,84369,84369,True,0,True,True,True,True
i2106,i,ok,83717,83717,True,0,True,True,True,True
i1908,i,ok,83898,83898,True,0,True,True,True,True
i2003,i,ok,80177,80177,True,0,True,True,True,True
i1910,i,ok,83534,83534,True,0,True,True,True,True
i1711,i,ok,82576,82576,True,0,True,True,True,True
i2006,i,ok,76199,76199,True,0,True,True,True,True
i1909,i,ok,83490,83490,True,0,True,True,True,True
i1911,i,ok,82335,82335,True,0,True,True,True,True
i2108,i,ok,83154,83154,True,0,True,True,True,True
i2209,i,ok,83490,83490,True,0,True,True,True,True
i2109,i,ok,84308,84308,True,0,True,True,True,True
i2203,i,ok,82548,82548,True,0,True,True,True,True
i1912,i,ok,83171,83171,True,0,True,True,True,True
i2101,i,ok,76700,76700,True,0,True,True,True,True
i2212,i,ok,83884,83884,True,0,True,True,True,True
i2008,i,ok,76517,76517,True,0,True,True,True,True
i2104,i,ok,81579,81579,True,0,True,True,True,True
i2009,i,ok,76351,76351,True,0,True,True,True,True
i1902,i,ok,82616,82616,True,0,True,True,True,True
i2010,i,ok,76988,76988,True,0,True,True,True,True
i2005,i,ok,76928,76928,True,0,True,True,True,True
i2301,i,ok,83611,83611,True,0,True,True,True,True
i2007,i,ok,75940,75940,True,0,True,True,True,True
i1901,i,ok,83960,83960,True,0,True,True,True,True
i2102,i,ok,77741,77741,True,0,True,True,True,True
i2302,i,ok,82564,82564,True,0,True,True,True,True
i2202,i,ok,82851,82851,True,0,True,True,True,True
i2110,i,ok,82882,82882,True,0,True,True,True,True
i2201,i,ok,83869,83869,True,0,True,True,True,True
i2204,i,ok,82533,82533,True,0,True,True,True,True
i2309,i,ok,84081,84081,True,0,True,True,True,True
i2207,i,ok,81864,81864,True,0,True,True,True,True
i2112,i,ok,83808,83808,True,0,True,True,True,True
i2103,i,ok,79419,79419,True,0,True,True,True,True
i2105,i,ok,84081,84081,True,0,True,True,True,True
i2306,i,ok,83701,83701,True,0,True,True,True,True
i2409,i,ok,83580,83580,True,0,True,True,True,True
i2307,i,ok,83352,83352,True,0,True,True,True,True
i2303,i,ok,83398,83398,True,0,True,True,True,True
i2111,i,ok,82700,82700,True,0,True,True,True,True
i2402,i,ok,85081,85081,True,0,True,True,True,True
i2304,i,ok,83352,83352,True,0,True,True,True,True
j1204,j,ok,3114,3114,True,0,True,True,True,True
i2305,i,ok,83960,83960,True,0,True,True,True,True
i2311,i,ok,83822,83822,True,0,True,True,True,True
j1202,j,ok,5340,5340,True,0,True,True,True,True
i2211,i,ok,82578,82578,True,0,True,True,True,True
i2408,i,ok,82593,82593,True,0,True,True,True,True
i2206,i,ok,83322,83322,True,0,True,True,True,True
i2210,i,ok,83580,83580,True,0,True,True,True,True
i2310,i,ok,83580,83580,True,0,True,True,True,True
i2506,i,ok,82047,82047,True,0,True,True,True,True
j1207,j,ok,5762,5762,True,0,True,True,True,True
i2205,i,ok,83262,83262,True,0,True,True,True,True
j1206,j,ok,8336,8336,True,0,True,True,True,True
i2606,i,ok,28846,28846,True,0,True,True,True,True
j1111,j,ok,8175,8175,True,0,True,True,True,True
i2411,i,ok,82063,82063,True,0,True,True,True,True
j1212,j,ok,10667,10667,True,0,True,True,True,True
j1303,j,ok,14663,14663,True,0,True,True,True,True
i2601,i,ok,62215,62215,True,0,True,True,True,True
i2407,i,ok,83383,83383,True,0,True,True,True,True
j1112,j,ok,7019,7019,True,0,True,True,True,True
j1208,j,ok,7828,7828,True,0,True,True,True,True
i2504,i,ok,82124,82124,True,0,True,True,True,True
i2312,i,ok,84081,84081,True,0,True,True,True,True
j1205,j,ok,37687,37687,True,0,True,True,True,True
j1211,j,ok,6899,6899,True,0,True,True,True,True
i2503,i,ok,82336,82336,True,0,True,True,True,True
j1302,j,ok,19189,19189,True,0,True,True,True,True
i2308,i,ok,83504,83504,True,0,True,True,True,True
i2512,i,ok,69772,69772,True,0,True,True,True,True
i2602,i,ok,56054,56054,True,0,True,True,True,True
i2410,i,ok,82685,82685,True,0,True,True,True,True
i2502,i,ok,81866,81866,True,0,True,True,True,True
i2208,i,ok,82274,82274,True,0,True,True,True,True
j1210,j,ok,4397,4397,True,0,True,True,True,True
i2501,i,ok,83611,83611,True,0,True,True,True,True
i2404,i,ok,81819,81819,True,0,True,True,True,True
i2604,i,ok,42564,42564,True,0,True,True,True,True
i2508,i,ok,83201,83201,True,0,True,True,True,True
i2603,i,ok,49772,49772,True,0,True,True,True,True
j1307,j,ok,33422,33422,True,0,True,True,True,True
j1110,j,ok,24212,24212,True,0,True,True,True,True
j1109,j,ok,23514,23514,True,0,True,True,True,True
j1201,j,ok,40690,40690,True,0,True,True,True,True
j1308,j,ok,34012,34012,True,0,True,True,True,True
i2505,i,ok,83611,83611,True,0,True,True,True,True
j1403,j,ok,51466,51466,True,0,True,True,True,True
j1404,j,ok,52728,52728,True,0,True,True,True,True
j1410,j,ok,59714,59714,True,0,True,True,True,True
i2511,i,ok,77101,77101,True,0,True,True,True,True
i2406,i,ok,83338,83338,True,0,True,True,True,True
i2507,i,ok,82973,82973,True,0,True,True,True,True
i2412,i,ok,82806,82806,True,0,True,True,True,True
i2405,i,ok,83580,83580,True,0,True,True,True,True
i2510,i,ok,83383,83383,True,0,True,True,True,True
i2509,i,ok,83201,83201,True,0,True,True,True,True
j1304,j,ok,17630,17630,True,0,True,True,True,True
i2403,i,ok,82624,82624,True,0,True,True,True,True
j1312,j,ok,51117,51117,True,0,True,True,True,True
j1306,j,ok,35347,35347,True,0,True,True,True,True
i2401,i,ok,83580,83580,True,0,True,True,True,True
i2605,i,ok,35356,35356,True,0,True,True,True,True
j1203,j,ok,19160,19160,True,0,True,True,True,True
j1401,j,ok,53579,53579,True,0,True,True,True,True
j1209,j,ok,49468,49468,True,0,True,True,True,True
j1311,j,ok,47731,47731,True,0,True,True,True,True
j1509,j,ok,84506,84506,True,0,True,True,True,True
j1408,j,ok,57939,57939,True,0,True,True,True,True
j1502,j,ok,70215,70215,True,0,True,True,True,True
j1305,j,ok,50179,50179,True,0,True,True,True,True
j1512,j,ok,75096,75096,True,0,True,True,True,True
j1506,j,ok,81624,81624,True,0,True,True,True,True
j1510,j,ok,78721,78721,True,0,True,True,True,True
j1607,j,ok,53816,53816,True,0,True,True,True,True
j1412,j,ok,64207,64207,True,0,True,True,True,True
j1501,j,ok,71468,71468,True,0,True,True,True,True
j1504,j,ok,65087,65087,True,0,True,True,True,True
j1503,j,ok,70726,70726,True,0,True,True,True,True
j1610,j,ok,47703,47703,True,0,True,True,True,True
j1402,j,ok,51633,51633,True,0,True,True,True,True
j1407,j,ok,52439,52439,True,0,True,True,True,True
j1608,j,ok,47200,47200,True,0,True,True,True,True
j1309,j,ok,52654,52654,True,0,True,True,True,True
j1611,j,ok,42268,42268,True,0,True,True,True,True
j1507,j,ok,80953,80953,True,0,True,True,True,True
j1301,j,ok,41687,41687,True,0,True,True,True,True
j1712,j,ok,81819,81819,True,0,True,True,True,True
j1703,j,ok,37829,37829,True,0,True,True,True,True
j1604,j,ok,68833,68833,True,0,True,True,True,True
j1511,j,ok,79679,79679,True,0,True,True,True,True
j1702,j,ok,34054,34054,True,0,True,True,True,True
j1707,j,ok,51996,51996,True,0,True,True,True,True
j1603,j,ok,71594,71594,True,0,True,True,True,True
j1505,j,ok,80193,80193,True,0,True,True,True,True
j1405,j,ok,55403,55403,True,0,True,True,True,True
j1606,j,ok,68048,68048,True,0,True,True,True,True
j1605,j,ok,83809,83809,True,0,True,True,True,True
j1411,j,ok,62319,62319,True,0,True,True,True,True
j1806,j,ok,84459,84459,True,0,True,True,True,True
j1710,j,ok,77182,77182,True,0,True,True,True,True
j1706,j,ok,46947,46947,True,0,True,True,True,True
j1602,j,ok,76221,76221,True,0,True,True,True,True
j1409,j,ok,61332,61332,True,0,True,True,True,True
j1310,j,ok,47286,47286,True,0,True,True,True,True
j1709,j,ok,83838,83838,True,0,True,True,True,True
j1406,j,ok,52758,52758,True,0,True,True,True,True
j1508,j,ok,80786,80786,True,0,True,True,True,True
j1701,j,ok,84308,84308,True,0,True,True,True,True
j1609,j,ok,84021,84021,True,0,True,True,True,True
j1601,j,ok,82580,82580,True,0,True,True,True,True
j1711,j,ok,79499,79499,True,0,True,True,True,True
j1803,j,ok,81015,81015,True,0,True,True,True,True
j1612,j,ok,46855,46855,True,0,True,True,True,True
j1704,j,ok,36665,36665,True,0,True,True,True,True
j1708,j,ok,59428,59428,True,0,True,True,True,True
j1912,j,ok,83079,83079,True,0,True,True,True,True
j1908,j,ok,80317,80317,True,0,True,True,True,True
j1807,j,ok,82411,82411,True,0,True,True,True,True
j1909,j,ok,83490,83490,True,0,True,True,True,True
j1904,j,ok,82727,82727,True,0,True,True,True,True
j1910,j,ok,83549,83549,True,0,True,True,True,True
j1802,j,ok,83841,83841,True,0,True,True,True,True
j2002,j,ok,78845,78845,True,0,True,True,True,True
j1705,j,ok,82319,82319,True,0,True,True,True,True
j2003,j,ok,78170,78170,True,0,True,True,True,True
j1809,j,ok,84718,84718,True,0,True,True,True,True
j1801,j,ok,84187,84187,True,0,True,True,True,True
j1907,j,ok,82912,82912,True,0,True,True,True,True
j1902,j,ok,80807,80807,True,0,True,True,True,True
j1906,j,ok,80590,80590,True,0,True,True,True,True
j1808,j,ok,83033,83033,True,0,True,True,True,True
j2108,j,ok,80711,80711,True,0,True,True,True,True
j1811,j,ok,81288,81288,True,0,True,True,True,True
j2203,j,ok,81104,81104,True,0,True,True,True,True
j2005,j,ok,76730,76730,True,0,True,True,True,True
j2004,j,ok,75978,75978,True,0,True,True,True,True
j2101,j,ok,76548,76548,True,0,True,True,True,True
j2010,j,ok,76699,76699,True,0,True,True,True,True
j2107,j,ok,80939,80939,True,0,True,True,True,True
j1812,j,ok,81713,81713,True,0,True,True,True,True
j1903,j,ok,80818,80818,True,0,True,True,True,True
j1804,j,ok,81181,81181,True,0,True,True,True,True
j1905,j,ok,84658,84658,True,0,True,True,True,True
j2012,j,ok,74393,74393,True,0,True,True,True,True
j2007,j,ok,75013,75013,True,0,True,True,True,True
j2202,j,ok,80180,80180,True,0,True,True,True,True
j2111,j,ok,83216,83216,True,0,True,True,True,True
j2105,j,ok,84005,84005,True,0,True,True,True,True
j2102,j,ok,78257,78257,True,0,True,True,True,True
j2110,j,ok,82942,82942,True,0,True,True,True,True
j2009,j,ok,76290,76290,True,0,True,True,True,True
j2008,j,ok,73209,73209,True,0,True,True,True,True
j1810,j,ok,80590,80590,True,0,True,True,True,True
j1911,j,ok,80469,80469,True,0,True,True,True,True
j2106,j,ok,81181,81181,True,0,True,True,True,True
j2104,j,ok,81823,81823,True,0,True,True,True,True
j1901,j,ok,83823,83823,True,0,True,True,True,True
j2204,j,ok,80650,80650,True,0,True,True,True,True
j2103,j,ok,77401,77401,True,0,True,True,True,True
j2307,j,ok,80469,80469,True,0,True,True,True,True
j2112,j,ok,81729,81729,True,0,True,True,True,True
j1805,j,ok,84430,84430,True,0,True,True,True,True
j2201,j,ok,83808,83808,True,0,True,True,True,True
j2006,j,ok,73376,73376,True,0,True,True,True,True
j2301,j,ok,83428,83428,True,0,True,True,True,True
j2401,j,ok,83428,83428,True,0,True,True,True,True
j2212,j,ok,81166,81166,True,0,True,True,True,True
j2306,j,ok,80939,80939,True,0,True,True,True,True
j2208,j,ok,79772,79772,True,0,True,True,True,True
j2403,j,ok,82379,82379,True,0,True,True,True,True
j2406,j,ok,80666,80666,True,0,True,True,True,True
j2309,j,ok,83443,83443,True,0,True,True,True,True
j2410,j,ok,80711,80711,True,0,True,True,True,True
j2402,j,ok,84381,84381,True,0,True,True,True,True
j2304,j,ok,80590,80590,True,0,True,True,True,True
j2605,j,ok,35356,35356,True,0,True,True,True,True
j2205,j,ok,83049,83049,True,0,True,True,True,True
j2210,j,ok,82352,82352,True,0,True,True,True,True
j2603,j,ok,49772,49772,True,0,True,True,True,True
j2302,j,ok,79074,79074,True,0,True,True,True,True
j2207,j,ok,80120,80120,True,0,True,True,True,True
j2209,j,ok,83201,83201,True,0,True,True,True,True
j2405,j,ok,82457,82457,True,0,True,True,True,True
j2408,j,ok,83791,83791,True,0,True,True,True,True
j2206,j,ok,81651,81651,True,0,True,True,True,True
j2001,j,ok,84309,84309,True,0,True,True,True,True
j2310,j,ok,82472,82472,True,0,True,True,True,True
j2303,j,ok,80469,80469,True,0,True,True,True,True
j2509,j,ok,82913,82913,True,0,True,True,True,True
jd1403,jd,ok,17860,17860,True,0,True,True,True,True
jd1406,jd,ok,32999,32999,True,0,True,True,True,True
j2505,j,ok,83459,83459,True,0,True,True,True,True
j2404,j,ok,80180,80180,True,0,True,True,True,True
j2211,j,ok,80591,80591,True,0,True,True,True,True
j2311,j,ok,81986,81986,True,0,True,True,True,True
j2308,j,ok,80469,80469,True,0,True,True,True,True
j2011,j,ok,73209,73209,True,0,True,True,True,True
j2109,j,ok,84278,84278,True,0,True,True,True,True
jd1405,jd,ok,28196,28196,True,0,True,True,True,True
j2504,j,ok,79892,79892,True,0,True,True,True,True
j2606,j,ok,28846,28846,True,0,True,True,True,True
j2507,j,ok,80317,80317,True,0,True,True,True,True
j2506,j,ok,80560,80560,True,0,True,True,True,True
j2407,j,ok,80104,80104,True,0,True,True,True,True
j2602,j,ok,56054,56054,True,0,True,True,True,True
jd1404,jd,ok,21964,21964,True,0,True,True,True,True
j2312,j,ok,82411,82411,True,0,True,True,True,True
j2412,j,ok,80121,80121,True,0,True,True,True,True
j2604,j,ok,42564,42564,True,0,True,True,True,True
jd1502,jd,ok,53123,53123,True,0,True,True,True,True
jd1411,jd,ok,54640,54640,True,0,True,True,True,True
jd1501,jd,ok,55312,55312,True,0,True,True,True,True
j2305,j,ok,82063,82063,True,0,True,True,True,True
j2512,j,ok,69771,69771,True,0,True,True,True,True
jd1410,jd,ok,50601,50601,True,0,True,True,True,True
jd1704,jd,ok,31409,31409,True,0,True,True,True,True
j2501,j,ok,81790,81790,True,0,True,True,True,True
jd1409,jd,ok,48108,48108,True,0,True,True,True,True
jd1504,jd,ok,53395,53395,True,0,True,True,True,True
jd1506,jd,ok,54415,54415,True,0,True,True,True,True
jd1603,jd,ok,54035,54035,True,0,True,True,True,True
jd1512,jd,ok,53468,53468,True,0,True,True,True,True
jd1510,jd,ok,54567,54567,True,0,True,True,True,True
jd1511,jd,ok,54400,54400,True,0,True,True,True,True
jd1604,jd,ok,51387,51387,True,0,True,True,True,True
j2508,j,ok,80819,80819,True,0,True,True,True,True
jd1505,jd,ok,55480,55480,True,0,True,True,True,True
jd1612,jd,ok,30339,30339,True,0,True,True,True,True
jd1509,jd,ok,55509,55509,True,0,True,True,True,True
j2503,j,ok,80818,80818,True,0,True,True,True,True
j2601,j,ok,62215,62215,True,0,True,True,True,True
jd1609,jd,ok,54309,54309,True,0,True,True,True,True
jd1601,jd,ok,54902,54902,True,0,True,True,True,True
jd1706,jd,ok,44317,44317,True,0,True,True,True,True
jd1605,jd,ok,54340,54340,True,0,True,True,True,True
jd1701,jd,ok,55419,55419,True,0,True,True,True,True
jd1707,jd,ok,45033,45033,True,0,True,True,True,True
jd1602,jd,ok,53608,53608,True,0,True,True,True,True
jd1611,jd,ok,48196,48196,True,0,True,True,True,True
jd1703,jd,ok,55448,55448,True,0,True,True,True,True
jd1809,jd,ok,55404,55404,True,0,True,True,True,True
jd1912,jd,ok,55114,55114,True,0,True,True,True,True
jd1803,jd,ok,57075,57075,True,0,True,True,True,True
j2411,j,ok,82472,82472,True,0,True,True,True,True
jd1606,jd,ok,53743,53743,True,0,True,True,True,True
j2502,j,ok,78921,78921,True,0,True,True,True,True
jd1811,jd,ok,55174,55174,True,0,True,True,True,True
j2510,j,ok,81986,81986,True,0,True,True,True,True
jd1801,jd,ok,57410,57410,True,0,True,True,True,True
jd2003,jd,ok,55403,55403,True,0,True,True,True,True
jd1503,jd,ok,54236,54236,True,0,True,True,True,True
jd1908,jd,ok,54781,54781,True,0,True,True,True,True
jd1903,jd,ok,53974,53974,True,0,True,True,True,True
jd1712,jd,ok,56634,56634,True,0,True,True,True,True
jd1705,jd,ok,56132,56132,True,0,True,True,True,True
jd1709,jd,ok,56650,56650,True,0,True,True,True,True
jd1610,jd,ok,53335,53335,True,0,True,True,True,True
jd1708,jd,ok,48973,48973,True,0,True,True,True,True
jd1805,jd,ok,55541,55541,True,0,True,True,True,True
jd1412,jd,ok,54262,54262,True,0,True,True,True,True
jd1806,jd,ok,55480,55480,True,0,True,True,True,True
jd1812,jd,ok,55098,55098,True,0,True,True,True,True
jd1804,jd,ok,54779,54779,True,0,True,True,True,True
jd1711,jd,ok,54438,54438,True,0,True,True,True,True
jd1807,jd,ok,53944,53944,True,0,True,True,True,True
jd2007,jd,ok,55190,55190,True,0,True,True,True,True
jd1910,jd,ok,54963,54963,True,0,True,True,True,True
jd1909,jd,ok,55313,55313,True,0,True,True,True,True
jd2006,jd,ok,55282,55282,True,0,True,True,True,True
jd1901,jd,ok,55404,55404,True,0,True,True,True,True
j2511,j,ok,77101,77101,True,0,True,True,True,True
j2409,j,ok,83580,83580,True,0,True,True,True,True
jd1702,jd,ok,49850,49850,True,0,True,True,True,True
jd2005,jd,ok,55176,55176,True,0,True,True,True,True
jd1808,jd,ok,55616,55616,True,0,True,True,True,True
jd1810,jd,ok,55632,55632,True,0,True,True,True,True
jd1710,jd,ok,53305,53305,True,0,True,True,True,True
jd2101,jd,ok,56088,56088,True,0,True,True,True,True
jd2004,jd,ok,55388,55388,True,0,True,True,True,True
jd2107,jd,ok,54719,54719,True,0,True,True,True,True
jd2010,jd,ok,55176,55176,True,0,True,True,True,True
jd1911,jd,ok,54887,54887,True,0,True,True,True,True
jd1905,jd,ok,54749,54749,True,0,True,True,True,True
jd1904,jd,ok,54794,54794,True,0,True,True,True,True
jd1802,jd,ok,56999,56999,True,0,True,True,True,True
jd2110,jd,ok,54948,54948,True,0,True,True,True,True
jd2001,jd,ok,54492,54492,True,0,True,True,True,True
jd2011,jd,ok,54963,54963,True,0,True,True,True,True
jd2112,jd,ok,54050,54050,True,0,True,True,True,True
jd2210,jd,ok,55343,55343,True,0,True,True,True,True
jd2202,jd,ok,55252,55252,True,0,True,True,True,True
jd2106,jd,ok,55510,55510,True,0,True,True,True,True
jd2002,jd,ok,54826,54826,True,0,True,True,True,True
jd2108,jd,ok,55571,55571,True,0,True,True,True,True
jd2204,jd,ok,54019,54019,True,0,True,True,True,True
jd2012,jd,ok,55221,55221,True,0,True,True,True,True
jd1907,jd,ok,54354,54354,True,0,True,True,True,True
jd2211,jd,ok,55282,55282,True,0,True,True,True,True
jd2201,jd,ok,55024,55024,True,0,True,True,True,True
jd2008,jd,ok,54507,54507,True,0,True,True,True,True
jd2305,jd,ok,55297,55297,True,0,True,True,True,True
jd2203,jd,ok,54720,54720,True,0,True,True,True,True
jd2109,jd,ok,55115,55115,True,0,True,True,True,True
jd1902,jd,ok,55282,55282,True,0,True,True,True,True
jd2212,jd,ok,55024,55024,True,0,True,True,True,True
jd2102,jd,ok,55115,55115,True,0,True,True,True,True
jd2304,jd,ok,55161,55161,True,0,True,True,True,True
jd2301,jd,ok,54279,54279,True,0,True,True,True,True
jd2111,jd,ok,55054,55054,True,0,True,True,True,True
jd2009,jd,ok,55510,55510,True,0,True,True,True,True
jd2405,jd,ok,54203,54203,True,0,True,True,True,True
jd2104,jd,ok,55100,55100,True,0,True,True,True,True
jd2401,jd,ok,56422,56422,True,0,True,True,True,True
jd2408,jd,ok,55176,55176,True,0,True,True,True,True
jd2311,jd,ok,55343,55343,True,0,True,True,True,True
jd2206,jd,ok,54263,54263,True,0,True,True,True,True
jd2103,jd,ok,55191,55191,True,0,True,True,True,True
jd2205,jd,ok,54507,54507,True,0,True,True,True,True
jd2307,jd,ok,55191,55191,True,0,True,True,True,True
jd2208,jd,ok,54871,54871,True,0,True,True,True,True
jd2502,jd,ok,54491,54491,True,0,True,True,True,True
jd2403,jd,ok,53793,53793,True,0,True,True,True,True
jd2105,jd,ok,54948,54948,True,0,True,True,True,True
jd2303,jd,ok,55191,55191,True,0,True,True,True,True
jd2209,jd,ok,55404,55404,True,0,True,True,True,True
jd2410,jd,ok,55054,55054,True,0,True,True,True,True
jd2412,jd,ok,54750,54750,True,0,True,True,True,True
jd2603,jd,ok,31008,31008,True,0,True,True,True,True
jd2503,jd,ok,54431,54431,True,0,True,True,True,True
jd2306,jd,ok,54978,54978,True,0,True,True,True,True
jd2606,jd,ok,17328,17328,True,0,True,True,True,True
jm1308,jm,ok,19380,19380,True,0,True,True,True,True
jd2406,jd,ok,54887,54887,True,0,True,True,True,True
jd2404,jd,ok,53397,53397,True,0,True,True,True,True
jd2308,jd,ok,55191,55191,True,0,True,True,True,True
jm1310,jm,ok,29823,29823,True,0,True,True,True,True
jd2407,jd,ok,54735,54735,True,0,True,True,True,True
jd2604,jd,ok,26220,26220,True,0,True,True,True,True
jd2207,jd,ok,52257,52257,True,0,True,True,True,True
jd2501,jd,ok,54173,54173,True,0,True,True,True,True
jd1906,jd,ok,54962,54962,True,0,True,True,True,True
jd2402,jd,ok,55252,55252,True,0,True,True,True,True
jd2302,jd,ok,55161,55161,True,0,True,True,True,True
jd2507,jd,ok,54218,54218,True,0,True,True,True,True
jd2602,jd,ok,35796,35796,True,0,True,True,True,True
jm1311,jm,ok,33972,33972,True,0,True,True,True,True
jd2601,jd,ok,39900,39900,True,0,True,True,True,True
jm1411,jm,ok,52804,52804,True,0,True,True,True,True
jm1407,jm,ok,53123,53123,True,0,True,True,True,True
jd2506,jd,ok,54568,54568,True,0,True,True,True,True
jm1307,jm,ok,15063,15063,True,0,True,True,True,True
jd2312,jd,ok,54932,54932,True,0,True,True,True,True
jm1406,jm,ok,50980,50980,True,0,True,True,True,True
jd2309,jd,ok,55115,55115,True,0,True,True,True,True
jm1408,jm,ok,53123,53123,True,0,True,True,True,True
jm1312,jm,ok,37286,37286,True,0,True,True,True,True
jm1403,jm,ok,50342,50342,True,0,True,True,True,True
jm1309,jm,ok,26357,26357,True,0,True,True,True,True
jd2411,jd,ok,54386,54386,True,0,True,True,True,True
jd2504,jd,ok,54658,54658,True,0,True,True,True,True
jd2512,jd,ok,44004,44004,True,0,True,True,True,True
jm1612,jm,ok,11214,11214,True,0,True,True,True,True
jm1409,jm,ok,55403,55403,True,0,True,True,True,True
jd2505,jd,ok,54583,54583,True,0,True,True,True,True
jm1502,jm,ok,53248,53248,True,0,True,True,True,True
jm1410,jm,ok,53366,53366,True,0,True,True,True,True
jm1401,jm,ok,44900,44900,True,0,True,True,True,True
jm1607,jm,ok,41137,41137,True,0,True,True,True,True
jm1604,jm,ok,61167,61167,True,0,True,True,True,True
jd2310,jd,ok,55069,55069,True,0,True,True,True,True
jm1405,jm,ok,54886,54886,True,0,True,True,True,True
jd2508,jd,ok,53397,53397,True,0,True,True,True,True
jd2605,jd,ok,21888,21888,True,0,True,True,True,True
jm1506,jm,ok,65148,65148,True,0,True,True,True,True
jm1402,jm,ok,47029,47029,True,0,True,True,True,True
jm1606,jm,ok,50790,50790,True,0,True,True,True,True
jm1608,jm,ok,37770,37770,True,0,True,True,True,True
jm1507,jm,ok,63863,63863,True,0,True,True,True,True
jm1510,jm,ok,71168,71168,True,0,True,True,True,True
jd2510,jd,ok,53747,53747,True,0,True,True,True,True
jm1702,jm,ok,24161,24161,True,0,True,True,True,True
jm1602,jm,ok,73777,73777,True,0,True,True,True,True
jd2511,jd,ok,49020,49020,True,0,True,True,True,True
jm1603,jm,ok,70378,70378,True,0,True,True,True,True
jm1412,jm,ok,51709,51709,True,0,True,True,True,True
jm1404,jm,ok,52302,52302,True,0,True,True,True,True
jm1707,jm,ok,52281,52281,True,0,True,True,True,True
jm1511,jm,ok,69782,69782,True,0,True,True,True,True
jd2409,jd,ok,54826,54826,True,0,True,True,True,True
jm1601,jm,ok,83095,83095,True,0,True,True,True,True
jm1503,jm,ok,56492,56492,True,0,True,True,True,True
jm1803,jm,ok,80939,80939,True,0,True,True,True,True
jd2509,jd,ok,55313,55313,True,0,True,True,True,True
jm1512,jm,ok,67431,67431,True,0,True,True,True,True
jm1610,jm,ok,33133,33133,True,0,True,True,True,True
jm1706,jm,ok,41949,41949,True,0,True,True,True,True
jm1501,jm,ok,56809,56809,True,0,True,True,True,True
jm1711,jm,ok,75677,75677,True,0,True,True,True,True
jm1509,jm,ok,75942,75942,True,0,True,True,True,True
jm1703,jm,ok,24513,24513,True,0,True,True,True,True
jm1504,jm,ok,56891,56891,True,0,True,True,True,True
jm1701,jm,ok,83802,83802,True,0,True,True,True,True
jm1705,jm,ok,81276,81276,True,0,True,True,True,True
jm1911,jm,ok,81074,81074,True,0,True,True,True,True
jm1704,jm,ok,33276,33276,True,0,True,True,True,True
jm1605,jm,ok,83309,83309,True,0,True,True,True,True
jm1712,jm,ok,80513,80513,True,0,True,True,True,True
jm1710,jm,ok,73846,73846,True,0,True,True,True,True
jm1508,jm,ok,63397,63397,True,0,True,True,True,True
jm1709,jm,ok,82830,82830,True,0,True,True,True,True
jm1902,jm,ok,80294,80294,True,0,True,True,True,True
jm1611,jm,ok,16845,16845,True,0,True,True,True,True
jm2008,jm,ok,75379,75379,True,0,True,True,True,True
jm1609,jm,ok,83293,83293,True,0,True,True,True,True
jm1708,jm,ok,58300,58300,True,0,True,True,True,True
jm1903,jm,ok,80469,80469,True,0,True,True,True,True
jm1807,jm,ok,83609,83609,True,0,True,True,True,True
jm1912,jm,ok,82851,82851,True,0,True,True,True,True
jm1806,jm,ok,83973,83973,True,0,True,True,True,True
jm1808,jm,ok,81576,81576,True,0,True,True,True,True
jm1910,jm,ok,80346,80346,True,0,True,True,True,True
jm2009,jm,ok,76047,76047,True,0,True,True,True,True
jm1505,jm,ok,65915,65915,True,0,True,True,True,True
jm1801,jm,ok,84187,84187,True,0,True,True,True,True
jm1908,jm,ok,80225,80225,True,0,True,True,True,True
jm1809,jm,ok,84551,84551,True,0,True,True,True,True
jm2003,jm,ok,78246,78246,True,0,True,True,True,True
jm2007,jm,ok,74256,74256,True,0,True,True,True,True
jm1909,jm,ok,83262,83262,True,0,True,True,True,True
jm2106,jm,ok,83624,83624,True,0,True,True,True,True
jm2010,jm,ok,73679,73679,True,0,True,True,True,True
jm2006,jm,ok,72860,72860,True,0,True,True,True,True
jm2011,jm,ok,73042,73042,True,0,True,True,True,True
jm2101,jm,ok,76502,76502,True,0,True,True,True,True
jm2004,jm,ok,75172,75172,True,0,True,True,True,True
jm2305,jm,ok,83899,83899,True,0,True,True,True,True
jm1805,jm,ok,83776,83776,True,0,True,True,True,True
jm2002,jm,ok,80167,80167,True,0,True,True,True,True
jm1812,jm,ok,80878,80878,True,0,True,True,True,True
jm2012,jm,ok,74377,74377,True,0,True,True,True,True
jm2103,jm,ok,78856,78856,True,0,True,True,True,True
jm2109,jm,ok,84217,84217,True,0,True,True,True,True
jm1804,jm,ok,83579,83579,True,0,True,True,True,True
jm2107,jm,ok,84079,84079,True,0,True,True,True,True
jm2202,jm,ok,80317,80317,True,0,True,True,True,True
jm2302,jm,ok,79074,79074,True,0,True,True,True,True
jm1904,jm,ok,80559,80559,True,0,True,True,True,True
jm2005,jm,ok,76776,76776,True,0,True,True,True,True
jm2108,jm,ok,83654,83654,True,0,True,True,True,True
jm2105,jm,ok,83883,83883,True,0,True,True,True,True
jm1907,jm,ok,82867,82867,True,0,True,True,True,True
jm1906,jm,ok,80635,80635,True,0,True,True,True,True
jm2304,jm,ok,83292,83292,True,0,True,True,True,True
jm1811,jm,ok,81349,81349,True,0,True,True,True,True
jm2111,jm,ok,82410,82410,True,0,True,True,True,True
jm2303,jm,ok,80378,80378,True,0,True,True,True,True
jm2110,jm,ok,82669,82669,True,0,True,True,True,True
jm2212,jm,ok,82256,82256,True,0,True,True,True,True
jm2001,jm,ok,84309,84309,True,0,True,True,True,True
jm1802,jm,ok,82594,82594,True,0,True,True,True,True
jm2204,jm,ok,80529,80529,True,0,True,True,True,True
jm2203,jm,ok,82393,82393,True,0,True,True,True,True
jm2112,jm,ok,82578,82578,True,0,True,True,True,True
jm2102,jm,ok,76679,76679,True,0,True,True,True,True
jm2205,jm,ok,83201,83201,True,0,True,True,True,True
jm1810,jm,ok,80422,80422,True,0,True,True,True,True
jm1905,jm,ok,84430,84430,True,0,True,True,True,True
jm2301,jm,ok,83474,83474,True,0,True,True,True,True
jm2208,jm,ok,80090,80090,True,0,True,True,True,True
jm2405,jm,ok,83489,83489,True,0,True,True,True,True
jm2211,jm,ok,80803,80803,True,0,True,True,True,True
jm2402,jm,ok,84672,84672,True,0,True,True,True,True
jm2306,jm,ok,80878,80878,True,0,True,True,True,True
l1003,l,ok,7411,7411,True,0,True,True,True,True
jm1901,jm,ok,83960,83960,True,0,True,True,True,True
jm2210,jm,ok,80393,80393,True,0,True,True,True,True
jm2404,jm,ok,81577,81577,True,0,True,True,True,True
jm2410,jm,ok,82105,82105,True,0,True,True,True,True
l1001,l,ok,1774,1774,True,0,True,True,True,True
jm2310,jm,ok,83518,83518,True,0,True,True,True,True
jm2309,jm,ok,83944,83944,True,0,True,True,True,True
jm2503,jm,ok,80666,80666,True,0,True,True,True,True
l1006,l,ok,19084,19084,True,0,True,True,True,True
jm2311,jm,ok,81986,81986,True,0,True,True,True,True
jm2411,jm,ok,80302,80302,True,0,True,True,True,True
l1010,l,ok,28355,28355,True,0,True,True,True,True
l1012,l,ok,30857,30857,True,0,True,True,True,True
jm2406,jm,ok,81228,81228,True,0,True,True,True,True
jm2209,jm,ok,82639,82639,True,0,True,True,True,True
jm2207,jm,ok,80060,80060,True,0,True,True,True,True
jm2602,jm,ok,56054,56054,True,0,True,True,True,True
jm2408,jm,ok,82288,82288,True,0,True,True,True,True
jm2407,jm,ok,79892,79892,True,0,True,True,True,True
jm2506,jm,ok,81924,81924,True,0,True,True,True,True
jm2307,jm,ok,80470,80470,True,0,True,True,True,True
l1107,l,ok,19064,19064,True,0,True,True,True,True
jm2403,jm,ok,82667,82667,True,0,True,True,True,True
l1112,l,ok,28576,28576,True,0,True,True,True,True
l1009,l,ok,38969,38969,True,0,True,True,True,True
jm2508,jm,ok,83261,83261,True,0,True,True,True,True
l1002,l,ok,2910,2910,True,0,True,True,True,True
l1106,l,ok,38202,38202,True,0,True,True,True,True
jm2501,jm,ok,83368,83368,True,0,True,True,True,True
l1011,l,ok,38167,38167,True,0,True,True,True,True
jm2512,jm,ok,69772,69772,True,0,True,True,True,True
jm2104,jm,ok,82186,82186,True,0,True,True,True,True
jm2401,jm,ok,83519,83519,True,0,True,True,True,True
jm2510,jm,ok,83382,83382,True,0,True,True,True,True
jm2206,jm,ok,81865,81865,True,0,True,True,True,True
jm2412,jm,ok,80546,80546,True,0,True,True,True,True
jm2504,jm,ok,82610,82610,True,0,True,True,True,True
jm2604,jm,ok,42564,42564,True,0,True,True,True,True
l1203,l,ok,31496,31496,True,0,True,True,True,True
jm2409,jm,ok,83732,83732,True,0,True,True,True,True
l1202,l,ok,27658,27658,True,0,True,True,True,True
jm2312,jm,ok,83547,83547,True,0,True,True,True,True
l1103,l,ok,33379,33379,True,0,True,True,True,True
l1211,l,ok,17325,17325,True,0,True,True,True,True
l1004,l,ok,8988,8988,True,0,True,True,True,True
l1207,l,ok,24605,24605,True,0,True,True,True,True
jm2605,jm,ok,35356,35356,True,0,True,True,True,True
l1008,l,ok,18596,18596,True,0,True,True,True,True
l1102,l,ok,23507,23507,True,0,True,True,True,True
l1111,l,ok,27715,27715,True,0,True,True,True,True
l1101,l,ok,49830,49830,True,0,True,True,True,True
l1007,l,ok,23559,23559,True,0,True,True,True,True
l1105,l,ok,48271,48271,True,0,True,True,True,True
jm2601,jm,ok,62215,62215,True,0,True,True,True,True
l1005,l,ok,19760,19760,True,0,True,True,True,True
l1303,l,ok,27497,27497,True,0,True,True,True,True
jm2507,jm,ok,83427,83427,True,0,True,True,True,True
jm2509,jm,ok,83262,83262,True,0,True,True,True,True
l1108,l,ok,28936,28936,True,0,True,True,True,True
jm2505,jm,ok,83201,83201,True,0,True,True,True,True
l1204,l,ok,31853,31853,True,0,True,True,True,True
jm2308,jm,ok,83580,83580,True,0,True,True,True,True
jm2603,jm,ok,49772,49772,True,0,True,True,True,True
l1209,l,ok,54663,54663,True,0,True,True,True,True
l1212,l,ok,22410,22410,True,0,True,True,True,True
l1208,l,ok,27739,27739,True,0,True,True,True,True
l1301,l,ok,55279,55279,True,0,True,True,True,True
l1312,l,ok,51308,51308,True,0,True,True,True,True
jm2502,jm,ok,81623,81623,True,0,True,True,True,True
l1311,l,ok,45850,45850,True,0,True,True,True,True
l1307,l,ok,28447,28447,True,0,True,True,True,True
l1306,l,ok,36373,36373,True,0,True,True,True,True
l1412,l,ok,51055,51055,True,0,True,True,True,True
jm2606,jm,ok,28846,28846,True,0,True,True,True,True
l1210,l,ok,30510,30510,True,0,True,True,True,True
l1305,l,ok,55042,55042,True,0,True,True,True,True
l1206,l,ok,34716,34716,True,0,True,True,True,True
l1504,l,ok,54692,54692,True,0,True,True,True,True
l1410,l,ok,55053,55053,True,0,True,True,True,True
l1406,l,ok,53712,53712,True,0,True,True,True,True
l1308,l,ok,35724,35724,True,0,True,True,True,True
l1304,l,ok,29494,29494,True,0,True,True,True,True
l1302,l,ok,29029,29029,True,0,True,True,True,True
l1110,l,ok,34723,34723,True,0,True,True,True,True
l1104,l,ok,32182,32182,True,0,True,True,True,True
l1510,l,ok,53623,53623,True,0,True,True,True,True
jm2201,jm,ok,83899,83899,True,0,True,True,True,True
l1201,l,ok,51214,51214,True,0,True,True,True,True
l1503,l,ok,53184,53184,True,0,True,True,True,True
l1405,l,ok,55403,55403,True,0,True,True,True,True
l1407,l,ok,54787,54787,True,0,True,True,True,True
l1404,l,ok,53746,53746,True,0,True,True,True,True
l1411,l,ok,51436,51436,True,0,True,True,True,True
l1205,l,ok,53366,53366,True,0,True,True,True,True
l1310,l,ok,44626,44626,True,0,True,True,True,True
l1606,l,ok,43317,43317,True,0,True,True,True,True
l1607,l,ok,30184,30184,True,0,True,True,True,True
l1502,l,ok,52089,52089,True,0,True,True,True,True
l1611,l,ok,11215,11215,True,0,True,True,True,True
l1602,l,ok,49141,49141,True,0,True,True,True,True
l1401,l,ok,54139,54139,True,0,True,True,True,True
l1704,l,ok,18891,18891,True,0,True,True,True,True
l1109,l,ok,52644,52644,True,0,True,True,True,True
l1603,l,ok,46618,46618,True,0,True,True,True,True
l1703,l,ok,18167,18167,True,0,True,True,True,True
l1403,l,ok,51086,51086,True,0,True,True,True,True
l1507,l,ok,55388,55388,True,0,True,True,True,True
l1408,l,ok,52880,52880,True,0,True,True,True,True
l1604,l,ok,46692,46692,True,0,True,True,True,True
l1605,l,ok,55632,55632,True,0,True,True,True,True
l1610,l,ok,25683,25683,True,0,True,True,True,True
l1511,l,ok,53366,53366,True,0,True,True,True,True
l1706,l,ok,27589,27589,True,0,True,True,True,True
jm2511,jm,ok,77101,77101,True,0,True,True,True,True
l1506,l,ok,55205,55205,True,0,True,True,True,True
l1807,l,ok,54673,54673,True,0,True,True,True,True
l1702,l,ok,15134,15134,True,0,True,True,True,True
l1512,l,ok,53564,53564,True,0,True,True,True,True
l1509,l,ok,55646,55646,True,0,True,True,True,True
l1701,l,ok,55631,55631,True,0,True,True,True,True
l1409,l,ok,55403,55403,True,0,True,True,True,True
l1804,l,ok,54400,54400,True,0,True,True,True,True
l1612,l,ok,6883,6883,True,0,True,True,True,True
l1402,l,ok,52622,52622,True,0,True,True,True,True
l1505,l,ok,55434,55434,True,0,True,True,True,True
l1608,l,ok,30038,30038,True,0,True,True,True,True
l1808,l,ok,54658,54658,True,0,True,True,True,True
l1609,l,ok,55798,55798,True,0,True,True,True,True
l1309,l,ok,53436,53436,True,0,True,True,True,True
l1711,l,ok,51088,51088,True,0,True,True,True,True
l1902,l,ok,52962,52962,True,0,True,True,True,True
l1708,l,ok,37742,37742,True,0,True,True,True,True
l1806,l,ok,53883,53883,True,0,True,True,True,True
l1907,l,ok,61417,61417,True,0,True,True,True,True
l1910,l,ok,67536,67536,True,0,True,True,True,True
l1707,l,ok,33605,33605,True,0,True,True,True,True
l1508,l,ok,55722,55722,True,0,True,True,True,True
l1501,l,ok,55616,55616,True,0,True,True,True,True
l1712,l,ok,55342,55342,True,0,True,True,True,True
l1911,l,ok,73250,73250,True,0,True,True,True,True
l1601,l,ok,54993,54993,True,0,True,True,True,True
l1802,l,ok,55068,55068,True,0,True,True,True,True
l1812,l,ok,53123,53123,True,0,True,True,True,True
l1810,l,ok,52378,52378,True,0,True,True,True,True
l1901,l,ok,55342,55342,True,0,True,True,True,True
l1906,l,ok,58373,58373,True,0,True,True,True,True
l1905,l,ok,59368,59368,True,0,True,True,True,True
l1909,l,ok,68606,68606,True,0,True,True,True,True
l1710,l,ok,47841,47841,True,0,True,True,True,True
l1705,l,ok,55176,55176,True,0,True,True,True,True
l1903,l,ok,53032,53032,True,0,True,True,True,True
l2004,l,ok,77119,77119,True,0,True,True,True,True
l1801,l,ok,55631,55631,True,0,True,True,True,True
l1908,l,ok,65640,65640,True,0,True,True,True,True
l1904,l,ok,52895,52895,True,0,True,True,True,True
l2002,l,ok,77097,77097,True,0,True,True,True,True
l2012,l,ok,75894,75894,True,0,True,True,True,True
l1811,l,ok,52880,52880,True,0,True,True,True,True
l1912,l,ok,75624,75624,True,0,True,True,True,True
l1809,l,ok,55631,55631,True,0,True,True,True,True
l2009,l,ok,76214,76214,True,0,True,True,True,True
l1709,l,ok,55404,55404,True,0,True,True,True,True
l1803,l,ok,54445,54445,True,0,True,True,True,True
l2011,l,ok,75469,75469,True,0,True,True,True,True
l2001,l,ok,78561,78561,True,0,True,True,True,True
l2003,l,ok,76763,76763,True,0,True,True,True,True
l2005,l,ok,76852,76852,True,0,True,True,True,True
l2107,l,ok,81501,81501,True,0,True,True,True,True
l2006,l,ok,75986,75986,True,0,True,True,True,True
l2105,l,ok,84081,84081,True,0,True,True,True,True
l1805,l,ok,55571,55571,True,0,True,True,True,True
l2108,l,ok,80849,80849,True,0,True,True,True,True
l2205,l,ok,83262,83262,True,0,True,True,True,True
l2102,l,ok,79184,79184,True,0,True,True,True,True
l2010,l,ok,77048,77048,True,0,True,True,True,True
l2111,l,ok,83611,83611,True,0,True,True,True,True
l2202,l,ok,83459,83459,True,0,True,True,True,True
l2209,l,ok,83490,83490,True,0,True,True,True,True
l2204,l,ok,83899,83899,True,0,True,True,True,True
l2303,l,ok,83869,83869,True,0,True,True,True,True
l2302,l,ok,82488,82488,True,0,True,True,True,True
l2112,l,ok,83823,83823,True,0,True,True,True,True
l2110,l,ok,83611,83611,True,0,True,True,True,True
l2109,l,ok,84430,84430,True,0,True,True,True,True
l2305,l,ok,83762,83762,True,0,True,True,True,True
l2203,l,ok,83504,83504,True,0,True,True,True,True
l2308,l,ok,83580,83580,True,0,True,True,True,True
l2007,l,ok,76578,76578,True,0,True,True,True,True
l2106,l,ok,83731,83731,True,0,True,True,True,True
l2208,l,ok,83262,83262,True,0,True,True,True,True
l2206,l,ok,83611,83611,True,0,True,True,True,True
l2310,l,ok,83427,83427,True,0,True,True,True,True
l2212,l,ok,83413,83413,True,0,True,True,True,True
l2101,l,ok,76700,76700,True,0,True,True,True,True
l2301,l,ok,83550,83550,True,0,True,True,True,True
l2402,l,ok,85825,85825,True,0,True,True,True,True
l2307,l,ok,83960,83960,True,0,True,True,True,True
l2304,l,ok,83033,83033,True,0,True,True,True,True
l2411,l,ok,83292,83292,True,0,True,True,True,True
l2211,l,ok,83808,83808,True,0,True,True,True,True
l2210,l,ok,83960,83960,True,0,True,True,True,True
l2104,l,ok,81700,81700,True,0,True,True,True,True
l2604,l,ok,42564,42564,True,0,True,True,True,True
l2512,l,ok,69423,69423,True,0,True,True,True,True
l2412,l,ok,82744,82744,True,0,True,True,True,True
lc2406,lc,ok,49643,49643,True,0,True,True,True,True
lc2404,lc,ok,40584,40584,True,0,True,True,True,True
l2501,l,ok,83489,83489,True,0,True,True,True,True
l2103,l,ok,79859,79859,True,0,True,True,True,True
lc2403,lc,ok,35796,35796,True,0,True,True,True,True
l2306,l,ok,84339,84339,True,0,True,True,True,True
l2407,l,ok,83245,83245,True,0,True,True,True,True
l2409,l,ok,83215,83215,True,0,True,True,True,True
l2312,l,ok,83685,83685,True,0,True,True,True,True
l2506,l,ok,82852,82852,True,0,True,True,True,True
l2508,l,ok,83261,83261,True,0,True,True,True,True
l2309,l,ok,84081,84081,True,0,True,True,True,True
l2603,l,ok,49772,49772,True,0,True,True,True,True
l2605,l,ok,35356,35356,True,0,True,True,True,True
l2408,l,ok,83989,83989,True,0,True,True,True,True
l2503,l,ok,83034,83034,True,0,True,True,True,True
l2502,l,ok,82214,82214,True,0,True,True,True,True
lc2511,lc,ok,50844,50844,True,0,True,True,True,True
l2403,l,ok,83244,83244,True,0,True,True,True,True
l2405,l,ok,83519,83519,True,0,True,True,True,True
l2406,l,ok,83520,83520,True,0,True,True,True,True
l2401,l,ok,83732,83732,True,0,True,True,True,True
l2207,l,ok,83611,83611,True,0,True,True,True,True
l2507,l,ok,82789,82789,True,0,True,True,True,True
l2601,l,ok,62215,62215,True,0,True,True,True,True
l2504,l,ok,82791,82791,True,0,True,True,True,True
l2606,l,ok,28846,28846,True,0,True,True,True,True
l2311,l,ok,83593,83593,True,0,True,True,True,True
l2008,l,ok,76350,76350,True,0,True,True,True,True
l2505,l,ok,83611,83611,True,0,True,True,True,True
lc2408,lc,ok,55404,55404,True,0,True,True,True,True
lc2502,lc,ok,54264,54264,True,0,True,True,True,True
l2201,l,ok,83960,83960,True,0,True,True,True,True
l2510,l,ok,83383,83383,True,0,True,True,True,True
l2410,l,ok,82836,82836,True,0,True,True,True,True
lc2505,lc,ok,55176,55176,True,0,True,True,True,True
lc2412,lc,ok,54887,54887,True,0,True,True,True,True
lc2405,lc,ok,45144,45144,True,0,True,True,True,True
lc2401,lc,ok,27360,27360,True,0,True,True,True,True
lc2512,lc,ok,46056,46056,True,0,True,True,True,True
lc2503,lc,ok,54720,54720,True,0,True,True,True,True
l2404,l,ok,83230,83230,True,0,True,True,True,True
lg2507,lg,ok,38471,38471,True,0,True,True,True,True
l2511,l,ok,77101,77101,True,0,True,True,True,True
lg2509,lg,ok,48062,48062,True,0,True,True,True,True
lc2506,lc,ok,54659,54659,True,0,True,True,True,True
lg2603,lg,ok,30947,30947,True,0,True,True,True,True
lc2411,lc,ok,55176,55176,True,0,True,True,True,True
lc2407,lc,ok,54036,54036,True,0,True,True,True,True
lc2604,lc,ok,28044,28044,True,0,True,True,True,True
lc2605,lc,ok,23256,23256,True,0,True,True,True,True
l2602,l,ok,56054,56054,True,0,True,True,True,True
lh2203,lh,ok,54688,54688,True,0,True,True,True,True
lc2507,lc,ok,55175,55175,True,0,True,True,True,True
lc2602,lc,ok,36936,36936,True,0,True,True,True,True
lc2409,lc,ok,55115,55115,True,0,True,True,True,True
lh2111,lh,ok,48290,48290,True,0,True,True,True,True
lc2606,lc,ok,18924,18924,True,0,True,True,True,True
lu2101,lu,ok,42639,42639,True,0,True,True,True,True
lc2510,lc,ok,54948,54948,True,0,True,True,True,True
lh2603,lh,ok,31008,31008,True,0,True,True,True,True
lc2508,lc,ok,55176,55176,True,0,True,True,True,True
lg2601,lg,ok,39809,39809,True,0,True,True,True,True
lh2601,lh,ok,39900,39900,True,0,True,True,True,True
lh2201,lh,ok,57198,57198,True,0,True,True,True,True
lh2207,lh,ok,53413,53413,True,0,True,True,True,True
lc2509,lc,ok,54948,54948,True,0,True,True,True,True
lc2504,lc,ok,54857,54857,True,0,True,True,True,True
lg2511,lg,ok,50616,50616,True,0,True,True,True,True
l2509,l,ok,83262,83262,True,0,True,True,True,True
lh2605,lh,ok,21888,21888,True,0,True,True,True,True
lh2109,lh,ok,38410,38410,True,0,True,True,True,True
lh2311,lh,ok,53853,53853,True,0,True,True,True,True
lh2205,lh,ok,54901,54901,True,0,True,True,True,True
lc2402,lc,ok,32315,32315,True,0,True,True,True,True
lh2305,lh,ok,54902,54902,True,0,True,True,True,True
lh2401,lh,ok,52972,52972,True,0,True,True,True,True
lc2603,lc,ok,32832,32832,True,0,True,True,True,True
lc2410,lc,ok,54948,54948,True,0,True,True,True,True
lh2211,lh,ok,55054,55054,True,0,True,True,True,True
lh2301,lh,ok,53048,53048,True,0,True,True,True,True
lh2403,lh,ok,54385,54385,True,0,True,True,True,True
lh2505,lh,ok,54659,54659,True,0,True,True,True,True
lu2104,lu,ok,64976,64976,True,0,True,True,True,True
lh2411,lh,ok,54583,54583,True,0,True,True,True,True
lh2501,lh,ok,54081,54081,True,0,True,True,True,True
lg2605,lg,ok,21888,21888,True,0,True,True,True,True
lu2103,lu,ok,55584,55584,True,0,True,True,True,True
lh2507,lh,ok,53975,53975,True,0,True,True,True,True
lh2409,lh,ok,54887,54887,True,0,True,True,True,True
lh2303,lh,ok,53671,53671,True,0,True,True,True,True
lu2102,lu,ok,51288,51288,True,0,True,True,True,True
lh2209,lh,ok,54218,54218,True,0,True,True,True,True
lu2107,lu,ok,82427,82427,True,0,True,True,True,True
lc2501,lc,ok,55176,55176,True,0,True,True,True,True
lu2111,lu,ok,81539,81539,True,0,True,True,True,True
lh2503,lh,ok,54948,54948,True,0,True,True,True,True
lh2405,lh,ok,52881,52881,True,0,True,True,True,True
lu2202,lu,ok,81607,81607,True,0,True,True,True,True
lc2601,lc,ok,41040,41040,True,0,True,True,True,True
lu2110,lu,ok,83604,83604,True,0,True,True,True,True
lu2109,lu,ok,84152,84152,True,0,True,True,True,True
lh2511,lh,ok,49020,49020,True,0,True,True,True,True
lh2407,lh,ok,55221,55221,True,0,True,True,True,True
lu2105,lu,ok,71380,71380,True,0,True,True,True,True
lu2106,lu,ok,78664,78664,True,0,True,True,True,True
lh2509,lh,ok,54416,54416,True,0,True,True,True,True
lh2309,lh,ok,54568,54568,True,0,True,True,True,True
lu2201,lu,ok,83204,83204,True,0,True,True,True,True
lu2108,lu,ok,82299,82299,True,0,True,True,True,True
lu2404,lu,ok,83382,83382,True,0,True,True,True,True
lu2403,lu,ok,83928,83928,True,0,True,True,True,True
lu2209,lu,ok,83610,83610,True,0,True,True,True,True
lu2112,lu,ok,83428,83428,True,0,True,True,True,True
lu2309,lu,ok,83686,83686,True,0,True,True,True,True
lu2303,lu,ok,83716,83716,True,0,True,True,True,True
lu2207,lu,ok,82851,82851,True,0,True,True,True,True
lu2406,lu,ok,83427,83427,True,0,True,True,True,True
lu2210,lu,ok,83959,83959,True,0,True,True,True,True
lu2502,lu,ok,81850,81850,True,0,True,True,True,True
lu2411,lu,ok,83155,83155,True,0,True,True,True,True
m1003,m,ok,7803,7803,True,0,True,True,True,True
lu2211,lu,ok,83943,83943,True,0,True,True,True,True
lu2606,lu,ok,32214,32214,True,0,True,True,True,True
lu2310,lu,ok,84976,84976,True,0,True,True,True,True
lu2212,lu,ok,83685,83685,True,0,True,True,True,True
lu2308,lu,ok,83322,83322,True,0,True,True,True,True
lu2402,lu,ok,87828,87828,True,0,True,True,True,True
m1005,m,ok,19471,19471,True,0,True,True,True,True
lu2409,lu,ok,83670,83670,True,0,True,True,True,True
lu2301,lu,ok,83139,83139,True,0,True,True,True,True
lu2412,lu,ok,83109,83109,True,0,True,True,True,True
lu2203,lu,ok,83078,83078,True,0,True,True,True,True
lu2401,lu,ok,85400,85400,True,0,True,True,True,True
lu2306,lu,ok,82776,82776,True,0,True,True,True,True
lu2305,lu,ok,83442,83442,True,0,True,True,True,True
lu2208,lu,ok,83261,83261,True,0,True,True,True,True
lu2311,lu,ok,83761,83761,True,0,True,True,True,True
m1001,m,ok,1170,1170,True,0,True,True,True,True
lu2302,lu,ok,82123,82123,True,0,True,True,True,True
lu2312,lu,ok,83381,83381,True,0,True,True,True,True
lu2206,lu,ok,81909,81909,True,0,True,True,True,True
m1007,m,ok,26889,26889,True,0,True,True,True,True
lu2607,lu,ok,25356,25356,True,0,True,True,True,True
lu2501,lu,ok,83474,83474,True,0,True,True,True,True
lu2205,lu,ok,82654,82654,True,0,True,True,True,True
lu2505,lu,ok,83610,83610,True,0,True,True,True,True
lu2410,lu,ok,83049,83049,True,0,True,True,True,True
lu2605,lu,ok,38725,38725,True,0,True,True,True,True
lu2512,lu,ok,73262,73262,True,0,True,True,True,True
lh2307,lh,ok,54097,54097,True,0,True,True,True,True
m1008,m,ok,29379,29379,True,0,True,True,True,True
lu2602,lu,ok,59423,59423,True,0,True,True,True,True
lu2304,lu,ok,83701,83701,True,0,True,True,True,True
lu2508,lu,ok,83398,83398,True,0,True,True,True,True
lu2405,lu,ok,83640,83640,True,0,True,True,True,True
lu2506,lu,ok,83170,83170,True,0,True,True,True,True
lu2503,lu,ok,82440,82440,True,0,True,True,True,True
lu2509,lu,ok,83201,83201,True,0,True,True,True,True
lu2601,lu,ok,65584,65584,True,0,True,True,True,True
m1207,m,ok,43229,43229,True,0,True,True,True,True
m1108,m,ok,43402,43402,True,0,True,True,True,True
m1208,m,ok,45300,45300,True,0,True,True,True,True
lu2510,lu,ok,83868,83868,True,0,True,True,True,True
lu2504,lu,ok,83033,83033,True,0,True,True,True,True
lu2204,lu,ok,83169,83169,True,0,True,True,True,True
lu2511,lu,ok,80591,80591,True,0,True,True,True,True
lu2604,lu,ok,45933,45933,True,0,True,True,True,True
m1107,m,ok,51898,51898,True,0,True,True,True,True
m1211,m,ok,49265,49265,True,0,True,True,True,True
lu2408,lu,ok,83989,83989,True,0,True,True,True,True
m1203,m,ok,48056,48056,True,0,True,True,True,True
m1109,m,ok,53427,53427,True,0,True,True,True,True
m1105,m,ok,53229,53229,True,0,True,True,True,True
m1009,m,ok,37924,37924,True,0,True,True,True,True
m1101,m,ok,53595,53595,True,0,True,True,True,True
lu2407,lu,ok,83382,83382,True,0,True,True,True,True
m1301,m,ok,55338,55338,True,0,True,True,True,True
m1103,m,ok,49910,49910,True,0,True,True,True,True
lu2507,lu,ok,83064,83064,True,0,True,True,True,True
lu2307,lu,ok,83959,83959,True,0,True,True,True,True
m1209,m,ok,54553,54553,True,0,True,True,True,True
m1401,m,ok,54263,54263,True,0,True,True,True,True
m1405,m,ok,55404,55404,True,0,True,True,True,True
m1505,m,ok,66159,66159,True,0,True,True,True,True
m1011,m,ok,44322,44322,True,0,True,True,True,True
m1205,m,ok,53078,53078,True,0,True,True,True,True
m1305,m,ok,55115,55115,True,0,True,True,True,True
m1212,m,ok,48108,48108,True,0,True,True,True,True
m1412,m,ok,55541,55541,True,0,True,True,True,True
m1312,m,ok,53278,53278,True,0,True,True,True,True
lu2603,lu,ok,53262,53262,True,0,True,True,True,True
m1111,m,ok,49766,49766,True,0,True,True,True,True
m1501,m,ok,57312,57312,True,0,True,True,True,True
m1311,m,ok,54262,54262,True,0,True,True,True,True
m1303,m,ok,52427,52427,True,0,True,True,True,True
m1012,m,ok,45262,45262,True,0,True,True,True,True
m1507,m,ok,70588,70588,True,0,True,True,True,True
m1201,m,ok,53153,53153,True,0,True,True,True,True
m1408,m,ok,53351,53351,True,0,True,True,True,True
m1308,m,ok,53287,53287,True,0,True,True,True,True
m1612,m,ok,56082,56082,True,0,True,True,True,True
m1403,m,ok,53880,53880,True,0,True,True,True,True
m1112,m,ok,45167,45167,True,0,True,True,True,True
m1409,m,ok,55404,55404,True,0,True,True,True,True
m1508,m,ok,72732,72732,True,0,True,True,True,True
m1309,m,ok,54492,54492,True,0,True,True,True,True
m1608,m,ok,70323,70323,True,0,True,True,True,True
m1512,m,ok,80426,80426,True,0,True,True,True,True
m1511,m,ok,77249,77249,True,0,True,True,True,True
m1407,m,ok,55480,55480,True,0,True,True,True,True
m1411,m,ok,53899,53899,True,0,True,True,True,True
m1503,m,ok,57570,57570,True,0,True,True,True,True
m1808,m,ok,81289,81289,True,0,True,True,True,True
m1703,m,ok,72779,72779,True,0,True,True,True,True
m1607,m,ok,77291,77291,True,0,True,True,True,True
m1509,m,ok,76430,76430,True,0,True,True,True,True
m1807,m,ok,82668,82668,True,0,True,True,True,True
m1609,m,ok,83916,83916,True,0,True,True,True,True
m1603,m,ok,79018,79018,True,0,True,True,True,True
m1307,m,ok,54474,54474,True,0,True,True,True,True
m1812,m,ok,81623,81623,True,0,True,True,True,True
m1709,m,ok,83292,83292,True,0,True,True,True,True
m1711,m,ok,78591,78591,True,0,True,True,True,True
m1601,m,ok,82809,82809,True,0,True,True,True,True
m1605,m,ok,83658,83658,True,0,True,True,True,True
m1911,m,ok,81168,81168,True,0,True,True,True,True
m1707,m,ok,79712,79712,True,0,True,True,True,True
m1801,m,ok,83945,83945,True,0,True,True,True,True
m2003,m,ok,80451,80451,True,0,True,True,True,True
m1905,m,ok,84658,84658,True,0,True,True,True,True
m1809,m,ok,84718,84718,True,0,True,True,True,True
m1811,m,ok,82503,82503,True,0,True,True,True,True
m2008,m,ok,74803,74803,True,0,True,True,True,True
m2005,m,ok,76928,76928,True,0,True,True,True,True
m1805,m,ok,84369,84369,True,0,True,True,True,True
m2109,m,ok,84430,84430,True,0,True,True,True,True
m2212,m,ok,83489,83489,True,0,True,True,True,True
m1803,m,ok,81866,81866,True,0,True,True,True,True
m1611,m,ok,72194,72194,True,0,True,True,True,True
m2009,m,ok,76351,76351,True,0,True,True,True,True
m2201,m,ok,83686,83686,True,0,True,True,True,True
m1908,m,ok,81137,81137,True,0,True,True,True,True
m2103,m,ok,79236,79236,True,0,True,True,True,True
m1708,m,ok,77013,77013,True,0,True,True,True,True
m2007,m,ok,76047,76047,True,0,True,True,True,True
m1901,m,ok,83595,83595,True,0,True,True,True,True
m2001,m,ok,84218,84218,True,0,True,True,True,True
m1903,m,ok,82502,82502,True,0,True,True,True,True
m1701,m,ok,84248,84248,True,0,True,True,True,True
m2501,m,ok,83550,83550,True,0,True,True,True,True
m1712,m,ok,83110,83110,True,0,True,True,True,True
m1909,m,ok,83262,83262,True,0,True,True,True,True
m2105,m,ok,83990,83990,True,0,True,True,True,True
m1912,m,ok,83217,83217,True,0,True,True,True,True
m2112,m,ok,82215,82215,True,0,True,True,True,True
m2111,m,ok,83474,83474,True,0,True,True,True,True
m2107,m,ok,83929,83929,True,0,True,True,True,True
m1907,m,ok,81593,81593,True,0,True,True,True,True
m2011,m,ok,76002,76002,True,0,True,True,True,True
m2205,m,ok,82685,82685,True,0,True,True,True,True
m2303,m,ok,83960,83960,True,0,True,True,True,True
m2605,m,ok,35356,35356,True,0,True,True,True,True
m2408,m,ok,84081,84081,True,0,True,True,True,True
m2309,m,ok,84020,84020,True,0,True,True,True,True
m2101,m,ok,76639,76639,True,0,True,True,True,True
m2301,m,ok,83611,83611,True,0,True,True,True,True
m2407,m,ok,83155,83155,True,0,True,True,True,True
m2211,m,ok,83884,83884,True,0,True,True,True,True
m2603,m,ok,49772,49772,True,0,True,True,True,True
m2503,m,ok,83262,83262,True,0,True,True,True,True
m2312,m,ok,83944,83944,True,0,True,True,True,True
ni1509,ni,ok,54015,54015,True,0,True,True,True,True
m2307,m,ok,83960,83960,True,0,True,True,True,True
m2507,m,ok,83611,83611,True,0,True,True,True,True
m2401,m,ok,83732,83732,True,0,True,True,True,True
m2505,m,ok,83611,83611,True,0,True,True,True,True
m2508,m,ok,83611,83611,True,0,True,True,True,True
m1705,m,ok,83490,83490,True,0,True,True,True,True
m2509,m,ok,82624,82624,True,0,True,True,True,True
m2012,m,ok,74621,74621,True,0,True,True,True,True
m2511,m,ok,77101,77101,True,0,True,True,True,True
ni1508,ni,ok,45223,45223,True,0,True,True,True,True
m2601,m,ok,62215,62215,True,0,True,True,True,True
ni1511,ni,ok,71458,71458,True,0,True,True,True,True
m2108,m,ok,81941,81941,True,0,True,True,True,True
m2308,m,ok,83960,83960,True,0,True,True,True,True
m2512,m,ok,69772,69772,True,0,True,True,True,True
ni1607,ni,ok,90087,90087,True,0,True,True,True,True
m2208,m,ok,83110,83110,True,0,True,True,True,True
m2209,m,ok,83490,83490,True,0,True,True,True,True
ni1604,ni,ok,103802,103802,True,0,True,True,True,True
m2409,m,ok,83732,83732,True,0,True,True,True,True
ni1602,ni,ok,97080,97080,True,0,True,True,True,True
ni1507,ni,ok,34497,34497,True,0,True,True,True,True
ni1606,ni,ok,110245,110245,True,0,True,True,True,True
m2207,m,ok,83292,83292,True,0,True,True,True,True
m2305,m,ok,83808,83808,True,0,True,True,True,True
ni1611,ni,ok,54584,54584,True,0,True,True,True,True
m2411,m,ok,83611,83611,True,0,True,True,True,True
ni1601,ni,ok,91872,91872,True,0,True,True,True,True
m2405,m,ok,83732,83732,True,0,True,True,True,True
m2311,m,ok,83731,83731,True,0,True,True,True,True
ni1512,ni,ok,81460,81460,True,0,True,True,True,True
ni1701,ni,ok,111349,111349,True,0,True,True,True,True
ni1708,ni,ok,86791,86791,True,0,True,True,True,True
ni1610,ni,ok,82299,82299,True,0,True,True,True,True
ni1609,ni,ok,113674,113674,True,0,True,True,True,True
m2412,m,ok,83262,83262,True,0,True,True,True,True
ni1612,ni,ok,75017,75017,True,0,True,True,True,True
ni1608,ni,ok,90044,90044,True,0,True,True,True,True
m2403,m,ok,84020,84020,True,0,True,True,True,True
ni1710,ni,ok,103795,103795,True,0,True,True,True,True
ni1709,ni,ok,111828,111828,True,0,True,True,True,True
ni1510,ni,ok,61445,61445,True,0,True,True,True,True
ni1802,ni,ok,113453,113453,True,0,True,True,True,True
ni1603,ni,ok,105753,105753,True,0,True,True,True,True
ni1703,ni,ok,60919,60919,True,0,True,True,True,True
m2203,m,ok,83671,83671,True,0,True,True,True,True
ni1711,ni,ok,107711,107711,True,0,True,True,True,True
ni1804,ni,ok,112183,112183,True,0,True,True,True,True
ni1706,ni,ok,76044,76044,True,0,True,True,True,True
ni1902,ni,ok,110900,110900,True,0,True,True,True,True
ni1707,ni,ok,75208,75208,True,0,True,True,True,True
ni1805,ni,ok,112868,112868,True,0,True,True,True,True
ni1702,ni,ok,75129,75129,True,0,True,True,True,True
ni1803,ni,ok,113276,113276,True,0,True,True,True,True
ni1906,ni,ok,111508,111508,True,0,True,True,True,True
ni1908,ni,ok,112280,112280,True,0,True,True,True,True
ni1605,ni,ok,112915,112915,True,0,True,True,True,True
ni1810,ni,ok,111231,111231,True,0,True,True,True,True
ni1808,ni,ok,111998,111998,True,0,True,True,True,True
ni1704,ni,ok,55310,55310,True,0,True,True,True,True
ni2107,ni,ok,112929,112929,True,0,True,True,True,True
ni1809,ni,ok,113337,113337,True,0,True,True,True,True
ni1806,ni,ok,113302,113302,True,0,True,True,True,True
ni1812,ni,ok,112474,112474,True,0,True,True,True,True
ni2004,ni,ok,100699,100699,True,0,True,True,True,True
ni1911,ni,ok,112219,112219,True,0,True,True,True,True
ni2001,ni,ok,112749,112749,True,0,True,True,True,True
ni2009,ni,ok,97698,97698,True,0,True,True,True,True
ni2002,ni,ok,109870,109870,True,0,True,True,True,True
ni2010,ni,ok,97820,97820,True,0,True,True,True,True
ni1712,ni,ok,112865,112865,True,0,True,True,True,True
ni1910,ni,ok,112280,112280,True,0,True,True,True,True
ni2011,ni,ok,97290,97290,True,0,True,True,True,True
ni1907,ni,ok,111811,111811,True,0,True,True,True,True
ni2007,ni,ok,97579,97579,True,0,True,True,True,True
ni2005,ni,ok,97987,97987,True,0,True,True,True,True
ni1905,ni,ok,112219,112219,True,0,True,True,True,True
ni1904,ni,ok,112096,112096,True,0,True,True,True,True
ni1801,ni,ok,112929,112929,True,0,True,True,True,True
ni1909,ni,ok,111101,111101,True,0,True,True,True,True
ni2012,ni,ok,97229,97229,True,0,True,True,True,True
ni1807,ni,ok,112868,112868,True,0,True,True,True,True
ni2204,ni,ok,111342,111342,True,0,True,True,True,True
ni2106,ni,ok,111811,111811,True,0,True,True,True,True
ni2103,ni,ok,104520,104520,True,0,True,True,True,True
ni2003,ni,ok,105050,105050,True,0,True,True,True,True
ni1705,ni,ok,111792,111792,True,0,True,True,True,True
ni2101,ni,ok,97698,97698,True,0,True,True,True,True
ni1811,ni,ok,112688,112688,True,0,True,True,True,True
ni2110,ni,ok,112280,112280,True,0,True,True,True,True
ni2102,ni,ok,99411,99411,True,0,True,True,True,True
ni2206,ni,ok,111342,111342,True,0,True,True,True,True
ni2112,ni,ok,112219,112219,True,0,True,True,True,True
ni2008,ni,ok,97518,97518,True,0,True,True,True,True
ni1903,ni,ok,112157,112157,True,0,True,True,True,True
ni2006,ni,ok,97820,97820,True,0,True,True,True,True
ni2205,ni,ok,110812,110812,True,0,True,True,True,True
ni2312,ni,ok,112459,112459,True,0,True,True,True,True
ni2202,ni,ok,112507,112507,True,0,True,True,True,True
ni1912,ni,ok,111689,111689,True,0,True,True,True,True
ni2209,ni,ok,110632,110632,True,0,True,True,True,True
ni1901,ni,ok,112219,112219,True,0,True,True,True,True
ni2207,ni,ok,111342,111342,True,0,True,True,True,True
ni2111,ni,ok,111811,111811,True,0,True,True,True,True
ni2301,ni,ok,111342,111342,True,0,True,True,True,True
ni2302,ni,ok,112280,112280,True,0,True,True,True,True
ni2108,ni,ok,112521,112521,True,0,True,True,True,True
ni2310,ni,ok,112052,112052,True,0,True,True,True,True
ni2409,ni,ok,111811,111811,True,0,True,True,True,True
ni2305,ni,ok,112280,112280,True,0,True,True,True,True
nr2004,nr,ok,50338,50338,True,0,True,True,True,True
ni2104,ni,ok,109870,109870,True,0,True,True,True,True
ni2307,ni,ok,112279,112279,True,0,True,True,True,True
ni2412,ni,ok,111342,111342,True,0,True,True,True,True
ni2203,ni,ok,112082,112082,True,0,True,True,True,True
ni2503,ni,ok,111342,111342,True,0,True,True,True,True
ni2405,ni,ok,112052,112052,True,0,True,True,True,True
ni2406,ni,ok,111281,111281,True,0,True,True,True,True
nr2002,nr,ok,40808,40808,True,0,True,True,True,True
ni2304,ni,ok,112749,112749,True,0,True,True,True,True
ni2109,ni,ok,112990,112990,True,0,True,True,True,True
ni2211,ni,ok,112280,112280,True,0,True,True,True,True
ni2210,ni,ok,112219,112219,True,0,True,True,True,True
ni2105,ni,ok,112521,112521,True,0,True,True,True,True
nr2003,nr,ok,45520,45520,True,0,True,True,True,True
ni2308,ni,ok,112219,112219,True,0,True,True,True,True
ni2507,ni,ok,111342,111342,True,0,True,True,True,True
ni2401,ni,ok,112052,112052,True,0,True,True,True,True
ni2604,ni,ok,56964,56964,True,0,True,True,True,True
ni2603,ni,ok,66103,66103,True,0,True,True,True,True
ni2410,ni,ok,111342,111342,True,0,True,True,True,True
ni2602,ni,ok,75483,75483,True,0,True,True,True,True
ni2601,ni,ok,83215,83215,True,0,True,True,True,True
ni2605,ni,ok,48294,48294,True,0,True,True,True,True
ni2501,ni,ok,111811,111811,True,0,True,True,True,True
ni2407,ni,ok,111582,111582,True,0,True,True,True,True
ni2505,ni,ok,111811,111811,True,0,True,True,True,True
ni2212,ni,ok,111811,111811,True,0,True,True,True,True
ni2502,ni,ok,110873,110873,True,0,True,True,True,True
ni2311,ni,ok,112520,112520,True,0,True,True,True,True
nr2011,nr,ok,74559,74559,True,0,True,True,True,True
nr2006,nr,ok,62436,62436,True,0,True,True,True,True
ni2208,ni,ok,111341,111341,True,0,True,True,True,True
nr2005,nr,ok,55457,55457,True,0,True,True,True,True
ni2408,ni,ok,112521,112521,True,0,True,True,True,True
ni2510,ni,ok,112521,112521,True,0,True,True,True,True
nr2008,nr,ok,74561,74561,True,0,True,True,True,True
ni2511,ni,ok,102672,102672,True,0,True,True,True,True
ni2403,ni,ok,112520,112520,True,0,True,True,True,True
nr2101,nr,ok,75954,75954,True,0,True,True,True,True
ni2402,ni,ok,112990,112990,True,0,True,True,True,True
nr2012,nr,ok,75411,75411,True,0,True,True,True,True
ni2504,ni,ok,111750,111750,True,0,True,True,True,True
ni2303,ni,ok,112280,112280,True,0,True,True,True,True
ni2508,ni,ok,111811,111811,True,0,True,True,True,True
nr2010,nr,ok,75895,75895,True,0,True,True,True,True
nr2105,nr,ok,83791,83791,True,0,True,True,True,True
ni2404,ni,ok,111114,111114,True,0,True,True,True,True
ni2606,ni,ok,38686,38686,True,0,True,True,True,True
nr2109,nr,ok,83882,83882,True,0,True,True,True,True
ni2512,ni,ok,92823,92823,True,0,True,True,True,True
ni2506,ni,ok,111342,111342,True,0,True,True,True,True
ni2309,ni,ok,112990,112990,True,0,True,True,True,True
nr2302,nr,ok,83731,83731,True,0,True,True,True,True
nr2104,nr,ok,82355,82355,True,0,True,True,True,True
ni2201,ni,ok,112280,112280,True,0,True,True,True,True
nr2110,nr,ok,83898,83898,True,0,True,True,True,True
nr2205,nr,ok,82957,82957,True,0,True,True,True,True
nr2007,nr,ok,69553,69553,True,0,True,True,True,True
nr2304,nr,ok,84004,84004,True,0,True,True,True,True
ni2411,ni,ok,111811,111811,True,0,True,True,True,True
nr2201,nr,ok,83747,83747,True,0,True,True,True,True
nr2209,nr,ok,82760,82760,True,0,True,True,True,True
nr2203,nr,ok,83701,83701,True,0,True,True,True,True
nr2208,nr,ok,82988,82988,True,0,True,True,True,True
nr2206,nr,ok,82015,82015,True,0,True,True,True,True
nr2107,nr,ok,83973,83973,True,0,True,True,True,True
nr2210,nr,ok,83594,83594,True,0,True,True,True,True
nr2111,nr,ok,83610,83610,True,0,True,True,True,True
nr2103,nr,ok,79222,79222,True,0,True,True,True,True
nr2112,nr,ok,83731,83731,True,0,True,True,True,True
nr2301,nr,ok,83078,83078,True,0,True,True,True,True
nr2106,nr,ok,83610,83610,True,0,True,True,True,True
nr2108,nr,ok,83624,83624,True,0,True,True,True,True
nr2202,nr,ok,82951,82951,True,0,True,True,True,True
nr2102,nr,ok,76847,76847,True,0,True,True,True,True
nr2204,nr,ok,82713,82713,True,0,True,True,True,True
nr2311,nr,ok,84019,84019,True,0,True,True,True,True
ni2509,ni,ok,111522,111522,True,0,True,True,True,True
nr2303,nr,ok,83518,83518,True,0,True,True,True,True
p1001,p,ok,955,955,True,0,True,True,True,True
p1007,p,ok,7588,7588,True,0,True,True,True,True
nr2410,nr,ok,83124,83124,True,0,True,True,True,True
ni2306,ni,ok,113459,113459,True,0,True,True,True,True
nr2212,nr,ok,83381,83381,True,0,True,True,True,True
nr2604,nr,ok,42564,42564,True,0,True,True,True,True
nr2009,nr,ok,76046,76046,True,0,True,True,True,True
nr2404,nr,ok,82683,82683,True,0,True,True,True,True
nr2211,nr,ok,83336,83336,True,0,True,True,True,True
nr2309,nr,ok,83244,83244,True,0,True,True,True,True
nr2406,nr,ok,83048,83048,True,0,True,True,True,True
p1003,p,ok,5372,5372,True,0,True,True,True,True
nr2308,nr,ok,83184,83184,True,0,True,True,True,True
nr2305,nr,ok,83548,83548,True,0,True,True,True,True
p1008,p,ok,19414,19414,True,0,True,True,True,True
p1006,p,ok,15385,15385,True,0,True,True,True,True
nr2402,nr,ok,84125,84125,True,0,True,True,True,True
nr2405,nr,ok,83397,83397,True,0,True,True,True,True
nr2502,nr,ok,82912,82912,True,0,True,True,True,True
p1004,p,ok,4922,4922,True,0,True,True,True,True
p1009,p,ok,36784,36784,True,0,True,True,True,True
nr2602,nr,ok,56403,56403,True,0,True,True,True,True
nr2207,nr,ok,82774,82774,True,0,True,True,True,True
nr2401,nr,ok,83336,83336,True,0,True,True,True,True
nr2312,nr,ok,83639,83639,True,0,True,True,True,True
nr2605,nr,ok,36054,36054,True,0,True,True,True,True
p1002,p,ok,2869,2869,True,0,True,True,True,True
nr2306,nr,ok,84565,84565,True,0,True,True,True,True
nr2310,nr,ok,83093,83093,True,0,True,True,True,True
p1108,p,ok,16129,16129,True,0,True,True,True,True
nr2411,nr,ok,83260,83260,True,0,True,True,True,True
nr2503,nr,ok,83261,83261,True,0,True,True,True,True
nr2512,nr,ok,69423,69423,True,0,True,True,True,True
nr2407,nr,ok,83307,83307,True,0,True,True,True,True
nr2409,nr,ok,83230,83230,True,0,True,True,True,True
p1005,p,ok,18802,18802,True,0,True,True,True,True
p1103,p,ok,29274,29274,True,0,True,True,True,True
nr2307,nr,ok,83412,83412,True,0,True,True,True,True
nr2504,nr,ok,83610,83610,True,0,True,True,True,True
p1202,p,ok,18077,18077,True,0,True,True,True,True
nr2507,nr,ok,83611,83611,True,0,True,True,True,True
p1105,p,ok,52189,52189,True,0,True,True,True,True
p1107,p,ok,17597,17597,True,0,True,True,True,True
nr2403,nr,ok,83382,83382,True,0,True,True,True,True
nr2606,nr,ok,28846,28846,True,0,True,True,True,True
p1010,p,ok,32930,32930,True,0,True,True,True,True
p1012,p,ok,23821,23821,True,0,True,True,True,True
p1203,p,ok,9025,9025,True,0,True,True,True,True
nr2505,nr,ok,83610,83610,True,0,True,True,True,True
p1207,p,ok,11813,11813,True,0,True,True,True,True
p1104,p,ok,16503,16503,True,0,True,True,True,True
p1011,p,ok,36791,36791,True,0,True,True,True,True
nr2603,nr,ok,49423,49423,True,0,True,True,True,True
p1112,p,ok,15881,15881,True,0,True,True,True,True
nr2511,nr,ok,76752,76752,True,0,True,True,True,True
nr2510,nr,ok,84020,84020,True,0,True,True,True,True
p1106,p,ok,21113,21113,True,0,True,True,True,True
nr2601,nr,ok,62215,62215,True,0,True,True,True,True
p1211,p,ok,8006,8006,True,0,True,True,True,True
nr2412,nr,ok,82577,82577,True,0,True,True,True,True
nr2501,nr,ok,83488,83488,True,0,True,True,True,True
p1302,p,ok,27344,27344,True,0,True,True,True,True
p1308,p,ok,34983,34983,True,0,True,True,True,True
p1101,p,ok,52515,52515,True,0,True,True,True,True
nr2509,nr,ok,83216,83216,True,0,True,True,True,True
p1111,p,ok,17057,17057,True,0,True,True,True,True
p1303,p,ok,26171,26171,True,0,True,True,True,True
p1404,p,ok,52043,52043,True,0,True,True,True,True
p1109,p,ok,53666,53666,True,0,True,True,True,True
nr2408,nr,ok,83533,83533,True,0,True,True,True,True
p1206,p,ok,21904,21904,True,0,True,True,True,True
p1210,p,ok,15032,15032,True,0,True,True,True,True
p1306,p,ok,35897,35897,True,0,True,True,True,True
nr2506,nr,ok,83262,83262,True,0,True,True,True,True
p1110,p,ok,19791,19791,True,0,True,True,True,True
p1307,p,ok,31756,31756,True,0,True,True,True,True
p1309,p,ok,54408,54408,True,0,True,True,True,True
p1208,p,ok,15501,15501,True,0,True,True,True,True
p1209,p,ok,54040,54040,True,0,True,True,True,True
nr2508,nr,ok,83383,83383,True,0,True,True,True,True
p1204,p,ok,8464,8464,True,0,True,True,True,True
p1102,p,ok,17411,17411,True,0,True,True,True,True
p1305,p,ok,55169,55169,True,0,True,True,True,True
p1201,p,ok,53573,53573,True,0,True,True,True,True
p1310,p,ok,44913,44913,True,0,True,True,True,True
p1406,p,ok,51968,51968,True,0,True,True,True,True
p1212,p,ok,11229,11229,True,0,True,True,True,True
p1502,p,ok,66679,66679,True,0,True,True,True,True
p1511,p,ok,78936,78936,True,0,True,True,True,True
p1205,p,ok,53694,53694,True,0,True,True,True,True
p1408,p,ok,53387,53387,True,0,True,True,True,True
p1405,p,ok,55342,55342,True,0,True,True,True,True
p1403,p,ok,51253,51253,True,0,True,True,True,True
p1611,p,ok,17590,17590,True,0,True,True,True,True
p1311,p,ok,44961,44961,True,0,True,True,True,True
p1402,p,ok,51480,51480,True,0,True,True,True,True
p1409,p,ok,61180,61180,True,0,True,True,True,True
p1606,p,ok,60763,60763,True,0,True,True,True,True
p1304,p,ok,26818,26818,True,0,True,True,True,True
p1503,p,ok,72332,72332,True,0,True,True,True,True
p1411,p,ok,59296,59296,True,0,True,True,True,True
p1510,p,ok,79769,79769,True,0,True,True,True,True
p1401,p,ok,54050,54050,True,0,True,True,True,True
p1312,p,ok,49062,49062,True,0,True,True,True,True
p1610,p,ok,30821,30821,True,0,True,True,True,True
p1509,p,ok,84597,84597,True,0,True,True,True,True
p1702,p,ok,27610,27610,True,0,True,True,True,True
p1301,p,ok,55257,55257,True,0,True,True,True,True
p1504,p,ok,72446,72446,True,0,True,True,True,True
p1507,p,ok,76478,76478,True,0,True,True,True,True
p1604,p,ok,66314,66314,True,0,True,True,True,True
p1506,p,ok,80488,80488,True,0,True,True,True,True
p1412,p,ok,63053,63053,True,0,True,True,True,True
p1608,p,ok,45514,45514,True,0,True,True,True,True
p1512,p,ok,80058,80058,True,0,True,True,True,True
p1706,p,ok,46808,46808,True,0,True,True,True,True
p1410,p,ok,59579,59579,True,0,True,True,True,True
p1407,p,ok,52150,52150,True,0,True,True,True,True
p1703,p,ok,23148,23148,True,0,True,True,True,True
p1612,p,ok,25501,25501,True,0,True,True,True,True
p1508,p,ok,78509,78509,True,0,True,True,True,True
p1602,p,ok,74692,74692,True,0,True,True,True,True
p1810,p,ok,80332,80332,True,0,True,True,True,True
p1603,p,ok,69436,69436,True,0,True,True,True,True
p1802,p,ok,82426,82426,True,0,True,True,True,True
p1707,p,ok,52103,52103,True,0,True,True,True,True
p1708,p,ok,56529,56529,True,0,True,True,True,True
p1601,p,ok,83263,83263,True,0,True,True,True,True
p1903,p,ok,80121,80121,True,0,True,True,True,True
p1605,p,ok,82914,82914,True,0,True,True,True,True
p1704,p,ok,32669,32669,True,0,True,True,True,True
p1807,p,ok,81638,81638,True,0,True,True,True,True
p1705,p,ok,83489,83489,True,0,True,True,True,True
p1607,p,ok,46133,46133,True,0,True,True,True,True
p1811,p,ok,80379,80379,True,0,True,True,True,True
p2002,p,ok,79317,79317,True,0,True,True,True,True
p1712,p,ok,80711,80711,True,0,True,True,True,True
p1806,p,ok,81834,81834,True,0,True,True,True,True
p2006,p,ok,72861,72861,True,0,True,True,True,True
p1904,p,ok,80286,80286,True,0,True,True,True,True
p1710,p,ok,71858,71858,True,0,True,True,True,True
p1907,p,ok,80121,80121,True,0,True,True,True,True
p1501,p,ok,71377,71377,True,0,True,True,True,True
p1701,p,ok,84309,84309,True,0,True,True,True,True
p1901,p,ok,83960,83960,True,0,True,True,True,True
p2012,p,ok,74861,74861,True,0,True,True,True,True
p2103,p,ok,79859,79859,True,0,True,True,True,True
p1812,p,ok,80347,80347,True,0,True,True,True,True
p1804,p,ok,80634,80634,True,0,True,True,True,True
p1805,p,ok,84278,84278,True,0,True,True,True,True
p1505,p,ok,80315,80315,True,0,True,True,True,True
p2106,p,ok,81409,81409,True,0,True,True,True,True
p1910,p,ok,80287,80287,True,0,True,True,True,True
p1801,p,ok,84309,84309,True,0,True,True,True,True
p2005,p,ok,76928,76928,True,0,True,True,True,True
p1908,p,ok,79877,79877,True,0,True,True,True,True
p2011,p,ok,72982,72982,True,0,True,True,True,True
p1711,p,ok,76069,76069,True,0,True,True,True,True
p2008,p,ok,72967,72967,True,0,True,True,True,True
p1905,p,ok,84658,84658,True,0,True,True,True,True
p1902,p,ok,80696,80696,True,0,True,True,True,True
p1709,p,ok,83837,83837,True,0,True,True,True,True
p1912,p,ok,79422,79422,True,0,True,True,True,True
p2105,p,ok,84081,84081,True,0,True,True,True,True
p1906,p,ok,80258,80258,True,0,True,True,True,True
p1803,p,ok,81365,81365,True,0,True,True,True,True
p2101,p,ok,76639,76639,True,0,True,True,True,True
p1909,p,ok,83490,83490,True,0,True,True,True,True
p1808,p,ok,80696,80696,True,0,True,True,True,True
p2007,p,ok,73089,73089,True,0,True,True,True,True
p1911,p,ok,80257,80257,True,0,True,True,True,True
p1609,p,ok,82838,82838,True,0,True,True,True,True
p2109,p,ok,84050,84050,True,0,True,True,True,True
p2203,p,ok,83960,83960,True,0,True,True,True,True
p2107,p,ok,83398,83398,True,0,True,True,True,True
p2206,p,ok,83383,83383,True,0,True,True,True,True
p2010,p,ok,74165,74165,True,0,True,True,True,True
p2003,p,ok,79250,79250,True,0,True,True,True,True
p2004,p,ok,75188,75188,True,0,True,True,True,True
p2211,p,ok,83960,83960,True,0,True,True,True,True
p2207,p,ok,83550,83550,True,0,True,True,True,True
p2108,p,ok,80788,80788,True,0,True,True,True,True
p2202,p,ok,83489,83489,True,0,True,True,True,True
p1809,p,ok,84779,84779,True,0,True,True,True,True
p2204,p,ok,83960,83960,True,0,True,True,True,True
p2102,p,ok,78925,78925,True,0,True,True,True,True
p2205,p,ok,83262,83262,True,0,True,True,True,True
p2210,p,ok,83869,83869,True,0,True,True,True,True
p2001,p,ok,84172,84172,True,0,True,True,True,True
p2209,p,ok,83429,83429,True,0,True,True,True,True
p2308,p,ok,82957,82957,True,0,True,True,True,True
p2302,p,ok,82564,82564,True,0,True,True,True,True
p2312,p,ok,83929,83929,True,0,True,True,True,True
p2201,p,ok,83960,83960,True,0,True,True,True,True
p2604,p,ok,42564,42564,True,0,True,True,True,True
p2104,p,ok,79380,79380,True,0,True,True,True,True
p2411,p,ok,83018,83018,True,0,True,True,True,True
pb1109,pb,ok,27284,27284,True,0,True,True,True,True
p2111,p,ok,82562,82562,True,0,True,True,True,True
p2112,p,ok,82911,82911,True,0,True,True,True,True
p2304,p,ok,83869,83869,True,0,True,True,True,True
pb1110,pb,ok,30704,30704,True,0,True,True,True,True
p2309,p,ok,83625,83625,True,0,True,True,True,True
p2305,p,ok,83960,83960,True,0,True,True,True,True
p2306,p,ok,84430,84430,True,0,True,True,True,True
pb1202,pb,ok,49643,49643,True,0,True,True,True,True
p2310,p,ok,83656,83656,True,0,True,True,True,True
p2110,p,ok,82078,82078,True,0,True,True,True,True
p2401,p,ok,83610,83610,True,0,True,True,True,True
p2212,p,ok,83048,83048,True,0,True,True,True,True
p2301,p,ok,83611,83611,True,0,True,True,True,True
p2504,p,ok,80135,80135,True,0,True,True,True,True
p2009,p,ok,76290,76290,True,0,True,True,True,True
p2404,p,ok,83383,83383,True,0,True,True,True,True
pb1111,pb,ok,35492,35492,True,0,True,True,True,True
p2412,p,ok,83262,83262,True,0,True,True,True,True
pb1204,pb,ok,55403,55403,True,0,True,True,True,True
p2405,p,ok,83504,83504,True,0,True,True,True,True
p2602,p,ok,56054,56054,True,0,True,True,True,True
pb1211,pb,ok,55631,55631,True,0,True,True,True,True
p2606,p,ok,28846,28846,True,0,True,True,True,True
p2601,p,ok,62215,62215,True,0,True,True,True,True
pb1112,pb,ok,40736,40736,True,0,True,True,True,True
p2311,p,ok,83944,83944,True,0,True,True,True,True
p2501,p,ok,83611,83611,True,0,True,True,True,True
p2208,p,ok,83262,83262,True,0,True,True,True,True
p2603,p,ok,49772,49772,True,0,True,True,True,True
p2408,p,ok,84081,84081,True,0,True,True,True,True
p2506,p,ok,81866,81866,True,0,True,True,True,True
p2402,p,ok,84718,84718,True,0,True,True,True,True
p2511,p,ok,77101,77101,True,0,True,True,True,True
pb1301,pb,ok,55403,55403,True,0,True,True,True,True
pb1303,pb,ok,55175,55175,True,0,True,True,True,True
p2512,p,ok,69772,69772,True,0,True,True,True,True
pb1203,pb,ok,54492,54492,True,0,True,True,True,True
pb1304,pb,ok,55175,55175,True,0,True,True,True,True
p2605,p,ok,35356,35356,True,0,True,True,True,True
pb1209,pb,ok,55509,55509,True,0,True,True,True,True
pb1306,pb,ok,54492,54492,True,0,True,True,True,True
p2406,p,ok,83186,83186,True,0,True,True,True,True
p2409,p,ok,83732,83732,True,0,True,True,True,True
p2510,p,ok,83383,83383,True,0,True,True,True,True
p2502,p,ok,82215,82215,True,0,True,True,True,True
p2303,p,ok,83808,83808,True,0,True,True,True,True
pb1208,pb,ok,55190,55190,True,0,True,True,True,True
p2508,p,ok,83262,83262,True,0,True,True,True,True
pb1307,pb,ok,54492,54492,True,0,True,True,True,True
p2509,p,ok,83262,83262,True,0,True,True,True,True
p2507,p,ok,82503,82503,True,0,True,True,True,True
pb1311,pb,ok,54172,54172,True,0,True,True,True,True
pb1205,pb,ok,54962,54962,True,0,True,True,True,True
p2403,p,ok,83609,83609,True,0,True,True,True,True
pb1312,pb,ok,53730,53730,True,0,True,True,True,True
pb1305,pb,ok,55023,55023,True,0,True,True,True,True
p2307,p,ok,83960,83960,True,0,True,True,True,True
p2503,p,ok,83201,83201,True,0,True,True,True,True
p2410,p,ok,83262,83262,True,0,True,True,True,True
pb1405,pb,ok,76679,76679,True,0,True,True,True,True
pb1206,pb,ok,55479,55479,True,0,True,True,True,True
p2407,p,ok,80378,80378,True,0,True,True,True,True
pb1207,pb,ok,55114,55114,True,0,True,True,True,True
pb1309,pb,ok,54260,54260,True,0,True,True,True,True
pb1402,pb,ok,62319,62319,True,0,True,True,True,True
pb1212,pb,ok,55631,55631,True,0,True,True,True,True
pb1302,pb,ok,55479,55479,True,0,True,True,True,True
pb1210,pb,ok,55175,55175,True,0,True,True,True,True
pb1310,pb,ok,54127,54127,True,0,True,True,True,True
pb1407,pb,ok,86406,86406,True,0,True,True,True,True
pb1401,pb,ok,58055,58055,True,0,True,True,True,True
pb1403,pb,ok,67218,67218,True,0,True,True,True,True
pb1201,pb,ok,45296,45296,True,0,True,True,True,True
pb1308,pb,ok,54401,54401,True,0,True,True,True,True
pb1508,pb,ok,112912,112912,True,0,True,True,True,True
pb1408,pb,ok,92254,92254,True,0,True,True,True,True
pb1607,pb,ok,94975,94975,True,0,True,True,True,True
pb1503,pb,ok,111990,111990,True,0,True,True,True,True
pb1412,pb,ok,111297,111297,True,0,True,True,True,True
p2505,p,ok,83611,83611,True,0,True,True,True,True
pb1609,pb,ok,97232,97232,True,0,True,True,True,True
pb1703,pb,ok,67196,67196,True,0,True,True,True,True
pb1410,pb,ok,100979,100979,True,0,True,True,True,True
pb1504,pb,ok,112687,112687,True,0,True,True,True,True
pb1409,pb,ok,96653,96653,True,0,True,True,True,True
pb1606,pb,ok,107006,107006,True,0,True,True,True,True
pb1404,pb,ok,72054,72054,True,0,True,True,True,True
pb1406,pb,ok,81477,81477,True,0,True,True,True,True
pb1605,pb,ok,110952,110952,True,0,True,True,True,True
pb1507,pb,ok,113095,113095,True,0,True,True,True,True
pb1608,pb,ok,93989,93989,True,0,True,True,True,True
pb1602,pb,ok,109574,109574,True,0,True,True,True,True
pb1512,pb,ok,112324,112324,True,0,True,True,True,True
pb1505,pb,ok,113034,113034,True,0,True,True,True,True
pb1506,pb,ok,113275,113275,True,0,True,True,True,True
pb1811,pb,ok,112626,112626,True,0,True,True,True,True
pb1704,pb,ok,76222,76222,True,0,True,True,True,True
pb1610,pb,ok,86486,86486,True,0,True,True,True,True
pb1612,pb,ok,84956,84956,True,0,True,True,True,True
pb1708,pb,ok,96714,96714,True,0,True,True,True,True
pb1705,pb,ok,81009,81009,True,0,True,True,True,True
pb1604,pb,ok,112311,112311,True,0,True,True,True,True
pb1509,pb,ok,112474,112474,True,0,True,True,True,True
pb1502,pb,ok,112785,112785,True,0,True,True,True,True
pb1501,pb,ok,111637,111637,True,0,True,True,True,True
pb1707,pb,ok,90011,90011,True,0,True,True,True,True
pb1812,pb,ok,112627,112627,True,0,True,True,True,True
pb1603,pb,ok,112311,112311,True,0,True,True,True,True
pb1511,pb,ok,111554,111554,True,0,True,True,True,True
pb1702,pb,ok,76566,76566,True,0,True,True,True,True
pb1411,pb,ok,106279,106279,True,0,True,True,True,True
pb1807,pb,ok,112990,112990,True,0,True,True,True,True
pb1909,pb,ok,111101,111101,True,0,True,True,True,True
pb1804,pb,ok,112867,112867,True,0,True,True,True,True
pb1701,pb,ok,71683,71683,True,0,True,True,True,True
pb1711,pb,ok,110264,110264,True,0,True,True,True,True
pb1706,pb,ok,82581,82581,True,0,True,True,True,True
pb1709,pb,ok,103554,103554,True,0,True,True,True,True
pb1802,pb,ok,114046,114046,True,0,True,True,True,True
pb1903,pb,ok,112035,112035,True,0,True,True,True,True
pb1806,pb,ok,114047,114047,True,0,True,True,True,True
pb1712,pb,ok,113397,113397,True,0,True,True,True,True
pb1810,pb,ok,112219,112219,True,0,True,True,True,True
pb1908,pb,ok,112097,112097,True,0,True,True,True,True
pb1808,pb,ok,113275,113275,True,0,True,True,True,True
pb1710,pb,ok,109034,109034,True,0,True,True,True,True
pb2011,pb,ok,97351,97351,True,0,True,True,True,True
pb1803,pb,ok,113200,113200,True,0,True,True,True,True
pb1907,pb,ok,111811,111811,True,0,True,True,True,True
pb1905,pb,ok,112219,112219,True,0,True,True,True,True
pb1805,pb,ok,112521,112521,True,0,True,True,True,True
pb1911,pb,ok,112219,112219,True,0,True,True,True,True
pb2006,pb,ok,97820,97820,True,0,True,True,True,True
pb1611,pb,ok,76327,76327,True,0,True,True,True,True
pb1801,pb,ok,112687,112687,True,0,True,True,True,True
pb1912,pb,ok,111811,111811,True,0,True,True,True,True
pb1601,pb,ok,111213,111213,True,0,True,True,True,True
pb2008,pb,ok,97518,97518,True,0,True,True,True,True
pb1902,pb,ok,111448,111448,True,0,True,True,True,True
pb1906,pb,ok,111570,111570,True,0,True,True,True,True
pb2007,pb,ok,97518,97518,True,0,True,True,True,True
pb1901,pb,ok,112157,112157,True,0,True,True,True,True
pb1510,pb,ok,112324,112324,True,0,True,True,True,True
pb2103,pb,ok,104581,104581,True,0,True,True,True,True
pb2112,pb,ok,112280,112280,True,0,True,True,True,True
pb2204,pb,ok,111811,111811,True,0,True,True,True,True
pb2107,pb,ok,112990,112990,True,0,True,True,True,True
pb1904,pb,ok,112157,112157,True,0,True,True,True,True
pb2009,pb,ok,97698,97698,True,0,True,True,True,True
pb1910,pb,ok,112280,112280,True,0,True,True,True,True
pb2101,pb,ok,97759,97759,True,0,True,True,True,True
pb2111,pb,ok,111811,111811,True,0,True,True,True,True
pb2004,pb,ok,100699,100699,True,0,True,True,True,True
pb2110,pb,ok,112280,112280,True,0,True,True,True,True
pb2205,pb,ok,111342,111342,True,0,True,True,True,True
pb2003,pb,ok,105050,105050,True,0,True,True,True,True
pb1809,pb,ok,113337,113337,True,0,True,True,True,True
pb2012,pb,ok,97290,97290,True,0,True,True,True,True
pb2109,pb,ok,112990,112990,True,0,True,True,True,True
pb2203,pb,ok,112280,112280,True,0,True,True,True,True
pb2104,pb,ok,109870,109870,True,0,True,True,True,True
pb2002,pb,ok,109870,109870,True,0,True,True,True,True
pb2108,pb,ok,112521,112521,True,0,True,True,True,True
pb2206,pb,ok,111811,111811,True,0,True,True,True,True
pb2207,pb,ok,111811,111811,True,0,True,True,True,True
pb2010,pb,ok,97698,97698,True,0,True,True,True,True
pb2102,pb,ok,99472,99472,True,0,True,True,True,True
pb2106,pb,ok,111811,111811,True,0,True,True,True,True
pb2005,pb,ok,98048,98048,True,0,True,True,True,True
pb2202,pb,ok,112508,112508,True,0,True,True,True,True
pb2310,pb,ok,112052,112052,True,0,True,True,True,True
pb2105,pb,ok,112521,112521,True,0,True,True,True,True
pb2212,pb,ok,112280,112280,True,0,True,True,True,True
pb2407,pb,ok,111583,111583,True,0,True,True,True,True
pb2303,pb,ok,112280,112280,True,0,True,True,True,True
pb2001,pb,ok,112627,112627,True,0,True,True,True,True
pb2209,pb,ok,111040,111040,True,0,True,True,True,True
pb2305,pb,ok,112280,112280,True,0,True,True,True,True
pb2208,pb,ok,111341,111341,True,0,True,True,True,True
pb2211,pb,ok,112280,112280,True,0,True,True,True,True
pb2201,pb,ok,112280,112280,True,0,True,True,True,True
pb2311,pb,ok,112459,112459,True,0,True,True,True,True
pb2302,pb,ok,112279,112279,True,0,True,True,True,True
pb2404,pb,ok,111053,111053,True,0,True,True,True,True
pb2603,pb,ok,66103,66103,True,0,True,True,True,True
pb2606,pb,ok,38686,38686,True,0,True,True,True,True
pb2601,pb,ok,83215,83215,True,0,True,True,True,True
pb2210,pb,ok,112280,112280,True,0,True,True,True,True
pb2308,pb,ok,112158,112158,True,0,True,True,True,True
pb2307,pb,ok,112219,112219,True,0,True,True,True,True
pg2011,pg,ok,52952,52952,True,0,True,True,True,True
pb2304,pb,ok,112749,112749,True,0,True,True,True,True
pb2301,pb,ok,111811,111811,True,0,True,True,True,True
pb2504,pb,ok,111811,111811,True,0,True,True,True,True
pb2406,pb,ok,111220,111220,True,0,True,True,True,True
pb2412,pb,ok,111342,111342,True,0,True,True,True,True
pb2401,pb,ok,111991,111991,True,0,True,True,True,True
pb2312,pb,ok,112521,112521,True,0,True,True,True,True
pb2605,pb,ok,48294,48294,True,0,True,True,True,True
pb2411,pb,ok,111810,111810,True,0,True,True,True,True
pb2512,pb,ok,92823,92823,True,0,True,True,True,True
pb2403,pb,ok,112521,112521,True,0,True,True,True,True
pb2408,pb,ok,112460,112460,True,0,True,True,True,True
pb2410,pb,ok,111280,111280,True,0,True,True,True,True
pb2507,pb,ok,111811,111811,True,0,True,True,True,True
pg2102,pg,ok,73043,73043,True,0,True,True,True,True
pg2103,pg,ok,78821,78821,True,0,True,True,True,True
pg2204,pg,ok,83109,83109,True,0,True,True,True,True
pb2604,pb,ok,56964,56964,True,0,True,True,True,True
pb2511,pb,ok,102672,102672,True,0,True,True,True,True
pb2402,pb,ok,112807,112807,True,0,True,True,True,True
pb2505,pb,ok,111342,111342,True,0,True,True,True,True
pg2201,pg,ok,83611,83611,True,0,True,True,True,True
pb2506,pb,ok,111342,111342,True,0,True,True,True,True
pb2306,pb,ok,113398,113398,True,0,True,True,True,True
pg2104,pg,ok,82836,82836,True,0,True,True,True,True
pg2210,pg,ok,83306,83306,True,0,True,True,True,True
pb2405,pb,ok,112051,112051,True,0,True,True,True,True
pb2409,pb,ok,111811,111811,True,0,True,True,True,True
pg2107,pg,ok,83792,83792,True,0,True,True,True,True
pg2110,pg,ok,81601,81601,True,0,True,True,True,True
pg2106,pg,ok,84309,84309,True,0,True,True,True,True
pg2209,pg,ok,80517,80517,True,0,True,True,True,True
pg2109,pg,ok,81957,81957,True,0,True,True,True,True
pb2501,pb,ok,111749,111749,True,0,True,True,True,True
pg2205,pg,ok,80014,80014,True,0,True,True,True,True
pb2502,pb,ok,110872,110872,True,0,True,True,True,True
pb2503,pb,ok,111342,111342,True,0,True,True,True,True
pg2012,pg,ok,61070,61070,True,0,True,True,True,True
pg2101,pg,ok,67808,67808,True,0,True,True,True,True
pg2304,pg,ok,83869,83869,True,0,True,True,True,True
pg2211,pg,ok,80879,80879,True,0,True,True,True,True
pg2305,pg,ok,83776,83776,True,0,True,True,True,True
pg2407,pg,ok,83716,83716,True,0,True,True,True,True
pg2308,pg,ok,83868,83868,True,0,True,True,True,True
pg2212,pg,ok,80012,80012,True,0,True,True,True,True
pg2207,pg,ok,80131,80131,True,0,True,True,True,True
pg2403,pg,ok,80967,80967,True,0,True,True,True,True
pg2310,pg,ok,84081,84081,True,0,True,True,True,True
pb2508,pb,ok,111159,111159,True,0,True,True,True,True
pg2409,pg,ok,82106,82106,True,0,True,True,True,True
pb2509,pb,ok,111583,111583,True,0,True,True,True,True
pg2402,pg,ok,83094,83094,True,0,True,True,True,True
pg2309,pg,ok,81060,81060,True,0,True,True,True,True
pg2202,pg,ok,83351,83351,True,0,True,True,True,True
pg2411,pg,ok,83261,83261,True,0,True,True,True,True
pg2503,pg,ok,82379,82379,True,0,True,True,True,True
pb2602,pb,ok,75483,75483,True,0,True,True,True,True
pg2307,pg,ok,83382,83382,True,0,True,True,True,True
pb2510,pb,ok,112521,112521,True,0,True,True,True,True
pg2601,pg,ok,60470,60470,True,0,True,True,True,True
pg2508,pg,ok,80105,80105,True,0,True,True,True,True
pg2301,pg,ok,80559,80559,True,0,True,True,True,True
pg2306,pg,ok,83397,83397,True,0,True,True,True,True
pg2511,pg,ok,73960,73960,True,0,True,True,True,True
pg2603,pg,ok,46980,46980,True,0,True,True,True,True
pg2206,pg,ok,79558,79558,True,0,True,True,True,True
pg2602,pg,ok,54309,54309,True,0,True,True,True,True
pg2408,pg,ok,79255,79255,True,0,True,True,True,True
pg2112,pg,ok,83474,83474,True,0,True,True,True,True
pg2506,pg,ok,82988,82988,True,0,True,True,True,True
pg2504,pg,ok,83382,83382,True,0,True,True,True,True
pg2405,pg,ok,79043,79043,True,0,True,True,True,True
pg2111,pg,ok,82730,82730,True,0,True,True,True,True
pg2410,pg,ok,82652,82652,True,0,True,True,True,True
pg2203,pg,ok,83548,83548,True,0,True,True,True,True
pg2105,pg,ok,82411,82411,True,0,True,True,True,True
pp1405,pp,ok,11658,11658,True,0,True,True,True,True
pp1406,pp,ok,14273,14273,True,0,True,True,True,True
pg2312,pg,ok,83383,83383,True,0,True,True,True,True
pg2507,pg,ok,83062,83062,True,0,True,True,True,True
pp1410,pp,ok,33379,33379,True,0,True,True,True,True
pg2412,pg,ok,79513,79513,True,0,True,True,True,True
pg2208,pg,ok,77615,77615,True,0,True,True,True,True
pg2501,pg,ok,79481,79481,True,0,True,True,True,True
pg2302,pg,ok,82972,82972,True,0,True,True,True,True
pg2404,pg,ok,83064,83064,True,0,True,True,True,True
pg2401,pg,ok,84854,84854,True,0,True,True,True,True
pp1602,pp,ok,50296,50296,True,0,True,True,True,True
pg2303,pg,ok,81120,81120,True,0,True,True,True,True
pp1409,pp,ok,31175,31175,True,0,True,True,True,True
pb2309,pb,ok,112989,112989,True,0,True,True,True,True
pp1607,pp,ok,36142,36142,True,0,True,True,True,True
pp1604,pp,ok,46175,46175,True,0,True,True,True,True
pp1512,pp,ok,52363,52363,True,0,True,True,True,True
pp1411,pp,ok,37377,37377,True,0,True,True,True,True
pg2108,pg,ok,82456,82456,True,0,True,True,True,True
pg2510,pg,ok,81638,81638,True,0,True,True,True,True
pg2505,pg,ok,80893,80893,True,0,True,True,True,True
pp1412,pp,ok,41069,41069,True,0,True,True,True,True
pg2502,pg,ok,82197,82197,True,0,True,True,True,True
pg2605,pg,ok,33262,33262,True,0,True,True,True,True
pg2606,pg,ok,26403,26403,True,0,True,True,True,True
pp1612,pp,ok,15000,15000,True,0,True,True,True,True
pg2311,pg,ok,80940,80940,True,0,True,True,True,True
pp1511,pp,ok,54141,54141,True,0,True,True,True,True
pp1508,pp,ok,53457,53457,True,0,True,True,True,True
pp1611,pp,ok,20365,20365,True,0,True,True,True,True
pp1608,pp,ok,30890,30890,True,0,True,True,True,True
pp1506,pp,ok,54597,54597,True,0,True,True,True,True
pg2512,pg,ok,66631,66631,True,0,True,True,True,True
pp1502,pp,ok,52773,52773,True,0,True,True,True,True
pp1605,pp,ok,55859,55859,True,0,True,True,True,True
pg2509,pg,ok,83351,83351,True,0,True,True,True,True
pp1407,pp,ok,20201,20201,True,0,True,True,True,True
pp1603,pp,ok,46708,46708,True,0,True,True,True,True
pp1504,pp,ok,55038,55038,True,0,True,True,True,True
pp1408,pp,ok,24016,24016,True,0,True,True,True,True
pg2604,pg,ok,39772,39772,True,0,True,True,True,True
pp1501,pp,ok,49856,49856,True,0,True,True,True,True
pp1703,pp,ok,17225,17225,True,0,True,True,True,True
pp1507,pp,ok,55143,55143,True,0,True,True,True,True
pp1601,pp,ok,55631,55631,True,0,True,True,True,True
pp1707,pp,ok,34669,34669,True,0,True,True,True,True
pp1610,pp,ok,33937,33937,True,0,True,True,True,True
pp1509,pp,ok,55799,55799,True,0,True,True,True,True
pp1704,pp,ok,21809,21809,True,0,True,True,True,True
pp1510,pp,ok,53989,53989,True,0,True,True,True,True
pg2406,pg,ok,82030,82030,True,0,True,True,True,True
pp1706,pp,ok,32848,32848,True,0,True,True,True,True
pp1702,pp,ok,29064,29064,True,0,True,True,True,True
pp1709,pp,ok,55403,55403,True,0,True,True,True,True
pp1712,pp,ok,55160,55160,True,0,True,True,True,True
pp1710,pp,ok,50523,50523,True,0,True,True,True,True
pp1711,pp,ok,50566,50566,True,0,True,True,True,True
pp1505,pp,ok,55571,55571,True,0,True,True,True,True
pp1609,pp,ok,55859,55859,True,0,True,True,True,True
pp1804,pp,ok,55388,55388,True,0,True,True,True,True
pp1904,pp,ok,53122,53122,True,0,True,True,True,True
pp1812,pp,ok,53275,53275,True,0,True,True,True,True
pp1801,pp,ok,55570,55570,True,0,True,True,True,True
pp1705,pp,ok,55176,55176,True,0,True,True,True,True
pp1802,pp,ok,55251,55251,True,0,True,True,True,True
pp1701,pp,ok,55631,55631,True,0,True,True,True,True
pp1805,pp,ok,55632,55632,True,0,True,True,True,True
pp1803,pp,ok,54765,54765,True,0,True,True,True,True
pp1910,pp,ok,67764,67764,True,0,True,True,True,True
pp1912,pp,ok,75320,75320,True,0,True,True,True,True
pp1903,pp,ok,53032,53032,True,0,True,True,True,True
pp1807,pp,ok,54947,54947,True,0,True,True,True,True
pp1503,pp,ok,52332,52332,True,0,True,True,True,True
pp1810,pp,ok,52743,52743,True,0,True,True,True,True
pp1905,pp,ok,59368,59368,True,0,True,True,True,True
pp1902,pp,ok,53106,53106,True,0,True,True,True,True
pp1806,pp,ok,53974,53974,True,0,True,True,True,True
pp1906,pp,ok,58251,58251,True,0,True,True,True,True
pp2008,pp,ok,76275,76275,True,0,True,True,True,True
pp2010,pp,ok,76608,76608,True,0,True,True,True,True
pp2006,pp,ok,76061,76061,True,0,True,True,True,True
pp2012,pp,ok,76137,76137,True,0,True,True,True,True
pp1907,pp,ok,59792,59792,True,0,True,True,True,True
pp2002,pp,ok,77234,77234,True,0,True,True,True,True
pp1809,pp,ok,55859,55859,True,0,True,True,True,True
pp1606,pp,ok,48273,48273,True,0,True,True,True,True
pp2005,pp,ok,76928,76928,True,0,True,True,True,True
pp2107,pp,ok,83990,83990,True,0,True,True,True,True
pp1901,pp,ok,55403,55403,True,0,True,True,True,True
pp2105,pp,ok,84081,84081,True,0,True,True,True,True
pp1811,pp,ok,53700,53700,True,0,True,True,True,True
pp1708,pp,ok,41350,41350,True,0,True,True,True,True
pp2106,pp,ok,81756,81756,True,0,True,True,True,True
pp2007,pp,ok,76395,76395,True,0,True,True,True,True
pp1911,pp,ok,69669,69669,True,0,True,True,True,True
pp2101,pp,ok,76639,76639,True,0,True,True,True,True
pp1908,pp,ok,65396,65396,True,0,True,True,True,True
pp2009,pp,ok,76351,76351,True,0,True,True,True,True
pp1808,pp,ok,55266,55266,True,0,True,True,True,True
pp2110,pp,ok,83261,83261,True,0,True,True,True,True
pp2003,pp,ok,77766,77766,True,0,True,True,True,True
pp2206,pp,ok,83611,83611,True,0,True,True,True,True
pp2011,pp,ok,75424,75424,True,0,True,True,True,True
pp2004,pp,ok,77437,77437,True,0,True,True,True,True
pp2001,pp,ok,78621,78621,True,0,True,True,True,True
pp2108,pp,ok,80772,80772,True,0,True,True,True,True
pp2103,pp,ok,79283,79283,True,0,True,True,True,True
pp2111,pp,ok,83611,83611,True,0,True,True,True,True
pp2203,pp,ok,83898,83898,True,0,True,True,True,True
pp2204,pp,ok,83959,83959,True,0,True,True,True,True
pp2212,pp,ok,83685,83685,True,0,True,True,True,True
pp2210,pp,ok,83959,83959,True,0,True,True,True,True
pp2301,pp,ok,83611,83611,True,0,True,True,True,True
pp2102,pp,ok,78744,78744,True,0,True,True,True,True
pp2302,pp,ok,82563,82563,True,0,True,True,True,True
pp2310,pp,ok,83731,83731,True,0,True,True,True,True
pp2208,pp,ok,83261,83261,True,0,True,True,True,True
pp2307,pp,ok,83959,83959,True,0,True,True,True,True
pp2408,pp,ok,84081,84081,True,0,True,True,True,True
pp2305,pp,ok,83960,83960,True,0,True,True,True,True
pp2606,pp,ok,28846,28846,True,0,True,True,True,True
pp2104,pp,ok,82749,82749,True,0,True,True,True,True
pp2201,pp,ok,83960,83960,True,0,True,True,True,True
pp2306,pp,ok,84429,84429,True,0,True,True,True,True
pp2503,pp,ok,83262,83262,True,0,True,True,True,True
pp2303,pp,ok,83746,83746,True,0,True,True,True,True
pp1909,pp,ok,68606,68606,True,0,True,True,True,True
rb1001,rb,ok,2280,2280,True,0,True,True,True,True
pp2410,pp,ok,83262,83262,True,0,True,True,True,True
pp2207,pp,ok,83519,83519,True,0,True,True,True,True
pp2308,pp,ok,83807,83807,True,0,True,True,True,True
pp2211,pp,ok,83960,83960,True,0,True,True,True,True
pp2605,pp,ok,35356,35356,True,0,True,True,True,True
pp2209,pp,ok,83490,83490,True,0,True,True,True,True
ps2602,ps,ok,36936,36936,True,0,True,True,True,True
pp2309,pp,ok,83929,83929,True,0,True,True,True,True
ps2601,ps,ok,41039,41039,True,0,True,True,True,True
pp2601,pp,ok,62215,62215,True,0,True,True,True,True
pp2402,pp,ok,85642,85642,True,0,True,True,True,True
rb1002,rb,ok,6156,6156,True,0,True,True,True,True
pp2404,pp,ok,83140,83140,True,0,True,True,True,True
rb1003,rb,ok,10488,10488,True,0,True,True,True,True
ps2605,ps,ok,23256,23256,True,0,True,True,True,True
pp2603,pp,ok,49772,49772,True,0,True,True,True,True
ps2506,ps,ok,25308,25308,True,0,True,True,True,True
pp2112,pp,ok,83609,83609,True,0,True,True,True,True
pp2406,pp,ok,82927,82927,True,0,True,True,True,True
ps2512,ps,ok,44232,44232,True,0,True,True,True,True
pp2412,pp,ok,83261,83261,True,0,True,True,True,True
pp2311,pp,ok,84020,84020,True,0,True,True,True,True
pp2604,pp,ok,42564,42564,True,0,True,True,True,True
ps2511,ps,ok,44232,44232,True,0,True,True,True,True
pp2602,pp,ok,56054,56054,True,0,True,True,True,True
pp2511,pp,ok,77101,77101,True,0,True,True,True,True
pp2205,pp,ok,83262,83262,True,0,True,True,True,True
ps2604,ps,ok,28044,28044,True,0,True,True,True,True
pp2409,pp,ok,83732,83732,True,0,True,True,True,True
ps2510,ps,ok,44232,44232,True,0,True,True,True,True
pp2401,pp,ok,83732,83732,True,0,True,True,True,True
pp2202,pp,ok,83549,83549,True,0,True,True,True,True
pp2512,pp,ok,69771,69771,True,0,True,True,True,True
ps2603,ps,ok,32832,32832,True,0,True,True,True,True
pp2510,pp,ok,83034,83034,True,0,True,True,True,True
pp2407,pp,ok,83261,83261,True,0,True,True,True,True
ps2507,ps,ok,29716,29716,True,0,True,True,True,True
rb1005,rb,ok,20292,20292,True,0,True,True,True,True
pp2109,pp,ok,84369,84369,True,0,True,True,True,True
pp2502,pp,ok,82215,82215,True,0,True,True,True,True
pp2405,pp,ok,83671,83671,True,0,True,True,True,True
pp2504,pp,ok,83261,83261,True,0,True,True,True,True
rb1009,rb,ok,39383,39383,True,0,True,True,True,True
pp2312,pp,ok,84080,84080,True,0,True,True,True,True
pp2506,pp,ok,83262,83262,True,0,True,True,True,True
ps2509,ps,ok,39748,39748,True,0,True,True,True,True
pp2505,pp,ok,83550,83550,True,0,True,True,True,True
pp2411,pp,ok,83490,83490,True,0,True,True,True,True
pp2507,pp,ok,83611,83611,True,0,True,True,True,True
pp2501,pp,ok,83611,83611,True,0,True,True,True,True
rb1008,rb,ok,34428,34428,True,0,True,True,True,True
ps2606,ps,ok,18924,18924,True,0,True,True,True,True
rb1202,rb,ok,54446,54446,True,0,True,True,True,True
pp2304,pp,ok,83898,83898,True,0,True,True,True,True
rb1203,rb,ok,54461,54461,True,0,True,True,True,True
rb1006,rb,ok,24791,24791,True,0,True,True,True,True
pp2509,pp,ok,83262,83262,True,0,True,True,True,True
rb1004,rb,ok,15504,15504,True,0,True,True,True,True
rb1007,rb,ok,29412,29412,True,0,True,True,True,True
rb1204,rb,ok,54795,54795,True,0,True,True,True,True
rb1201,rb,ok,54112,54112,True,0,True,True,True,True
rb1110,rb,ok,54948,54948,True,0,True,True,True,True
rb1403,rb,ok,53762,53762,True,0,True,True,True,True
rb1012,rb,ok,52136,52136,True,0,True,True,True,True
rb1105,rb,ok,54598,54598,True,0,True,True,True,True
rb1102,rb,ok,54051,54051,True,0,True,True,True,True
rb1208,rb,ok,54765,54765,True,0,True,True,True,True
rb1209,rb,ok,53746,53746,True,0,True,True,True,True
pp2508,pp,ok,83444,83444,True,0,True,True,True,True
rb1307,rb,ok,53094,53094,True,0,True,True,True,True
ps2508,ps,ok,34732,34732,True,0,True,True,True,True
rb1103,rb,ok,54719,54719,True,0,True,True,True,True
rb1010,rb,ok,42636,42636,True,0,True,True,True,True
pp2403,pp,ok,84080,84080,True,0,True,True,True,True
rb1207,rb,ok,54233,54233,True,0,True,True,True,True
rb1210,rb,ok,55053,55053,True,0,True,True,True,True
rb1312,rb,ok,53550,53550,True,0,True,True,True,True
rb1301,rb,ok,55342,55342,True,0,True,True,True,True
rb1106,rb,ok,52744,52744,True,0,True,True,True,True
rb1112,rb,ok,53702,53702,True,0,True,True,True,True
rb1205,rb,ok,54339,54339,True,0,True,True,True,True
rb1211,rb,ok,55236,55236,True,0,True,True,True,True
rb1302,rb,ok,55327,55327,True,0,True,True,True,True
rb1107,rb,ok,54734,54734,True,0,True,True,True,True
rb1104,rb,ok,54264,54264,True,0,True,True,True,True
rb1404,rb,ok,54173,54173,True,0,True,True,True,True
rb1101,rb,ok,54871,54871,True,0,True,True,True,True
rb1011,rb,ok,47226,47226,True,0,True,True,True,True
rb1306,rb,ok,53854,53854,True,0,True,True,True,True
rb1308,rb,ok,52364,52364,True,0,True,True,True,True
rb1109,rb,ok,54310,54310,True,0,True,True,True,True
rb1401,rb,ok,54659,54659,True,0,True,True,True,True
rb1503,rb,ok,61091,61091,True,0,True,True,True,True
rb1305,rb,ok,55176,55176,True,0,True,True,True,True
rb1108,rb,ok,53945,53945,True,0,True,True,True,True
rb1406,rb,ok,54643,54643,True,0,True,True,True,True
rb1411,rb,ok,55343,55343,True,0,True,True,True,True
rb1507,rb,ok,70375,70375,True,0,True,True,True,True
rb1408,rb,ok,53656,53656,True,0,True,True,True,True
rb1412,rb,ok,54553,54553,True,0,True,True,True,True
rb1206,rb,ok,54218,54218,True,0,True,True,True,True
rb1212,rb,ok,54354,54354,True,0,True,True,True,True
rb1310,rb,ok,54264,54264,True,0,True,True,True,True
rb1407,rb,ok,55235,55235,True,0,True,True,True,True
rb1111,rb,ok,53215,53215,True,0,True,True,True,True
rb1508,rb,ok,73644,73644,True,0,True,True,True,True
rb1409,rb,ok,54811,54811,True,0,True,True,True,True
rb1303,rb,ok,54993,54993,True,0,True,True,True,True
rb1304,rb,ok,54932,54932,True,0,True,True,True,True
rb1410,rb,ok,55860,55860,True,0,True,True,True,True
rb1604,rb,ok,82854,82854,True,0,True,True,True,True
rb1602,rb,ok,82321,82321,True,0,True,True,True,True
rb1502,rb,ok,59080,59080,True,0,True,True,True,True
rb1402,rb,ok,54370,54370,True,0,True,True,True,True
rb1405,rb,ok,55115,55115,True,0,True,True,True,True
rb1612,rb,ok,83673,83673,True,0,True,True,True,True
rb1510,rb,ok,77896,77896,True,0,True,True,True,True
rb1504,rb,ok,62949,62949,True,0,True,True,True,True
rb1705,rb,ok,83383,83383,True,0,True,True,True,True
rb1512,rb,ok,81474,81474,True,0,True,True,True,True
rb1309,rb,ok,54492,54492,True,0,True,True,True,True
rb1804,rb,ok,83243,83243,True,0,True,True,True,True
rb1501,rb,ok,56872,56872,True,0,True,True,True,True
rb1802,rb,ok,85051,85051,True,0,True,True,True,True
rb1701,rb,ok,84157,84157,True,0,True,True,True,True
rb1606,rb,ok,82534,82534,True,0,True,True,True,True
rb1706,rb,ok,82600,82600,True,0,True,True,True,True
rb1709,rb,ok,83211,83211,True,0,True,True,True,True
rb1505,rb,ok,66387,66387,True,0,True,True,True,True
rb1805,rb,ok,84339,84339,True,0,True,True,True,True
rb1703,rb,ok,83506,83506,True,0,True,True,True,True
rb1601,rb,ok,84416,84416,True,0,True,True,True,True
rb1509,rb,ok,75505,75505,True,0,True,True,True,True
rb1611,rb,ok,83051,83051,True,0,True,True,True,True
rb1511,rb,ok,79996,79996,True,0,True,True,True,True
rb1711,rb,ok,84096,84096,True,0,True,True,True,True
rb1704,rb,ok,82640,82640,True,0,True,True,True,True
rb1808,rb,ok,84095,84095,True,0,True,True,True,True
rb1811,rb,ok,83792,83792,True,0,True,True,True,True
rb1609,rb,ok,83445,83445,True,0,True,True,True,True
rb1603,rb,ok,82641,82641,True,0,True,True,True,True
rb1911,rb,ok,83777,83777,True,0,True,True,True,True
rb1608,rb,ok,78501,78501,True,0,True,True,True,True
rb1702,rb,ok,84289,84289,True,0,True,True,True,True
rb1607,rb,ok,80959,80959,True,0,True,True,True,True
rb1806,rb,ok,84124,84124,True,0,True,True,True,True
rb1807,rb,ok,83351,83351,True,0,True,True,True,True
rb1908,rb,ok,82758,82758,True,0,True,True,True,True
rb1903,rb,ok,83869,83869,True,0,True,True,True,True
rb1809,rb,ok,84475,84475,True,0,True,True,True,True
rb1710,rb,ok,84429,84429,True,0,True,True,True,True
rb1905,rb,ok,83960,83960,True,0,True,True,True,True
rb1707,rb,ok,81290,81290,True,0,True,True,True,True
rb2006,rb,ok,74467,74467,True,0,True,True,True,True
rb2004,rb,ok,78198,78198,True,0,True,True,True,True
rb1311,rb,ok,53382,53382,True,0,True,True,True,True
rb1605,rb,ok,83930,83930,True,0,True,True,True,True
rb1812,rb,ok,83640,83640,True,0,True,True,True,True
rb1910,rb,ok,83960,83960,True,0,True,True,True,True
rb1810,rb,ok,83960,83960,True,0,True,True,True,True
rb2103,rb,ok,79981,79981,True,0,True,True,True,True
rb1907,rb,ok,83489,83489,True,0,True,True,True,True
rb1902,rb,ok,83429,83429,True,0,True,True,True,True
rb2012,rb,ok,74484,74484,True,0,True,True,True,True
rb1506,rb,ok,68745,68745,True,0,True,True,True,True
rb2005,rb,ok,76806,76806,True,0,True,True,True,True
rb2002,rb,ok,82598,82598,True,0,True,True,True,True
rb2001,rb,ok,84309,84309,True,0,True,True,True,True
rb2105,rb,ok,84081,84081,True,0,True,True,True,True
rb2108,rb,ok,84081,84081,True,0,True,True,True,True
rb1712,rb,ok,84111,84111,True,0,True,True,True,True
rb1801,rb,ok,84430,84430,True,0,True,True,True,True
rb1901,rb,ok,83960,83960,True,0,True,True,True,True
rb2208,rb,ok,83201,83201,True,0,True,True,True,True
rb1803,rb,ok,84323,84323,True,0,True,True,True,True
rb1906,rb,ok,83490,83490,True,0,True,True,True,True
rb1904,rb,ok,83869,83869,True,0,True,True,True,True
rb1708,rb,ok,81219,81219,True,0,True,True,True,True
rb2007,rb,ok,75971,75971,True,0,True,True,True,True
rb2107,rb,ok,84111,84111,True,0,True,True,True,True
rb1610,rb,ok,84537,84537,True,0,True,True,True,True
rb2010,rb,ok,76700,76700,True,0,True,True,True,True
rb2201,rb,ok,83960,83960,True,0,True,True,True,True
rb2209,rb,ok,83019,83019,True,0,True,True,True,True
rb2101,rb,ok,76700,76700,True,0,True,True,True,True
rb1909,rb,ok,83080,83080,True,0,True,True,True,True
rb2206,rb,ok,83307,83307,True,0,True,True,True,True
rb2211,rb,ok,83899,83899,True,0,True,True,True,True
rb2011,rb,ok,75698,75698,True,0,True,True,True,True
rb2204,rb,ok,83550,83550,True,0,True,True,True,True
rb2112,rb,ok,83656,83656,True,0,True,True,True,True
rb1912,rb,ok,83018,83018,True,0,True,True,True,True
rb2306,rb,ok,84779,84779,True,0,True,True,True,True
rb2302,rb,ok,83868,83868,True,0,True,True,True,True
rb2102,rb,ok,77333,77333,True,0,True,True,True,True
rb2109,rb,ok,84309,84309,True,0,True,True,True,True
rb2307,rb,ok,83960,83960,True,0,True,True,True,True
rb2203,rb,ok,83869,83869,True,0,True,True,True,True
rb2202,rb,ok,84187,84187,True,0,True,True,True,True
rb2207,rb,ok,83094,83094,True,0,True,True,True,True
rb2407,rb,ok,83079,83079,True,0,True,True,True,True
rb2305,rb,ok,83960,83960,True,0,True,True,True,True
rb2003,rb,ok,80269,80269,True,0,True,True,True,True
rb2210,rb,ok,83960,83960,True,0,True,True,True,True
rb2008,rb,ok,76200,76200,True,0,True,True,True,True
rb2104,rb,ok,82629,82629,True,0,True,True,True,True
rb2301,rb,ok,83611,83611,True,0,True,True,True,True
rb2009,rb,ok,76700,76700,True,0,True,True,True,True
rb2303,rb,ok,83960,83960,True,0,True,True,True,True
rb2304,rb,ok,84309,84309,True,0,True,True,True,True
rb2106,rb,ok,83520,83520,True,0,True,True,True,True
rb2312,rb,ok,83489,83489,True,0,True,True,True,True
rb2212,rb,ok,83960,83960,True,0,True,True,True,True
rb2309,rb,ok,84430,84430,True,0,True,True,True,True
rb2111,rb,ok,83611,83611,True,0,True,True,True,True
rb2508,rb,ok,83611,83611,True,0,True,True,True,True
rb2409,rb,ok,83611,83611,True,0,True,True,True,True
rb2606,rb,ok,28846,28846,True,0,True,True,True,True
rb2403,rb,ok,84081,84081,True,0,True,True,True,True
rb2205,rb,ok,83262,83262,True,0,True,True,True,True
rb2408,rb,ok,84020,84020,True,0,True,True,True,True
rb2502,rb,ok,82852,82852,True,0,True,True,True,True
rb2311,rb,ok,83990,83990,True,0,True,True,True,True
rr2006,rr,ok,57032,57032,True,0,True,True,True,True
rr2003,rr,ok,39883,39883,True,0,True,True,True,True
rb2512,rb,ok,69423,69423,True,0,True,True,True,True
rb2410,rb,ok,83262,83262,True,0,True,True,True,True
rb2605,rb,ok,36054,36054,True,0,True,True,True,True
rb2404,rb,ok,83034,83034,True,0,True,True,True,True
rb2308,rb,ok,83959,83959,True,0,True,True,True,True
rb2402,rb,ok,84263,84263,True,0,True,True,True,True
rb2601,rb,ok,62215,62215,True,0,True,True,True,True
rr2002,rr,ok,36857,36857,True,0,True,True,True,True
rb2411,rb,ok,83550,83550,True,0,True,True,True,True
rb2507,rb,ok,83611,83611,True,0,True,True,True,True
rb2602,rb,ok,56403,56403,True,0,True,True,True,True
rb2310,rb,ok,83732,83732,True,0,True,True,True,True
rb2110,rb,ok,83960,83960,True,0,True,True,True,True
rb2401,rb,ok,83732,83732,True,0,True,True,True,True
rb2504,rb,ok,83216,83216,True,0,True,True,True,True
rb2509,rb,ok,83383,83383,True,0,True,True,True,True
rr2008,rr,ok,73936,73936,True,0,True,True,True,True
rb2603,rb,ok,49423,49423,True,0,True,True,True,True
rb2405,rb,ok,83732,83732,True,0,True,True,True,True
rr2007,rr,ok,63447,63447,True,0,True,True,True,True
rb2412,rb,ok,83171,83171,True,0,True,True,True,True
rb2406,rb,ok,83262,83262,True,0,True,True,True,True
rb2505,rb,ok,83611,83611,True,0,True,True,True,True
rr2105,rr,ok,81346,81346,True,0,True,True,True,True
rr2012,rr,ok,74195,74195,True,0,True,True,True,True
rb2510,rb,ok,84081,84081,True,0,True,True,True,True
rb2604,rb,ok,42564,42564,True,0,True,True,True,True
rr2011,rr,ok,74253,74253,True,0,True,True,True,True
rr2101,rr,ok,73401,73401,True,0,True,True,True,True
rr2004,rr,ok,43879,43879,True,0,True,True,True,True
rr2001,rr,ok,33792,33792,True,0,True,True,True,True
rr2005,rr,ok,53711,53711,True,0,True,True,True,True
rb2506,rb,ok,83049,83049,True,0,True,True,True,True
rr2103,rr,ok,77224,77224,True,0,True,True,True,True
rr2205,rr,ok,81651,81651,True,0,True,True,True,True
rr2210,rr,ok,81545,81545,True,0,True,True,True,True
rr2204,rr,ok,81349,81349,True,0,True,True,True,True
rr2203,rr,ok,81242,81242,True,0,True,True,True,True
rr2209,rr,ok,80803,80803,True,0,True,True,True,True
rr2107,rr,ok,81803,81803,True,0,True,True,True,True
rr2102,rr,ok,76883,76883,True,0,True,True,True,True
rr2009,rr,ok,73996,73996,True,0,True,True,True,True
rr2206,rr,ok,82350,82350,True,0,True,True,True,True
rr2212,rr,ok,81529,81529,True,0,True,True,True,True
rb2501,rb,ok,83611,83611,True,0,True,True,True,True
rr2406,rr,ok,80242,80242,True,0,True,True,True,True
rr2112,rr,ok,81090,81090,True,0,True,True,True,True
rr2305,rr,ok,81197,81197,True,0,True,True,True,True
rr2106,rr,ok,81969,81969,True,0,True,True,True,True
rr2104,rr,ok,79986,79986,True,0,True,True,True,True
rr2301,rr,ok,80922,80922,True,0,True,True,True,True
rr2208,rr,ok,80089,80089,True,0,True,True,True,True
rr2110,rr,ok,80605,80605,True,0,True,True,True,True
rb2503,rb,ok,83110,83110,True,0,True,True,True,True
rb2511,rb,ok,76752,76752,True,0,True,True,True,True
rr2304,rr,ok,81440,81440,True,0,True,True,True,True
rr2405,rr,ok,80969,80969,True,0,True,True,True,True
rr2401,rr,ok,81773,81773,True,0,True,True,True,True
rr2307,rr,ok,81075,81075,True,0,True,True,True,True
rr2312,rr,ok,80513,80513,True,0,True,True,True,True
rr2407,rr,ok,80377,80377,True,0,True,True,True,True
rr2302,rr,ok,79559,79559,True,0,True,True,True,True
rr2211,rr,ok,81349,81349,True,0,True,True,True,True
rr2207,rr,ok,81183,81183,True,0,True,True,True,True
rr2303,rr,ok,82151,82151,True,0,True,True,True,True
rr2402,rr,ok,83578,83578,True,0,True,True,True,True
rr2111,rr,ok,80514,80514,True,0,True,True,True,True
ru1005,ru,ok,20292,20292,True,0,True,True,True,True
rr2309,rr,ok,79859,79859,True,0,True,True,True,True
rr2503,rr,ok,80544,80544,True,0,True,True,True,True
ru1001,ru,ok,2280,2280,True,0,True,True,True,True
rr2602,rr,ok,55718,55718,True,0,True,True,True,True
rr2108,rr,ok,80969,80969,True,0,True,True,True,True
rr2109,rr,ok,81455,81455,True,0,True,True,True,True
rr2202,rr,ok,81682,81682,True,0,True,True,True,True
rr2403,rr,ok,81272,81272,True,0,True,True,True,True
rr2409,rr,ok,80530,80530,True,0,True,True,True,True
rr2412,rr,ok,79528,79528,True,0,True,True,True,True
rr2507,rr,ok,80541,80541,True,0,True,True,True,True
rr2502,rr,ok,80784,80784,True,0,True,True,True,True
rr2201,rr,ok,81044,81044,True,0,True,True,True,True
rr2306,rr,ok,82470,82470,True,0,True,True,True,True
rr2311,rr,ok,81195,81195,True,0,True,True,True,True
ru1008,ru,ok,34367,34367,True,0,True,True,True,True
rr2404,rr,ok,80210,80210,True,0,True,True,True,True
rr2509,rr,ok,81789,81789,True,0,True,True,True,True
rr2604,rr,ok,42564,42564,True,0,True,True,True,True
rr2308,rr,ok,80634,80634,True,0,True,True,True,True
ru1003,ru,ok,10488,10488,True,0,True,True,True,True
rr2508,rr,ok,79937,79937,True,0,True,True,True,True
ru1006,ru,ok,24852,24852,True,0,True,True,True,True
rr2010,rr,ok,74747,74747,True,0,True,True,True,True
ru1004,ru,ok,15504,15504,True,0,True,True,True,True
ru1010,ru,ok,42636,42636,True,0,True,True,True,True
rr2310,rr,ok,80450,80450,True,0,True,True,True,True
rr2605,rr,ok,35356,35356,True,0,True,True,True,True
ru1106,ru,ok,54720,54720,True,0,True,True,True,True
rr2512,rr,ok,69711,69711,True,0,True,True,True,True
rr2410,rr,ok,80422,80422,True,0,True,True,True,True
rr2411,rr,ok,80591,80591,True,0,True,True,True,True
rr2601,rr,ok,62093,62093,True,0,True,True,True,True
ru1108,ru,ok,55100,55100,True,0,True,True,True,True
ru1101,ru,ok,55100,55100,True,0,True,True,True,True
ru1107,ru,ok,55328,55328,True,0,True,True,True,True
rr2504,rr,ok,79741,79741,True,0,True,True,True,True
rr2511,rr,ok,77101,77101,True,0,True,True,True,True
rr2501,rr,ok,80363,80363,True,0,True,True,True,True
rr2510,rr,ok,82471,82471,True,0,True,True,True,True
ru1206,ru,ok,55114,55114,True,0,True,True,True,True
ru1009,ru,ok,39444,39444,True,0,True,True,True,True
rr2606,rr,ok,28846,28846,True,0,True,True,True,True
ru1205,ru,ok,54187,54187,True,0,True,True,True,True
ru1211,ru,ok,55570,55570,True,0,True,True,True,True
ru1310,ru,ok,54264,54264,True,0,True,True,True,True
ru1305,ru,ok,55176,55176,True,0,True,True,True,True
ru1109,ru,ok,54568,54568,True,0,True,True,True,True
ru1403,ru,ok,54720,54720,True,0,True,True,True,True
rr2505,rr,ok,79771,79771,True,0,True,True,True,True
ru1407,ru,ok,55631,55631,True,0,True,True,True,True
ru1208,ru,ok,55099,55099,True,0,True,True,True,True
ru1210,ru,ok,55114,55114,True,0,True,True,True,True
ru1301,ru,ok,55403,55403,True,0,True,True,True,True
ru1408,ru,ok,55632,55632,True,0,True,True,True,True
ru1303,ru,ok,55175,55175,True,0,True,True,True,True
ru1104,ru,ok,54811,54811,True,0,True,True,True,True
ru1406,ru,ok,55403,55403,True,0,True,True,True,True
rr2506,rr,ok,80165,80165,True,0,True,True,True,True
ru1504,ru,ok,63739,63739,True,0,True,True,True,True
ru1311,ru,ok,54264,54264,True,0,True,True,True,True
ru1304,ru,ok,55175,55175,True,0,True,True,True,True
ru1308,ru,ok,54720,54720,True,0,True,True,True,True
ru1011,ru,ok,47348,47348,True,0,True,True,True,True
ru1401,ru,ok,54720,54720,True,0,True,True,True,True
ru1204,ru,ok,55100,55100,True,0,True,True,True,True
ru1111,ru,ok,55176,55176,True,0,True,True,True,True
ru1410,ru,ok,55859,55859,True,0,True,True,True,True
ru1203,ru,ok,55024,55024,True,0,True,True,True,True
ru1506,ru,ok,68928,68928,True,0,True,True,True,True
ru1110,ru,ok,55100,55100,True,0,True,True,True,True
ru1503,ru,ok,61091,61091,True,0,True,True,True,True
rr2408,rr,ok,81818,81818,True,0,True,True,True,True
ru1105,ru,ok,54644,54644,True,0,True,True,True,True
ru1007,ru,ok,29412,29412,True,0,True,True,True,True
ru1411,ru,ok,55860,55860,True,0,True,True,True,True
rr2603,rr,ok,49711,49711,True,0,True,True,True,True
ru1508,ru,ok,73767,73767,True,0,True,True,True,True
ru1404,ru,ok,54948,54948,True,0,True,True,True,True
ru1307,ru,ok,54492,54492,True,0,True,True,True,True
ru1201,ru,ok,54264,54264,True,0,True,True,True,True
ru1501,ru,ok,56963,56963,True,0,True,True,True,True
ru1103,ru,ok,55100,55100,True,0,True,True,True,True
ru1209,ru,ok,55479,55479,True,0,True,True,True,True
ru1510,ru,ok,77896,77896,True,0,True,True,True,True
ru1207,ru,ok,54628,54628,True,0,True,True,True,True
ru1505,ru,ok,66387,66387,True,0,True,True,True,True
ru1607,ru,ok,78555,78555,True,0,True,True,True,True
ru1507,ru,ok,71287,71287,True,0,True,True,True,True
ru1710,ru,ok,80226,80226,True,0,True,True,True,True
ru1306,ru,ok,54431,54431,True,0,True,True,True,True
ru1706,ru,ok,75680,75680,True,0,True,True,True,True
ru1703,ru,ok,78721,78721,True,0,True,True,True,True
ru1708,ru,ok,71844,71844,True,0,True,True,True,True
ru1405,ru,ok,55176,55176,True,0,True,True,True,True
ru1409,ru,ok,55176,55176,True,0,True,True,True,True
ru1601,ru,ok,84537,84537,True,0,True,True,True,True
ru1801,ru,ok,84430,84430,True,0,True,True,True,True
ru1903,ru,ok,83519,83519,True,0,True,True,True,True
ru1603,ru,ok,83431,83431,True,0,True,True,True,True
ru1806,ru,ok,84717,84717,True,0,True,True,True,True
ru1808,ru,ok,84095,84095,True,0,True,True,True,True
ru1608,ru,ok,74691,74691,True,0,True,True,True,True
ru1711,ru,ok,84491,84491,True,0,True,True,True,True
ru1704,ru,ok,74190,74190,True,0,True,True,True,True
ru1905,ru,ok,83960,83960,True,0,True,True,True,True
ru1604,ru,ok,81779,81779,True,0,True,True,True,True
ru1904,ru,ok,83594,83594,True,0,True,True,True,True
ru1511,ru,ok,80330,80330,True,0,True,True,True,True
ru1610,ru,ok,77535,77535,True,0,True,True,True,True
ru1705,ru,ok,83610,83610,True,0,True,True,True,True
ru1809,ru,ok,84779,84779,True,0,True,True,True,True
ru1707,ru,ok,69285,69285,True,0,True,True,True,True
ru1805,ru,ok,84430,84430,True,0,True,True,True,True
ru1605,ru,ok,84537,84537,True,0,True,True,True,True
ru2008,ru,ok,76123,76123,True,0,True,True,True,True
ru1810,ru,ok,83489,83489,True,0,True,True,True,True
ru1910,ru,ok,83641,83641,True,0,True,True,True,True
ru1906,ru,ok,83110,83110,True,0,True,True,True,True
ru1701,ru,ok,84309,84309,True,0,True,True,True,True
ru1509,ru,ok,76081,76081,True,0,True,True,True,True
ru2010,ru,ok,75744,75744,True,0,True,True,True,True
ru1606,ru,ok,82718,82718,True,0,True,True,True,True
ru1907,ru,ok,83413,83413,True,0,True,True,True,True
ru2106,ru,ok,83611,83611,True,0,True,True,True,True
ru1611,ru,ok,83704,83704,True,0,True,True,True,True
ru1803,ru,ok,84171,84171,True,0,True,True,True,True
ru1911,ru,ok,83960,83960,True,0,True,True,True,True
ru1901,ru,ok,83960,83960,True,0,True,True,True,True
ru1609,ru,ok,85235,85235,True,0,True,True,True,True
ru1811,ru,ok,84309,84309,True,0,True,True,True,True
ru2110,ru,ok,83884,83884,True,0,True,True,True,True
ru1909,ru,ok,83141,83141,True,0,True,True,True,True
ru2104,ru,ok,82613,82613,True,0,True,True,True,True
ru2006,ru,ok,76548,76548,True,0,True,True,True,True
ru1309,ru,ok,54492,54492,True,0,True,True,True,True
ru1709,ru,ok,84081,84081,True,0,True,True,True,True
ru2111,ru,ok,83611,83611,True,0,True,True,True,True
ru2105,ru,ok,84081,84081,True,0,True,True,True,True
ru2001,ru,ok,84309,84309,True,0,True,True,True,True
ru2003,ru,ok,79448,79448,True,0,True,True,True,True
ru2208,ru,ok,83261,83261,True,0,True,True,True,True
ru2004,ru,ok,77955,77955,True,0,True,True,True,True
ru1807,ru,ok,83611,83611,True,0,True,True,True,True
ru2304,ru,ok,84309,84309,True,0,True,True,True,True
ru2011,ru,ok,76351,76351,True,0,True,True,True,True
ru2205,ru,ok,83262,83262,True,0,True,True,True,True
ru2108,ru,ok,83488,83488,True,0,True,True,True,True
ru1804,ru,ok,83732,83732,True,0,True,True,True,True
ru2203,ru,ok,83960,83960,True,0,True,True,True,True
ru2009,ru,ok,76700,76700,True,0,True,True,True,True
ru2204,ru,ok,83611,83611,True,0,True,True,True,True
ru2103,ru,ok,79707,79707,True,0,True,True,True,True
ru2211,ru,ok,83960,83960,True,0,True,True,True,True
ru2005,ru,ok,76928,76928,True,0,True,True,True,True
ru2308,ru,ok,83899,83899,True,0,True,True,True,True
ru2307,ru,ok,83960,83960,True,0,True,True,True,True
ru2603,ru,ok,49423,49423,True,0,True,True,True,True
sc1811,sc,ok,77384,77384,True,0,True,True,True,True
ru2310,ru,ok,83732,83732,True,0,True,True,True,True
ru1908,ru,ok,83808,83808,True,0,True,True,True,True
ru2107,ru,ok,84247,84247,True,0,True,True,True,True
ru2201,ru,ok,83960,83960,True,0,True,True,True,True
ru2109,ru,ok,84430,84430,True,0,True,True,True,True
ru2209,ru,ok,83141,83141,True,0,True,True,True,True
ru2406,ru,ok,83262,83262,True,0,True,True,True,True
ru2206,ru,ok,83611,83611,True,0,True,True,True,True
ru2403,ru,ok,83944,83944,True,0,True,True,True,True
ru2408,ru,ok,83625,83625,True,0,True,True,True,True
ru2305,ru,ok,83960,83960,True,0,True,True,True,True
ru2007,ru,ok,75699,75699,True,0,True,True,True,True
ru2410,ru,ok,83201,83201,True,0,True,True,True,True
ru2405,ru,ok,83732,83732,True,0,True,True,True,True
sc1810,sc,ok,67388,67388,True,0,True,True,True,True
ru2101,ru,ok,76700,76700,True,0,True,True,True,True
ru2605,ru,ok,36054,36054,True,0,True,True,True,True
ru2601,ru,ok,62215,62215,True,0,True,True,True,True
ru2311,ru,ok,84081,84081,True,0,True,True,True,True
ru2207,ru,ok,83611,83611,True,0,True,True,True,True
ru2309,ru,ok,84369,84369,True,0,True,True,True,True
ru2509,ru,ok,83383,83383,True,0,True,True,True,True
ru2411,ru,ok,83610,83610,True,0,True,True,True,True
ru2306,ru,ok,84718,84718,True,0,True,True,True,True
ru2210,ru,ok,83959,83959,True,0,True,True,True,True
ru2508,ru,ok,83550,83550,True,0,True,True,True,True
ru2504,ru,ok,83459,83459,True,0,True,True,True,True
ru2510,ru,ok,84081,84081,True,0,True,True,True,True
ru2604,ru,ok,42564,42564,True,0,True,True,True,True
ru2303,ru,ok,83960,83960,True,0,True,True,True,True
ru2409,ru,ok,83611,83611,True,0,True,True,True,True
ru2501,ru,ok,83611,83611,True,0,True,True,True,True
ru2407,ru,ok,83292,83292,True,0,True,True,True,True
ru2606,ru,ok,28846,28846,True,0,True,True,True,True
ru2511,ru,ok,76752,76752,True,0,True,True,True,True
ru2301,ru,ok,83611,83611,True,0,True,True,True,True
ru2401,ru,ok,83732,83732,True,0,True,True,True,True
sc1809,sc,ok,59893,59893,True,0,True,True,True,True
sc1903,sc,ok,123686,123686,True,0,True,True,True,True
sc2008,sc,ok,113329,113329,True,0,True,True,True,True
sc1902,sc,ok,112186,112186,True,0,True,True,True,True
ru2404,ru,ok,83034,83034,True,0,True,True,True,True
sc1911,sc,ok,133218,133218,True,0,True,True,True,True
sc1812,sc,ok,92485,92485,True,0,True,True,True,True
ru2505,ru,ok,83611,83611,True,0,True,True,True,True
sc1908,sc,ok,133518,133518,True,0,True,True,True,True
sc1901,sc,ok,103514,103514,True,0,True,True,True,True
sc1910,sc,ok,132281,132281,True,0,True,True,True,True
sc2005,sc,ok,113888,113888,True,0,True,True,True,True
ru2507,ru,ok,83611,83611,True,0,True,True,True,True
sc1906,sc,ok,157379,157379,True,0,True,True,True,True
ru2503,ru,ok,82821,82821,True,0,True,True,True,True
ru2506,ru,ok,83262,83262,True,0,True,True,True,True
sc2007,sc,ok,113238,113238,True,0,True,True,True,True
sc2010,sc,ok,114219,114219,True,0,True,True,True,True
sc2001,sc,ok,129652,129652,True,0,True,True,True,True
sc2004,sc,ok,120508,120508,True,0,True,True,True,True
sc1907,sc,ok,132507,132507,True,0,True,True,True,True
sc1909,sc,ok,192915,192915,True,0,True,True,True,True
sc2101,sc,ok,114596,114596,True,0,True,True,True,True
sc1905,sc,ok,133397,133397,True,0,True,True,True,True
sc2102,sc,ok,118540,118540,True,0,True,True,True,True
sc2105,sc,ok,133609,133609,True,0,True,True,True,True
sc2002,sc,ok,129864,129864,True,0,True,True,True,True
sc1904,sc,ok,131962,131962,True,0,True,True,True,True
sc2011,sc,ok,113040,113040,True,0,True,True,True,True
sc2210,sc,ok,133519,133519,True,0,True,True,True,True
sc2104,sc,ok,126928,126928,True,0,True,True,True,True
sc2107,sc,ok,134409,134409,True,0,True,True,True,True
sc2302,sc,ok,130724,130724,True,0,True,True,True,True
sc2205,sc,ok,132401,132401,True,0,True,True,True,True
sc1912,sc,ok,225173,225173,True,0,True,True,True,True
sc2009,sc,ok,305471,305471,True,0,True,True,True,True
sc2202,sc,ok,129786,129786,True,0,True,True,True,True
sc2111,sc,ok,132718,132718,True,0,True,True,True,True
sc2211,sc,ok,133503,133503,True,0,True,True,True,True
sc2207,sc,ok,132960,132960,True,0,True,True,True,True
sc2305,sc,ok,133519,133519,True,0,True,True,True,True
sc2201,sc,ok,132399,132399,True,0,True,True,True,True
sc2301,sc,ok,132960,132960,True,0,True,True,True,True
sc2411,sc,ok,132960,132960,True,0,True,True,True,True
sc2110,sc,ok,132851,132851,True,0,True,True,True,True
sc2311,sc,ok,133699,133699,True,0,True,True,True,True
sc2408,sc,ok,133699,133699,True,0,True,True,True,True
sc2502,sc,ok,130664,130664,True,0,True,True,True,True
sc2108,sc,ok,133698,133698,True,0,True,True,True,True
sc2407,sc,ok,132733,132733,True,0,True,True,True,True
sc2404,sc,ok,132732,132732,True,0,True,True,True,True
sc2504,sc,ok,132402,132402,True,0,True,True,True,True
sc2307,sc,ok,133519,133519,True,0,True,True,True,True
sc2402,sc,ok,139999,139999,True,0,True,True,True,True
sc2602,sc,ok,94493,94493,True,0,True,True,True,True
sc2310,sc,ok,136086,136086,True,0,True,True,True,True
sc2109,sc,ok,379426,379426,True,0,True,True,True,True
sc2605,sc,ok,61615,61615,True,0,True,True,True,True
sc2208,sc,ok,132099,132099,True,0,True,True,True,True
sc2003,sc,ok,250552,250552,True,0,True,True,True,True
sc2304,sc,ok,133519,133519,True,0,True,True,True,True
sc2308,sc,ok,133519,133519,True,0,True,True,True,True
sc2501,sc,ok,132960,132960,True,0,True,True,True,True
sc2410,sc,ok,132249,132249,True,0,True,True,True,True
sc2511,sc,ok,128261,128261,True,0,True,True,True,True
sc2607,sc,ok,40476,40476,True,0,True,True,True,True
si2308,si,ok,35568,35568,True,0,True,True,True,True
sc2507,sc,ok,132961,132961,True,0,True,True,True,True
sc2204,sc,ok,133206,133206,True,0,True,True,True,True
sc2312,sc,ok,400891,400891,True,0,True,True,True,True
sc2604,sc,ok,73023,73023,True,0,True,True,True,True
si2310,si,ok,45311,45311,True,0,True,True,True,True
sc2012,sc,ok,337971,337971,True,0,True,True,True,True
sc2510,sc,ok,134410,134410,True,0,True,True,True,True
sc2405,sc,ok,133292,133292,True,0,True,True,True,True
sc2803,sc,ok,84762,84762,True,0,True,True,True,True
si2404,si,ok,36707,36707,True,0,True,True,True,True
si2405,si,ok,36023,36023,True,0,True,True,True,True
sc2709,sc,ok,148282,148282,True,0,True,True,True,True
sc2106,sc,ok,380004,380004,True,0,True,True,True,True
sc2505,sc,ok,132961,132961,True,0,True,True,True,True
sc2703,sc,ok,217164,217164,True,0,True,True,True,True
sc2206,sc,ok,378354,378354,True,0,True,True,True,True
si2311,si,ok,49248,49248,True,0,True,True,True,True
sc2203,sc,ok,379989,379989,True,0,True,True,True,True
sc2103,sc,ok,370095,370095,True,0,True,True,True,True
sc2706,sc,ok,183727,183727,True,0,True,True,True,True
sc2712,sc,ok,116522,116522,True,0,True,True,True,True
si2309,si,ok,40812,40812,True,0,True,True,True,True
sc2806,sc,ok,51325,51325,True,0,True,True,True,True
sc2401,sc,ok,136645,136645,True,0,True,True,True,True
si2403,si,ok,54746,54746,True,0,True,True,True,True
sc2612,sc,ok,248923,248923,True,0,True,True,True,True
si2507,si,ok,55176,55176,True,0,True,True,True,True
si2312,si,ok,54264,54264,True,0,True,True,True,True
si2407,si,ok,36480,36480,True,0,True,True,True,True
si2409,si,ok,36844,36844,True,0,True,True,True,True
si2411,si,ok,36935,36935,True,0,True,True,True,True
sc2006,sc,ok,268812,268812,True,0,True,True,True,True
si2412,si,ok,36936,36936,True,0,True,True,True,True
sc2508,sc,ok,132810,132810,True,0,True,True,True,True
si2401,si,ok,55002,55002,True,0,True,True,True,True
si2506,si,ok,54720,54720,True,0,True,True,True,True
si2501,si,ok,37392,37392,True,0,True,True,True,True
sc2601,sc,ok,104224,104224,True,0,True,True,True,True
si2504,si,ok,50388,50388,True,0,True,True,True,True
si2603,si,ok,32832,32832,True,0,True,True,True,True
si2402,si,ok,56453,56453,True,0,True,True,True,True
si2502,si,ok,41496,41496,True,0,True,True,True,True
sc2406,sc,ok,400331,400331,True,0,True,True,True,True
si2406,si,ok,35963,35963,True,0,True,True,True,True
si2410,si,ok,36160,36160,True,0,True,True,True,True
si2602,si,ok,36936,36936,True,0,True,True,True,True
sc2112,sc,ok,379038,379038,True,0,True,True,True,True
sc2212,sc,ok,378370,378370,True,0,True,True,True,True
sn1509,sn,ok,53954,53954,True,0,True,True,True,True
sc2309,sc,ok,400497,400497,True,0,True,True,True,True
sn1610,sn,ok,34897,34897,True,0,True,True,True,True
si2601,si,ok,41040,41040,True,0,True,True,True,True
sn1611,sn,ok,16652,16652,True,0,True,True,True,True
si2510,si,ok,54887,54887,True,0,True,True,True,True
sc2403,sc,ok,400739,400739,True,0,True,True,True,True
si2511,si,ok,50844,50844,True,0,True,True,True,True
sn1612,sn,ok,13557,13557,True,0,True,True,True,True
sn1608,sn,ok,44620,44620,True,0,True,True,True,True
si2605,si,ok,23256,23256,True,0,True,True,True,True
sc2303,sc,ok,386369,386369,True,0,True,True,True,True
sn1507,sn,ok,34497,34497,True,0,True,True,True,True
si2604,si,ok,28044,28044,True,0,True,True,True,True
sn1508,sn,ok,45104,45104,True,0,True,True,True,True
sn1606,sn,ok,70398,70398,True,0,True,True,True,True
si2503,si,ok,45600,45600,True,0,True,True,True,True
si2509,si,ok,54948,54948,True,0,True,True,True,True
si2606,si,ok,18924,18924,True,0,True,True,True,True
sc2606,sc,ok,316460,316460,True,0,True,True,True,True
sn1603,sn,ok,87841,87841,True,0,True,True,True,True
sc2503,sc,ok,399621,399621,True,0,True,True,True,True
sn1607,sn,ok,55452,55452,True,0,True,True,True,True
si2505,si,ok,55176,55176,True,0,True,True,True,True
sn1703,sn,ok,32015,32015,True,0,True,True,True,True
sn1512,sn,ok,78694,78694,True,0,True,True,True,True
sn1704,sn,ok,34699,34699,True,0,True,True,True,True
sn1511,sn,ok,69654,69654,True,0,True,True,True,True
sn1601,sn,ok,89635,89635,True,0,True,True,True,True
sn1707,sn,ok,63897,63897,True,0,True,True,True,True
sn1708,sn,ok,72956,72956,True,0,True,True,True,True
sc2306,sc,ok,400891,400891,True,0,True,True,True,True
sn1510,sn,ok,61018,61018,True,0,True,True,True,True
sn1605,sn,ok,112275,112275,True,0,True,True,True,True
sc2609,sc,ok,281574,281574,True,0,True,True,True,True
sn1712,sn,ok,109618,109618,True,0,True,True,True,True
si2408,si,ok,36707,36707,True,0,True,True,True,True
sn1701,sn,ok,72733,72733,True,0,True,True,True,True
sn1604,sn,ok,82219,82219,True,0,True,True,True,True
si2512,si,ok,45828,45828,True,0,True,True,True,True
sn1903,sn,ok,110315,110315,True,0,True,True,True,True
sn1609,sn,ok,110493,110493,True,0,True,True,True,True
sn1702,sn,ok,23770,23770,True,0,True,True,True,True
sn1602,sn,ok,85000,85000,True,0,True,True,True,True
si2508,si,ok,55085,55085,True,0,True,True,True,True
sc2412,sc,ok,399773,399773,True,0,True,True,True,True
sc2409,sc,ok,399772,399772,True,0,True,True,True,True
sc2506,sc,ok,399621,399621,True,0,True,True,True,True
sc2209,sc,ok,379929,379929,True,0,True,True,True,True
sn1711,sn,ok,99199,99199,True,0,True,True,True,True
sc2512,sc,ok,382775,382775,True,0,True,True,True,True
sc2603,sc,ok,351014,351014,True,0,True,True,True,True
sn1908,sn,ok,111228,111228,True,0,True,True,True,True
sn1811,sn,ok,111515,111515,True,0,True,True,True,True
sn1808,sn,ok,112408,112408,True,0,True,True,True,True
sn1902,sn,ok,110441,110441,True,0,True,True,True,True
sn1801,sn,ok,112928,112928,True,0,True,True,True,True
sn1805,sn,ok,112399,112399,True,0,True,True,True,True
sn1804,sn,ok,112471,112471,True,0,True,True,True,True
sn1907,sn,ok,110638,110638,True,0,True,True,True,True
sn1705,sn,ok,85423,85423,True,0,True,True,True,True
sn2003,sn,ok,104411,104411,True,0,True,True,True,True
sn1706,sn,ok,57120,57120,True,0,True,True,True,True
sn2102,sn,ok,99411,99411,True,0,True,True,True,True
sn2004,sn,ok,100121,100121,True,0,True,True,True,True
sn1806,sn,ok,113119,113119,True,0,True,True,True,True
sn2012,sn,ok,97107,97107,True,0,True,True,True,True
sn1803,sn,ok,112164,112164,True,0,True,True,True,True
sn1710,sn,ok,92522,92522,True,0,True,True,True,True
sn1807,sn,ok,111969,111969,True,0,True,True,True,True
sn1912,sn,ok,110181,110181,True,0,True,True,True,True
sn1812,sn,ok,108770,108770,True,0,True,True,True,True
sn2103,sn,ok,104581,104581,True,0,True,True,True,True
sn1809,sn,ok,113336,113336,True,0,True,True,True,True
sn1810,sn,ok,111121,111121,True,0,True,True,True,True
sn1911,sn,ok,111427,111427,True,0,True,True,True,True
sn1904,sn,ok,111259,111259,True,0,True,True,True,True
sn2006,sn,ok,97271,97271,True,0,True,True,True,True
sn2002,sn,ok,108194,108194,True,0,True,True,True,True
sn1909,sn,ok,111101,111101,True,0,True,True,True,True
sn1910,sn,ok,111731,111731,True,0,True,True,True,True
sn2011,sn,ok,97077,97077,True,0,True,True,True,True
sn2106,sn,ok,111810,111810,True,0,True,True,True,True
sn1901,sn,ok,112158,112158,True,0,True,True,True,True
sn2010,sn,ok,97454,97454,True,0,True,True,True,True
sn2108,sn,ok,112521,112521,True,0,True,True,True,True
sn1709,sn,ok,94650,94650,True,0,True,True,True,True
sn2008,sn,ok,97518,97518,True,0,True,True,True,True
sn2206,sn,ok,111811,111811,True,0,True,True,True,True
sn2204,sn,ok,111810,111810,True,0,True,True,True,True
sn2110,sn,ok,112279,112279,True,0,True,True,True,True
sc2509,sc,ok,399213,399213,True,0,True,True,True,True
sn2202,sn,ok,112508,112508,True,0,True,True,True,True
sn2205,sn,ok,111341,111341,True,0,True,True,True,True
sn2107,sn,ok,112928,112928,True,0,True,True,True,True
sn2001,sn,ok,112688,112688,True,0,True,True,True,True
sn1906,sn,ok,110365,110365,True,0,True,True,True,True
sn2111,sn,ok,111810,111810,True,0,True,True,True,True
sn2104,sn,ok,109687,109687,True,0,True,True,True,True
sn2208,sn,ok,111342,111342,True,0,True,True,True,True
sn2007,sn,ok,96847,96847,True,0,True,True,True,True
sn2009,sn,ok,97759,97759,True,0,True,True,True,True
sn1905,sn,ok,112218,112218,True,0,True,True,True,True
sn2105,sn,ok,112521,112521,True,0,True,True,True,True
sn2109,sn,ok,112990,112990,True,0,True,True,True,True
sn2005,sn,ok,97987,97987,True,0,True,True,True,True
sn2201,sn,ok,112280,112280,True,0,True,True,True,True
sn2401,sn,ok,112051,112051,True,0,True,True,True,True
sn1802,sn,ok,112813,112813,True,0,True,True,True,True
sn2203,sn,ok,112219,112219,True,0,True,True,True,True
sn2604,sn,ok,56964,56964,True,0,True,True,True,True
sn2211,sn,ok,112279,112279,True,0,True,True,True,True
sn2101,sn,ok,97820,97820,True,0,True,True,True,True
sn2301,sn,ok,111811,111811,True,0,True,True,True,True
sn2307,sn,ok,112279,112279,True,0,True,True,True,True
sn2112,sn,ok,112157,112157,True,0,True,True,True,True
sn2402,sn,ok,112989,112989,True,0,True,True,True,True
sn2209,sn,ok,111101,111101,True,0,True,True,True,True
sn2306,sn,ok,113458,113458,True,0,True,True,True,True
sn2312,sn,ok,112520,112520,True,0,True,True,True,True
sn2308,sn,ok,112279,112279,True,0,True,True,True,True
sn2302,sn,ok,112280,112280,True,0,True,True,True,True
sn2404,sn,ok,111114,111114,True,0,True,True,True,True
sn2407,sn,ok,111582,111582,True,0,True,True,True,True
sn2212,sn,ok,112280,112280,True,0,True,True,True,True
sn2304,sn,ok,112749,112749,True,0,True,True,True,True
sn2406,sn,ok,111341,111341,True,0,True,True,True,True
sn2605,sn,ok,48294,48294,True,0,True,True,True,True
sn2501,sn,ok,111810,111810,True,0,True,True,True,True
sn2601,sn,ok,83215,83215,True,0,True,True,True,True
sn2606,sn,ok,38686,38686,True,0,True,True,True,True
sn2403,sn,ok,112520,112520,True,0,True,True,True,True
sn2411,sn,ok,111810,111810,True,0,True,True,True,True
sn2311,sn,ok,112521,112521,True,0,True,True,True,True
sn2603,sn,ok,66103,66103,True,0,True,True,True,True
sn2405,sn,ok,112051,112051,True,0,True,True,True,True
sn2504,sn,ok,111811,111811,True,0,True,True,True,True
sn2510,sn,ok,112521,112521,True,0,True,True,True,True
sn2506,sn,ok,111342,111342,True,0,True,True,True,True
sn2303,sn,ok,112280,112280,True,0,True,True,True,True
sn2512,sn,ok,92823,92823,True,0,True,True,True,True
sn2310,sn,ok,112051,112051,True,0,True,True,True,True
sn2309,sn,ok,112989,112989,True,0,True,True,True,True
sn2408,sn,ok,112459,112459,True,0,True,True,True,True
sn2210,sn,ok,112219,112219,True,0,True,True,True,True
sn2508,sn,ok,111811,111811,True,0,True,True,True,True
sp2006,sp,ok,75516,75516,True,0,True,True,True,True
sn2507,sn,ok,111811,111811,True,0,True,True,True,True
sn2410,sn,ok,111341,111341,True,0,True,True,True,True
sp2002,sp,ok,82750,82750,True,0,True,True,True,True
sn2602,sn,ok,75483,75483,True,0,True,True,True,True
sp1912,sp,ok,83383,83383,True,0,True,True,True,True
sp2007,sp,ok,75304,75304,True,0,True,True,True,True
sp2012,sp,ok,76260,76260,True,0,True,True,True,True
sp1911,sp,ok,80925,80925,True,0,True,True,True,True
sn2409,sn,ok,111810,111810,True,0,True,True,True,True
sn2505,sn,ok,111811,111811,True,0,True,True,True,True
sp1906,sp,ok,45478,45478,True,0,True,True,True,True
sp1908,sp,ok,60029,60029,True,0,True,True,True,True
sp2003,sp,ok,80178,80178,True,0,True,True,True,True
sp2010,sp,ok,76185,76185,True,0,True,True,True,True
sn2412,sn,ok,111342,111342,True,0,True,True,True,True
sp2104,sp,ok,82750,82750,True,0,True,True,True,True
sp1907,sp,ok,52063,52063,True,0,True,True,True,True
sn2503,sn,ok,111341,111341,True,0,True,True,True,True
sn2502,sn,ok,110872,110872,True,0,True,True,True,True
sp2111,sp,ok,83610,83610,True,0,True,True,True,True
sp2110,sp,ok,83959,83959,True,0,True,True,True,True
sn2511,sn,ok,102672,102672,True,0,True,True,True,True
sp2208,sp,ok,83261,83261,True,0,True,True,True,True
sp2011,sp,ok,76109,76109,True,0,True,True,True,True
sp2106,sp,ok,83610,83610,True,0,True,True,True,True
sp2112,sp,ok,83808,83808,True,0,True,True,True,True
sn2509,sn,ok,111583,111583,True,0,True,True,True,True
sp1909,sp,ok,67845,67845,True,0,True,True,True,True
sp2101,sp,ok,76563,76563,True,0,True,True,True,True
sn2207,sn,ok,111811,111811,True,0,True,True,True,True
sp2009,sp,ok,76700,76700,True,0,True,True,True,True
sp2205,sp,ok,83262,83262,True,0,True,True,True,True
sp2005,sp,ok,76867,76867,True,0,True,True,True,True
sp2105,sp,ok,84081,84081,True,0,True,True,True,True
sp2303,sp,ok,83960,83960,True,0,True,True,True,True
sp2008,sp,ok,76230,76230,True,0,True,True,True,True
sp2108,sp,ok,84080,84080,True,0,True,True,True,True
sp2211,sp,ok,83960,83960,True,0,True,True,True,True
sp2204,sp,ok,83610,83610,True,0,True,True,True,True
sp2001,sp,ok,84218,84218,True,0,True,True,True,True
sn2305,sn,ok,112280,112280,True,0,True,True,True,True
sp2401,sp,ok,83732,83732,True,0,True,True,True,True
sp2201,sp,ok,83960,83960,True,0,True,True,True,True
sp2203,sp,ok,83959,83959,True,0,True,True,True,True
sp2403,sp,ok,84081,84081,True,0,True,True,True,True
sp2212,sp,ok,83960,83960,True,0,True,True,True,True
sp2207,sp,ok,83610,83610,True,0,True,True,True,True
sp2107,sp,ok,84430,84430,True,0,True,True,True,True
sp2311,sp,ok,84081,84081,True,0,True,True,True,True
sp2102,sp,ok,77333,77333,True,0,True,True,True,True
sp2310,sp,ok,83732,83732,True,0,True,True,True,True
sp2404,sp,ok,82912,82912,True,0,True,True,True,True
sp2004,sp,ok,78259,78259,True,0,True,True,True,True
sp1910,sp,ok,72624,72624,True,0,True,True,True,True
sp2309,sp,ok,84430,84430,True,0,True,True,True,True
sp2602,sp,ok,56403,56403,True,0,True,True,True,True
sp2603,sp,ok,49423,49423,True,0,True,True,True,True
sp2408,sp,ok,84081,84081,True,0,True,True,True,True
sp2601,sp,ok,62215,62215,True,0,True,True,True,True
sp2210,sp,ok,83960,83960,True,0,True,True,True,True
sp2402,sp,ok,84430,84430,True,0,True,True,True,True
sp2304,sp,ok,84308,84308,True,0,True,True,True,True
sp2109,sp,ok,84430,84430,True,0,True,True,True,True
sp2302,sp,ok,83959,83959,True,0,True,True,True,True
sp2506,sp,ok,83171,83171,True,0,True,True,True,True
sp2307,sp,ok,83959,83959,True,0,True,True,True,True
sp2512,sp,ok,69423,69423,True,0,True,True,True,True
sp2406,sp,ok,83262,83262,True,0,True,True,True,True
sp2209,sp,ok,83141,83141,True,0,True,True,True,True
sp2605,sp,ok,36054,36054,True,0,True,True,True,True
sp2206,sp,ok,83550,83550,True,0,True,True,True,True
ss2004,ss,ok,48605,48605,True,0,True,True,True,True
ss2003,ss,ok,43695,43695,True,0,True,True,True,True
sp2412,sp,ok,83262,83262,True,0,True,True,True,True
sp2308,sp,ok,83959,83959,True,0,True,True,True,True
sp2411,sp,ok,83611,83611,True,0,True,True,True,True
sp2301,sp,ok,83611,83611,True,0,True,True,True,True
sp2507,sp,ok,83611,83611,True,0,True,True,True,True
sp2312,sp,ok,84080,84080,True,0,True,True,True,True
sp2410,sp,ok,83262,83262,True,0,True,True,True,True
sp2305,sp,ok,83960,83960,True,0,True,True,True,True
sp2606,sp,ok,28846,28846,True,0,True,True,True,True
sp2505,sp,ok,83611,83611,True,0,True,True,True,True
sp2405,sp,ok,83732,83732,True,0,True,True,True,True
ss2008,ss,ok,84054,84054,True,0,True,True,True,True
sp2103,sp,ok,79981,79981,True,0,True,True,True,True
sp2409,sp,ok,83611,83611,True,0,True,True,True,True
sp2407,sp,ok,83292,83292,True,0,True,True,True,True
sp2306,sp,ok,84778,84778,True,0,True,True,True,True
sp2502,sp,ok,81713,81713,True,0,True,True,True,True
sp2508,sp,ok,83171,83171,True,0,True,True,True,True
sp2510,sp,ok,83853,83853,True,0,True,True,True,True
ss2005,ss,ok,55080,55080,True,0,True,True,True,True
ss2002,ss,ok,39409,39409,True,0,True,True,True,True
sp2501,sp,ok,83611,83611,True,0,True,True,True,True
sp2509,sp,ok,83034,83034,True,0,True,True,True,True
sp2202,sp,ok,84187,84187,True,0,True,True,True,True
sp2504,sp,ok,83611,83611,True,0,True,True,True,True
sp2511,sp,ok,76752,76752,True,0,True,True,True,True
ss2006,ss,ok,64807,64807,True,0,True,True,True,True
ss2105,ss,ok,112398,112398,True,0,True,True,True,True
ss2108,ss,ok,112261,112261,True,0,True,True,True,True
ss2101,ss,ok,97637,97637,True,0,True,True,True,True
ss2011,ss,ok,96593,96593,True,0,True,True,True,True
ss2104,ss,ok,109809,109809,True,0,True,True,True,True
ss2010,ss,ok,97440,97440,True,0,True,True,True,True
ss2012,ss,ok,96790,96790,True,0,True,True,True,True
ss2007,ss,ok,72993,72993,True,0,True,True,True,True
ss2109,ss,ok,112792,112792,True,0,True,True,True,True
sp2503,sp,ok,82913,82913,True,0,True,True,True,True
ss2110,ss,ok,112218,112218,True,0,True,True,True,True
ss2106,ss,ok,111810,111810,True,0,True,True,True,True
ss2112,ss,ok,111689,111689,True,0,True,True,True,True
ss2201,ss,ok,111884,111884,True,0,True,True,True,True
ss2404,ss,ok,110809,110809,True,0,True,True,True,True
ss2210,ss,ok,112218,112218,True,0,True,True,True,True
ss2302,ss,ok,112097,112097,True,0,True,True,True,True
ss2102,ss,ok,99350,99350,True,0,True,True,True,True
ss2209,ss,ok,110978,110978,True,0,True,True,True,True
ss2111,ss,ok,111597,111597,True,0,True,True,True,True
ss2206,ss,ok,111750,111750,True,0,True,True,True,True
ss2204,ss,ok,111811,111811,True,0,True,True,True,True
ss2202,ss,ok,112507,112507,True,0,True,True,True,True
ss2107,ss,ok,112989,112989,True,0,True,True,True,True
v1001,v,ok,2128,2128,True,0,True,True,True,True
ss2303,ss,ok,112280,112280,True,0,True,True,True,True
sp2604,sp,ok,42564,42564,True,0,True,True,True,True
ss2606,ss,ok,38686,38686,True,0,True,True,True,True
ss2409,ss,ok,111750,111750,True,0,True,True,True,True
ss2602,ss,ok,75483,75483,True,0,True,True,True,True
ss2009,ss,ok,94402,94402,True,0,True,True,True,True
ss2205,ss,ok,111281,111281,True,0,True,True,True,True
ss2402,ss,ok,112989,112989,True,0,True,True,True,True
ss2212,ss,ok,112219,112219,True,0,True,True,True,True
ss2503,ss,ok,111342,111342,True,0,True,True,True,True
v1003,v,ok,10017,10017,True,0,True,True,True,True
ss2309,ss,ok,112746,112746,True,0,True,True,True,True
ss2211,ss,ok,112279,112279,True,0,True,True,True,True
ss2308,ss,ok,111944,111944,True,0,True,True,True,True
ss2305,ss,ok,112280,112280,True,0,True,True,True,True
v1002,v,ok,6065,6065,True,0,True,True,True,True
ss2403,ss,ok,112460,112460,True,0,True,True,True,True
ss2203,ss,ok,112218,112218,True,0,True,True,True,True
v1006,v,ok,15880,15880,True,0,True,True,True,True
ss2507,ss,ok,111689,111689,True,0,True,True,True,True
ss2508,ss,ok,111628,111628,True,0,True,True,True,True
ss2306,ss,ok,113336,113336,True,0,True,True,True,True
ss2605,ss,ok,48294,48294,True,0,True,True,True,True
ss2604,ss,ok,56964,56964,True,0,True,True,True,True
ss2407,ss,ok,111385,111385,True,0,True,True,True,True
ss2301,ss,ok,111811,111811,True,0,True,True,True,True
ss2505,ss,ok,111750,111750,True,0,True,True,True,True
ss2304,ss,ok,112749,112749,True,0,True,True,True,True
ss2311,ss,ok,112171,112171,True,0,True,True,True,True
ss2504,ss,ok,111628,111628,True,0,True,True,True,True
ss2310,ss,ok,111930,111930,True,0,True,True,True,True
v1005,v,ok,19912,19912,True,0,True,True,True,True
ss2601,ss,ok,83215,83215,True,0,True,True,True,True
v1004,v,ok,10547,10547,True,0,True,True,True,True
v1102,v,ok,11438,11438,True,0,True,True,True,True
ss2207,ss,ok,111628,111628,True,0,True,True,True,True
ss2408,ss,ok,112338,112338,True,0,True,True,True,True
ss2511,ss,ok,102672,102672,True,0,True,True,True,True
ss2411,ss,ok,111750,111750,True,0,True,True,True,True
v1107,v,ok,13140,13140,True,0,True,True,True,True
ss2502,ss,ok,110158,110158,True,0,True,True,True,True
ss2603,ss,ok,66103,66103,True,0,True,True,True,True
ss2208,ss,ok,111219,111219,True,0,True,True,True,True
v1007,v,ok,14938,14938,True,0,True,True,True,True
v1108,v,ok,17974,17974,True,0,True,True,True,True
ss2510,ss,ok,112399,112399,True,0,True,True,True,True
ss2405,ss,ok,111991,111991,True,0,True,True,True,True
v1111,v,ok,10333,10333,True,0,True,True,True,True
ss2410,ss,ok,110976,110976,True,0,True,True,True,True
ss2512,ss,ok,92823,92823,True,0,True,True,True,True
v1112,v,ok,13319,13319,True,0,True,True,True,True
ss2509,ss,ok,111461,111461,True,0,True,True,True,True
v1008,v,ok,17466,17466,True,0,True,True,True,True
v1104,v,ok,15324,15324,True,0,True,True,True,True
v1207,v,ok,11600,11600,True,0,True,True,True,True
v1110,v,ok,13778,13778,True,0,True,True,True,True
v1011,v,ok,29302,29302,True,0,True,True,True,True
ss2506,ss,ok,111281,111281,True,0,True,True,True,True
v1206,v,ok,18393,18393,True,0,True,True,True,True
ss2312,ss,ok,112276,112276,True,0,True,True,True,True
v1211,v,ok,5682,5682,True,0,True,True,True,True
v1202,v,ok,13421,13421,True,0,True,True,True,True
v1212,v,ok,7915,7915,True,0,True,True,True,True
v1304,v,ok,20054,20054,True,0,True,True,True,True
v1303,v,ok,24097,24097,True,0,True,True,True,True
ss2307,ss,ok,112157,112157,True,0,True,True,True,True
ss2103,ss,ok,104459,104459,True,0,True,True,True,True
v1307,v,ok,29248,29248,True,0,True,True,True,True
v1105,v,ok,47350,47350,True,0,True,True,True,True
v1302,v,ok,15668,15668,True,0,True,True,True,True
v1009,v,ok,38892,38892,True,0,True,True,True,True
v1208,v,ok,19555,19555,True,0,True,True,True,True
v1308,v,ok,31250,31250,True,0,True,True,True,True
v1109,v,ok,52106,52106,True,0,True,True,True,True
v1210,v,ok,11563,11563,True,0,True,True,True,True
v1209,v,ok,53985,53985,True,0,True,True,True,True
v1010,v,ok,18208,18208,True,0,True,True,True,True
v1311,v,ok,44466,44466,True,0,True,True,True,True
v1404,v,ok,50948,50948,True,0,True,True,True,True
v1103,v,ok,27445,27445,True,0,True,True,True,True
v1406,v,ok,52620,52620,True,0,True,True,True,True
v1101,v,ok,46862,46862,True,0,True,True,True,True
v1503,v,ok,49656,49656,True,0,True,True,True,True
ss2406,ss,ok,111098,111098,True,0,True,True,True,True
v1204,v,ok,12895,12895,True,0,True,True,True,True
v1408,v,ok,52985,52985,True,0,True,True,True,True
v1511,v,ok,43760,43760,True,0,True,True,True,True
ss2412,ss,ok,111129,111129,True,0,True,True,True,True
v1403,v,ok,50417,50417,True,0,True,True,True,True
v1704,v,ok,18536,18536,True,0,True,True,True,True
v1502,v,ok,48472,48472,True,0,True,True,True,True
v1203,v,ok,10697,10697,True,0,True,True,True,True
v1301,v,ok,54388,54388,True,0,True,True,True,True
v1312,v,ok,47387,47387,True,0,True,True,True,True
v1401,v,ok,53791,53791,True,0,True,True,True,True
v1012,v,ok,27607,27607,True,0,True,True,True,True
v1508,v,ok,44550,44550,True,0,True,True,True,True
v1612,v,ok,5363,5363,True,0,True,True,True,True
v1506,v,ok,52515,52515,True,0,True,True,True,True
v1402,v,ok,52104,52104,True,0,True,True,True,True
v1410,v,ok,52424,52424,True,0,True,True,True,True
v1507,v,ok,52347,52347,True,0,True,True,True,True
v1610,v,ok,11505,11505,True,0,True,True,True,True
v1309,v,ok,52269,52269,True,0,True,True,True,True
v1611,v,ok,9102,9102,True,0,True,True,True,True
v1205,v,ok,53841,53841,True,0,True,True,True,True
v1412,v,ok,51373,51373,True,0,True,True,True,True
v1603,v,ok,43455,43455,True,0,True,True,True,True
v1706,v,ok,26401,26401,True,0,True,True,True,True
v1607,v,ok,26243,26243,True,0,True,True,True,True
ss2401,ss,ok,112052,112052,True,0,True,True,True,True
v1201,v,ok,49045,49045,True,0,True,True,True,True
v1510,v,ok,48122,48122,True,0,True,True,True,True
ss2501,ss,ok,111400,111400,True,0,True,True,True,True
v1411,v,ok,49808,49808,True,0,True,True,True,True
v1504,v,ok,48715,48715,True,0,True,True,True,True
v1606,v,ok,31341,31341,True,0,True,True,True,True
v1409,v,ok,53579,53579,True,0,True,True,True,True
v1306,v,ok,24371,24371,True,0,True,True,True,True
v1505,v,ok,55418,55418,True,0,True,True,True,True
v1702,v,ok,11746,11746,True,0,True,True,True,True
v1707,v,ok,32031,32031,True,0,True,True,True,True
v1602,v,ok,48075,48075,True,0,True,True,True,True
v1801,v,ok,55631,55631,True,0,True,True,True,True
v1405,v,ok,54734,54734,True,0,True,True,True,True
v1310,v,ok,40476,40476,True,0,True,True,True,True
v1710,v,ok,46420,46420,True,0,True,True,True,True
v1703,v,ok,16749,16749,True,0,True,True,True,True
v1512,v,ok,38926,38926,True,0,True,True,True,True
v1106,v,ok,22713,22713,True,0,True,True,True,True
v1608,v,ok,23519,23519,True,0,True,True,True,True
v1305,v,ok,54784,54784,True,0,True,True,True,True
v1605,v,ok,53927,53927,True,0,True,True,True,True
v1709,v,ok,55326,55326,True,0,True,True,True,True
v1509,v,ok,54962,54962,True,0,True,True,True,True
v1601,v,ok,54475,54475,True,0,True,True,True,True
v1804,v,ok,53101,53101,True,0,True,True,True,True
v1407,v,ok,54072,54072,True,0,True,True,True,True
v1604,v,ok,40324,40324,True,0,True,True,True,True
v1711,v,ok,50098,50098,True,0,True,True,True,True
v1807,v,ok,52756,52756,True,0,True,True,True,True
v1501,v,ok,55859,55859,True,0,True,True,True,True
v1810,v,ok,51663,51663,True,0,True,True,True,True
v1903,v,ok,53214,53214,True,0,True,True,True,True
v1904,v,ok,52682,52682,True,0,True,True,True,True
v1803,v,ok,53488,53488,True,0,True,True,True,True
v1902,v,ok,51668,51668,True,0,True,True,True,True
v1910,v,ok,68668,68668,True,0,True,True,True,True
v1808,v,ok,53579,53579,True,0,True,True,True,True
v1901,v,ok,55342,55342,True,0,True,True,True,True
v1811,v,ok,53336,53336,True,0,True,True,True,True
v1802,v,ok,53608,53608,True,0,True,True,True,True
v1906,v,ok,57380,57380,True,0,True,True,True,True
v1912,v,ok,69930,69930,True,0,True,True,True,True
v1812,v,ok,52392,52392,True,0,True,True,True,True
v1708,v,ok,36690,36690,True,0,True,True,True,True
v1701,v,ok,55352,55352,True,0,True,True,True,True
v1609,v,ok,55631,55631,True,0,True,True,True,True
v1705,v,ok,55175,55175,True,0,True,True,True,True
v1909,v,ok,68606,68606,True,0,True,True,True,True
v1806,v,ok,53761,53761,True,0,True,True,True,True
v2003,v,ok,75366,75366,True,0,True,True,True,True
v1911,v,ok,69836,69836,True,0,True,True,True,True
v1907,v,ok,60519,60519,True,0,True,True,True,True
v2010,v,ok,76896,76896,True,0,True,True,True,True
v2001,v,ok,78347,78347,True,0,True,True,True,True
v2008,v,ok,76304,76304,True,0,True,True,True,True
v2205,v,ok,82912,82912,True,0,True,True,True,True
v1908,v,ok,62437,62437,True,0,True,True,True,True
v1712,v,ok,52454,52454,True,0,True,True,True,True
v2107,v,ok,82941,82941,True,0,True,True,True,True
v2108,v,ok,81030,81030,True,0,True,True,True,True
v2012,v,ok,73163,73163,True,0,True,True,True,True
v2005,v,ok,76776,76776,True,0,True,True,True,True
v2206,v,ok,83459,83459,True,0,True,True,True,True
v2004,v,ok,76540,76540,True,0,True,True,True,True
v2011,v,ok,74330,74330,True,0,True,True,True,True
v2203,v,ok,83898,83898,True,0,True,True,True,True
v1905,v,ok,59368,59368,True,0,True,True,True,True
v2009,v,ok,76351,76351,True,0,True,True,True,True
v1805,v,ok,55632,55632,True,0,True,True,True,True
v2002,v,ok,74895,74895,True,0,True,True,True,True
v2112,v,ok,83746,83746,True,0,True,True,True,True
v2007,v,ok,76183,76183,True,0,True,True,True,True
v2303,v,ok,83807,83807,True,0,True,True,True,True
v2208,v,ok,83261,83261,True,0,True,True,True,True
v2210,v,ok,83959,83959,True,0,True,True,True,True
v2202,v,ok,83610,83610,True,0,True,True,True,True
v2111,v,ok,83610,83610,True,0,True,True,True,True
v2306,v,ok,84430,84430,True,0,True,True,True,True
v2006,v,ok,75044,75044,True,0,True,True,True,True
v2302,v,ok,82563,82563,True,0,True,True,True,True
v2401,v,ok,83732,83732,True,0,True,True,True,True
v2301,v,ok,83611,83611,True,0,True,True,True,True
v2110,v,ok,83519,83519,True,0,True,True,True,True
v2402,v,ok,85826,85826,True,0,True,True,True,True
v2101,v,ok,76700,76700,True,0,True,True,True,True
v2102,v,ok,79184,79184,True,0,True,True,True,True
v2304,v,ok,83959,83959,True,0,True,True,True,True
v2409,v,ok,83732,83732,True,0,True,True,True,True
v2312,v,ok,84081,84081,True,0,True,True,True,True
v2503,v,ok,82913,82913,True,0,True,True,True,True
v2104,v,ok,82628,82628,True,0,True,True,True,True
wr1003,wr,ok,10427,10427,True,0,True,True,True,True
v2105,v,ok,84081,84081,True,0,True,True,True,True
v2103,v,ok,79859,79859,True,0,True,True,True,True
wr1002,wr,ok,6004,6004,True,0,True,True,True,True
v2311,v,ok,84081,84081,True,0,True,True,True,True
v1809,v,ok,55403,55403,True,0,True,True,True,True
v2201,v,ok,83960,83960,True,0,True,True,True,True
v2605,v,ok,35356,35356,True,0,True,True,True,True
v2207,v,ok,83549,83549,True,0,True,True,True,True
v2212,v,ok,83898,83898,True,0,True,True,True,True
v2510,v,ok,83383,83383,True,0,True,True,True,True
v2109,v,ok,84369,84369,True,0,True,True,True,True
v2508,v,ok,83520,83520,True,0,True,True,True,True
v2408,v,ok,84081,84081,True,0,True,True,True,True
v2209,v,ok,83490,83490,True,0,True,True,True,True
wr1004,wr,ok,15504,15504,True,0,True,True,True,True
v2604,v,ok,42564,42564,True,0,True,True,True,True
v2308,v,ok,83899,83899,True,0,True,True,True,True
v2310,v,ok,83458,83458,True,0,True,True,True,True
v2204,v,ok,83959,83959,True,0,True,True,True,True
wr1006,wr,ok,24518,24518,True,0,True,True,True,True
v2606,v,ok,28846,28846,True,0,True,True,True,True
v2211,v,ok,83960,83960,True,0,True,True,True,True
wr1007,wr,ok,26904,26904,True,0,True,True,True,True
v2405,v,ok,83732,83732,True,0,True,True,True,True
v2403,v,ok,84081,84081,True,0,True,True,True,True
v2509,v,ok,83262,83262,True,0,True,True,True,True
v2410,v,ok,83262,83262,True,0,True,True,True,True
wr1008,wr,ok,32133,32133,True,0,True,True,True,True
v2305,v,ok,83960,83960,True,0,True,True,True,True
v2504,v,ok,82988,82988,True,0,True,True,True,True
wr1001,wr,ok,1914,1914,True,0,True,True,True,True
v2307,v,ok,83899,83899,True,0,True,True,True,True
wr1102,wr,ok,48715,48715,True,0,True,True,True,True
wr1108,wr,ok,50707,50707,True,0,True,True,True,True
wr1101,wr,ok,52075,52075,True,0,True,True,True,True
wr1005,wr,ok,20292,20292,True,0,True,True,True,True
v2502,v,ok,82215,82215,True,0,True,True,True,True
v2507,v,ok,83611,83611,True,0,True,True,True,True
wr1011,wr,ok,46071,46071,True,0,True,True,True,True
wr1012,wr,ok,49035,49035,True,0,True,True,True,True
v2412,v,ok,83262,83262,True,0,True,True,True,True
v2511,v,ok,77101,77101,True,0,True,True,True,True
v2106,v,ok,83792,83792,True,0,True,True,True,True
wr1104,wr,ok,48381,48381,True,0,True,True,True,True
wr1009,wr,ok,37407,37407,True,0,True,True,True,True
v2407,v,ok,83382,83382,True,0,True,True,True,True
wr1309,wr,ok,30279,30279,True,0,True,True,True,True
v2411,v,ok,83611,83611,True,0,True,True,True,True
wr1211,wr,ok,43555,43555,True,0,True,True,True,True
wr1204,wr,ok,29200,29200,True,0,True,True,True,True
v2506,v,ok,83262,83262,True,0,True,True,True,True
wr1112,wr,ok,42362,42362,True,0,True,True,True,True
wr1105,wr,ok,50752,50752,True,0,True,True,True,True
wr1208,wr,ok,29153,29153,True,0,True,True,True,True
wr1210,wr,ok,40870,40870,True,0,True,True,True,True
wr1308,wr,ok,43022,43022,True,0,True,True,True,True
wr1402,wr,ok,38747,38747,True,0,True,True,True,True
wr1106,wr,ok,50463,50463,True,0,True,True,True,True
wr1304,wr,ok,22361,22361,True,0,True,True,True,True
v2603,v,ok,49772,49772,True,0,True,True,True,True
wr1203,wr,ok,34091,34091,True,0,True,True,True,True
wr1109,wr,ok,49140,49140,True,0,True,True,True,True
wr1407,wr,ok,45441,45441,True,0,True,True,True,True
wr1110,wr,ok,52288,52288,True,0,True,True,True,True
v2404,v,ok,83382,83382,True,0,True,True,True,True
v2601,v,ok,62215,62215,True,0,True,True,True,True
wr1010,wr,ok,42043,42043,True,0,True,True,True,True
v2505,v,ok,83262,83262,True,0,True,True,True,True
wr1408,wr,ok,36811,36811,True,0,True,True,True,True
v2602,v,ok,56054,56054,True,0,True,True,True,True
wr1302,wr,ok,34174,34174,True,0,True,True,True,True
wr1209,wr,ok,35289,35289,True,0,True,True,True,True
wr1601,wr,ok,10281,10281,True,0,True,True,True,True
wr1103,wr,ok,50524,50524,True,0,True,True,True,True
v2309,v,ok,84081,84081,True,0,True,True,True,True
wr1107,wr,ok,45630,45630,True,0,True,True,True,True
wr1205,wr,ok,41440,41440,True,0,True,True,True,True
wr1303,wr,ok,32481,32481,True,0,True,True,True,True
wr1311,wr,ok,37665,37665,True,0,True,True,True,True
wr1307,wr,ok,18271,18271,True,0,True,True,True,True
wr1411,wr,ok,46827,46827,True,0,True,True,True,True
wr1508,wr,ok,15637,15637,True,0,True,True,True,True
wr1206,wr,ok,49196,49196,True,0,True,True,True,True
wr1111,wr,ok,49628,49628,True,0,True,True,True,True
wr1605,wr,ok,3049,3049,True,0,True,True,True,True
wr1507,wr,ok,19529,19529,True,0,True,True,True,True
wr1401,wr,ok,40247,40247,True,0,True,True,True,True
wr1604,wr,ok,6528,6528,True,0,True,True,True,True
wr1511,wr,ok,20873,20873,True,0,True,True,True,True
wr1207,wr,ok,31171,31171,True,0,True,True,True,True
wr1405,wr,ok,43696,43696,True,0,True,True,True,True
wr1201,wr,ok,45403,45403,True,0,True,True,True,True
wr1312,wr,ok,44648,44648,True,0,True,True,True,True
v2512,v,ok,69772,69772,True,0,True,True,True,True
wr1607,wr,ok,872,872,True,0,True,True,True,True
wr1504,wr,ok,34683,34683,True,0,True,True,True,True
wr1602,wr,ok,3987,3987,True,0,True,True,True,True
wr1509,wr,ok,11216,11216,True,0,True,True,True,True
wr1505,wr,ok,37798,37798,True,0,True,True,True,True
wr1310,wr,ok,36204,36204,True,0,True,True,True,True
wr1608,wr,ok,463,463,True,0,True,True,True,True
v2406,v,ok,83611,83611,True,0,True,True,True,True
wr1606,wr,ok,2365,2365,True,0,True,True,True,True
wr1609,wr,ok,1617,1617,True,0,True,True,True,True
wr1403,wr,ok,40326,40326,True,0,True,True,True,True
wr1404,wr,ok,45545,45545,True,0,True,True,True,True
wr1410,wr,ok,51235,51235,True,0,True,True,True,True
wr1305,wr,ok,45886,45886,True,0,True,True,True,True
wr1212,wr,ok,24122,24122,True,0,True,True,True,True
wr1202,wr,ok,40019,40019,True,0,True,True,True,True
v2501,v,ok,83611,83611,True,0,True,True,True,True
wr1503,wr,ok,30330,30330,True,0,True,True,True,True
wr1501,wr,ok,46706,46706,True,0,True,True,True,True
wr1708,wr,ok,3807,3807,True,0,True,True,True,True
wr1301,wr,ok,43018,43018,True,0,True,True,True,True
wr1306,wr,ok,17302,17302,True,0,True,True,True,True
wr1512,wr,ok,21456,21456,True,0,True,True,True,True
wr1603,wr,ok,2852,2852,True,0,True,True,True,True
wr1707,wr,ok,504,504,True,0,True,True,True,True
wr1709,wr,ok,8852,8852,True,0,True,True,True,True
wr1409,wr,ok,47186,47186,True,0,True,True,True,True
wr1706,wr,ok,2789,2789,True,0,True,True,True,True
wr1704,wr,ok,6,6,True,0,True,True,True,True
wr1610,wr,ok,1129,1129,True,0,True,True,True,True
wr1811,wr,ok,14820,14820,True,0,True,True,True,True
wr1612,wr,ok,247,247,True,0,True,True,True,True
wr1702,wr,ok,1123,1123,True,0,True,True,True,True
wr1806,wr,ok,13197,13197,True,0,True,True,True,True
wr1810,wr,ok,17161,17161,True,0,True,True,True,True
wr1611,wr,ok,1748,1748,True,0,True,True,True,True
wr1510,wr,ok,19467,19467,True,0,True,True,True,True
wr1804,wr,ok,9956,9956,True,0,True,True,True,True
wr1506,wr,ok,20424,20424,True,0,True,True,True,True
wr1807,wr,ok,14516,14516,True,0,True,True,True,True
wr1904,wr,ok,20351,20351,True,0,True,True,True,True
wr1412,wr,ok,44256,44256,True,0,True,True,True,True
wr1711,wr,ok,2787,2787,True,0,True,True,True,True
wr1808,wr,ok,16188,16188,True,0,True,True,True,True
wr1809,wr,ok,17298,17298,True,0,True,True,True,True
wr1703,wr,ok,255,255,True,0,True,True,True,True
wr1712,wr,ok,9985,9985,True,0,True,True,True,True
wr1902,wr,ok,22983,22983,True,0,True,True,True,True
wr1801,wr,ok,16348,16348,True,0,True,True,True,True
wr1908,wr,ok,20732,20732,True,0,True,True,True,True
wr1911,wr,ok,19684,19684,True,0,True,True,True,True
wr1710,wr,ok,9733,9733,True,0,True,True,True,True
wr1705,wr,ok,7433,7433,True,0,True,True,True,True
wr1502,wr,ok,42798,42798,True,0,True,True,True,True
wr1812,wr,ok,13543,13543,True,0,True,True,True,True
wr2003,wr,ok,29269,29269,True,0,True,True,True,True
wr2004,wr,ok,30641,30641,True,0,True,True,True,True
wr1802,wr,ok,7341,7341,True,0,True,True,True,True
wr1805,wr,ok,15286,15286,True,0,True,True,True,True
wr1406,wr,ok,42295,42295,True,0,True,True,True,True
wr1905,wr,ok,37893,37893,True,0,True,True,True,True
wr1701,wr,ok,1097,1097,True,0,True,True,True,True
wr1803,wr,ok,8299,8299,True,0,True,True,True,True
wr2007,wr,ok,25277,25277,True,0,True,True,True,True
wr1903,wr,ok,26525,26525,True,0,True,True,True,True
wr1901,wr,ok,25187,25187,True,0,True,True,True,True
wr2103,wr,ok,36403,36403,True,0,True,True,True,True
wr2001,wr,ok,31160,31160,True,0,True,True,True,True
wr2008,wr,ok,29412,29412,True,0,True,True,True,True
wr2009,wr,ok,38560,38560,True,0,True,True,True,True
wr1907,wr,ok,42985,42985,True,0,True,True,True,True
wr2005,wr,ok,36022,36022,True,0,True,True,True,True
wr2012,wr,ok,37071,37071,True,0,True,True,True,True
wr2108,wr,ok,33864,33864,True,0,True,True,True,True
wr2210,wr,ok,49960,49960,True,0,True,True,True,True
wr2107,wr,ok,36825,36825,True,0,True,True,True,True
wr1912,wr,ok,21341,21341,True,0,True,True,True,True
wr2011,wr,ok,34199,34199,True,0,True,True,True,True
wr2006,wr,ok,32813,32813,True,0,True,True,True,True
wr1910,wr,ok,39230,39230,True,0,True,True,True,True
wr2104,wr,ok,37924,37924,True,0,True,True,True,True
wr2010,wr,ok,45507,45507,True,0,True,True,True,True
wr2002,wr,ok,22950,22950,True,0,True,True,True,True
wr2301,wr,ok,46602,46602,True,0,True,True,True,True
wr2109,wr,ok,48510,48510,True,0,True,True,True,True
wr2205,wr,ok,52410,52410,True,0,True,True,True,True
wr2102,wr,ok,36250,36250,True,0,True,True,True,True
wr2309,wr,ok,54035,54035,True,0,True,True,True,True
wr2310,wr,ok,51097,51097,True,0,True,True,True,True
wr2105,wr,ok,44825,44825,True,0,True,True,True,True
wr2307,wr,ok,47666,47666,True,0,True,True,True,True
wr2211,wr,ok,50858,50858,True,0,True,True,True,True
wr2305,wr,ok,45813,45813,True,0,True,True,True,True
wr2101,wr,ok,39644,39644,True,0,True,True,True,True
wr1906,wr,ok,21888,21888,True,0,True,True,True,True
wr2404,wr,ok,50265,50265,True,0,True,True,True,True
wr2311,wr,ok,46692,46692,True,0,True,True,True,True
wr2106,wr,ok,45522,45522,True,0,True,True,True,True
wr2409,wr,ok,53547,53547,True,0,True,True,True,True
wr2406,wr,ok,47863,47863,True,0,True,True,True,True
wr2208,wr,ok,47724,47724,True,0,True,True,True,True
wr2312,wr,ok,49656,49656,True,0,True,True,True,True
wr2207,wr,ok,38668,38668,True,0,True,True,True,True
wr2110,wr,ok,50661,50661,True,0,True,True,True,True
wr2201,wr,ok,45478,45478,True,0,True,True,True,True
wr2203,wr,ok,44687,44687,True,0,True,True,True,True
wr2111,wr,ok,44684,44684,True,0,True,True,True,True
wr2503,wr,ok,49831,49831,True,0,True,True,True,True
wr2303,wr,ok,50981,50981,True,0,True,True,True,True
wr2410,wr,ok,53579,53579,True,0,True,True,True,True
wr2402,wr,ok,38453,38453,True,0,True,True,True,True
wr1909,wr,ok,33970,33970,True,0,True,True,True,True
wr2112,wr,ok,40744,40744,True,0,True,True,True,True
wr2405,wr,ok,54139,54139,True,0,True,True,True,True
y1007,y,ok,19240,19240,True,0,True,True,True,True
wr2401,wr,ok,51452,51452,True,0,True,True,True,True
wr2508,wr,ok,42833,42833,True,0,True,True,True,True
wr2412,wr,ok,47384,47384,True,0,True,True,True,True
y1003,y,ok,6241,6241,True,0,True,True,True,True
wr2308,wr,ok,49673,49673,True,0,True,True,True,True
wr2501,wr,ok,50306,50306,True,0,True,True,True,True
y1001,y,ok,835,835,True,0,True,True,True,True
wr2304,wr,ok,54081,54081,True,0,True,True,True,True
wr2209,wr,ok,41451,41451,True,0,True,True,True,True
wr2408,wr,ok,49122,49122,True,0,True,True,True,True
wr2204,wr,ok,47029,47029,True,0,True,True,True,True
wr2502,wr,ok,48766,48766,True,0,True,True,True,True
wr2601,wr,ok,38441,38441,True,0,True,True,True,True
y1005,y,ok,17997,17997,True,0,True,True,True,True
wr2302,wr,ok,40264,40264,True,0,True,True,True,True
wr2407,wr,ok,52298,52298,True,0,True,True,True,True
wr2202,wr,ok,45934,45934,True,0,True,True,True,True
wr2603,wr,ok,29412,29412,True,0,True,True,True,True
wr2512,wr,ok,44855,44855,True,0,True,True,True,True
wr2606,wr,ok,16370,16370,True,0,True,True,True,True
wr2206,wr,ok,51894,51894,True,0,True,True,True,True
wr2505,wr,ok,49141,49141,True,0,True,True,True,True
wr2506,wr,ok,51315,51315,True,0,True,True,True,True
wr2511,wr,ok,47469,47469,True,0,True,True,True,True
wr2212,wr,ok,45524,45524,True,0,True,True,True,True
y1109,y,ok,53451,53451,True,0,True,True,True,True
y1108,y,ok,33568,33568,True,0,True,True,True,True
wr2605,wr,ok,23712,23712,True,0,True,True,True,True
y1008,y,ok,20022,20022,True,0,True,True,True,True
wr2504,wr,ok,53486,53486,True,0,True,True,True,True
y1303,y,ok,39572,39572,True,0,True,True,True,True
wr2411,wr,ok,52247,52247,True,0,True,True,True,True
wr2403,wr,ok,49678,49678,True,0,True,True,True,True
y1111,y,ok,32432,32432,True,0,True,True,True,True
wr2510,wr,ok,47226,47226,True,0,True,True,True,True
y1212,y,ok,19026,19026,True,0,True,True,True,True
wr2507,wr,ok,54340,54340,True,0,True,True,True,True
y1312,y,ok,50869,50869,True,0,True,True,True,True
y1101,y,ok,53533,53533,True,0,True,True,True,True
y1208,y,ok,23957,23957,True,0,True,True,True,True
y1307,y,ok,38342,38342,True,0,True,True,True,True
y1203,y,ok,30505,30505,True,0,True,True,True,True
y1407,y,ok,54597,54597,True,0,True,True,True,True
wr2604,wr,ok,28044,28044,True,0,True,True,True,True
y1107,y,ok,29715,29715,True,0,True,True,True,True
wr2306,wr,ok,50403,50403,True,0,True,True,True,True
y1311,y,ok,48218,48218,True,0,True,True,True,True
y1612,y,ok,19914,19914,True,0,True,True,True,True
y1112,y,ok,36158,36158,True,0,True,True,True,True
y1408,y,ok,53776,53776,True,0,True,True,True,True
y1201,y,ok,53529,53529,True,0,True,True,True,True
y1011,y,ok,41742,41742,True,0,True,True,True,True
y1103,y,ok,36173,36173,True,0,True,True,True,True
y1411,y,ok,53746,53746,True,0,True,True,True,True
y1305,y,ok,55175,55175,True,0,True,True,True,True
y1401,y,ok,53457,53457,True,0,True,True,True,True
y1009,y,ok,37240,37240,True,0,True,True,True,True
y1205,y,ok,53428,53428,True,0,True,True,True,True
y1512,y,ok,80865,80865,True,0,True,True,True,True
y1301,y,ok,54488,54488,True,0,True,True,True,True
wr2602,wr,ok,36571,36571,True,0,True,True,True,True
y1012,y,ok,30098,30098,True,0,True,True,True,True
y1811,y,ok,80301,80301,True,0,True,True,True,True
y1403,y,ok,52105,52105,True,0,True,True,True,True
y1511,y,ok,78751,78751,True,0,True,True,True,True
y1712,y,ok,81759,81759,True,0,True,True,True,True
y1503,y,ok,57979,57979,True,0,True,True,True,True
wr2509,wr,ok,45599,45599,True,0,True,True,True,True
y1207,y,ok,27730,27730,True,0,True,True,True,True
y1908,y,ok,81317,81317,True,0,True,True,True,True
y1607,y,ok,47182,47182,True,0,True,True,True,True
y1508,y,ok,70276,70276,True,0,True,True,True,True
y1309,y,ok,54484,54484,True,0,True,True,True,True
y1105,y,ok,52531,52531,True,0,True,True,True,True
y1507,y,ok,66792,66792,True,0,True,True,True,True
y1807,y,ok,81804,81804,True,0,True,True,True,True
y1601,y,ok,82582,82582,True,0,True,True,True,True
y1209,y,ok,53443,53443,True,0,True,True,True,True
y1705,y,ok,83489,83489,True,0,True,True,True,True
y1701,y,ok,83899,83899,True,0,True,True,True,True
y1405,y,ok,55403,55403,True,0,True,True,True,True
y1409,y,ok,55404,55404,True,0,True,True,True,True
y1211,y,ok,15566,15566,True,0,True,True,True,True
y1501,y,ok,56841,56841,True,0,True,True,True,True
y1605,y,ok,82125,82125,True,0,True,True,True,True
y1611,y,ok,28138,28138,True,0,True,True,True,True
y1412,y,ok,53746,53746,True,0,True,True,True,True
y1703,y,ok,33643,33643,True,0,True,True,True,True
y1308,y,ok,41748,41748,True,0,True,True,True,True
y1905,y,ok,84369,84369,True,0,True,True,True,True
y2003,y,ok,78414,78414,True,0,True,True,True,True
y1707,y,ok,56244,56244,True,0,True,True,True,True
y1608,y,ok,39806,39806,True,0,True,True,True,True
y1803,y,ok,82563,82563,True,0,True,True,True,True
y1505,y,ok,66158,66158,True,0,True,True,True,True
y1907,y,ok,79025,79025,True,0,True,True,True,True
y1603,y,ok,70334,70334,True,0,True,True,True,True
y1812,y,ok,80558,80558,True,0,True,True,True,True
y1711,y,ok,77465,77465,True,0,True,True,True,True
y2007,y,ok,73513,73513,True,0,True,True,True,True
y1708,y,ok,57421,57421,True,0,True,True,True,True
y1801,y,ok,84309,84309,True,0,True,True,True,True
y1912,y,ok,82075,82075,True,0,True,True,True,True
y2005,y,ok,76320,76320,True,0,True,True,True,True
y2001,y,ok,83747,83747,True,0,True,True,True,True
y1809,y,ok,84779,84779,True,0,True,True,True,True
y1609,y,ok,83551,83551,True,0,True,True,True,True
y1901,y,ok,83838,83838,True,0,True,True,True,True
y1808,y,ok,80922,80922,True,0,True,True,True,True
y1909,y,ok,83429,83429,True,0,True,True,True,True
y1911,y,ok,80363,80363,True,0,True,True,True,True
zn1002,zn,ok,6156,6156,True,0,True,True,True,True
y2401,y,ok,83215,83215,True,0,True,True,True,True
y1903,y,ok,80712,80712,True,0,True,True,True,True
zn1001,zn,ok,2280,2280,True,0,True,True,True,True
y2201,y,ok,83960,83960,True,0,True,True,True,True
y1509,y,ok,76110,76110,True,0,True,True,True,True
y2011,y,ok,74120,74120,True,0,True,True,True,True
y1709,y,ok,83837,83837,True,0,True,True,True,True
y2012,y,ok,75255,75255,True,0,True,True,True,True
y2107,y,ok,84430,84430,True,0,True,True,True,True
y2112,y,ok,80727,80727,True,0,True,True,True,True
zn1005,zn,ok,20292,20292,True,0,True,True,True,True
y2008,y,ok,73843,73843,True,0,True,True,True,True
y2212,y,ok,83215,83215,True,0,True,True,True,True
zn1006,zn,ok,24852,24852,True,0,True,True,True,True
y2603,y,ok,49772,49772,True,0,True,True,True,True
zn1004,zn,ok,15504,15504,True,0,True,True,True,True
y2505,y,ok,83520,83520,True,0,True,True,True,True
y2207,y,ok,83611,83611,True,0,True,True,True,True
y2409,y,ok,83580,83580,True,0,True,True,True,True
y2109,y,ok,84430,84430,True,0,True,True,True,True
y2312,y,ok,82850,82850,True,0,True,True,True,True
y2205,y,ok,83110,83110,True,0,True,True,True,True
y2009,y,ok,76260,76260,True,0,True,True,True,True
zn1103,zn,ok,54872,54872,True,0,True,True,True,True
y2605,y,ok,35356,35356,True,0,True,True,True,True
zn1003,zn,ok,10488,10488,True,0,True,True,True,True
zn1007,zn,ok,29412,29412,True,0,True,True,True,True
y2203,y,ok,81379,81379,True,0,True,True,True,True
y2111,y,ok,82761,82761,True,0,True,True,True,True
y2101,y,ok,76335,76335,True,0,True,True,True,True
y2403,y,ok,83473,83473,True,0,True,True,True,True
y2311,y,ok,83868,83868,True,0,True,True,True,True
y2309,y,ok,83944,83944,True,0,True,True,True,True
y2305,y,ok,83960,83960,True,0,True,True,True,True
y2601,y,ok,62215,62215,True,0,True,True,True,True
y2303,y,ok,83960,83960,True,0,True,True,True,True
y2108,y,ok,81074,81074,True,0,True,True,True,True
y2501,y,ok,83611,83611,True,0,True,True,True,True
y2411,y,ok,82276,82276,True,0,True,True,True,True
y2105,y,ok,84081,84081,True,0,True,True,True,True
y2511,y,ok,77101,77101,True,0,True,True,True,True
zn1009,zn,ok,39444,39444,True,0,True,True,True,True
y2507,y,ok,82973,82973,True,0,True,True,True,True
y2508,y,ok,83201,83201,True,0,True,True,True,True
zn1010,zn,ok,42636,42636,True,0,True,True,True,True
zn1112,zn,ok,54948,54948,True,0,True,True,True,True
y2209,y,ok,83186,83186,True,0,True,True,True,True
zn1008,zn,ok,34428,34428,True,0,True,True,True,True
y2208,y,ok,80712,80712,True,0,True,True,True,True
y1805,y,ok,84430,84430,True,0,True,True,True,True
zn1201,zn,ok,54264,54264,True,0,True,True,True,True
y2405,y,ok,83641,83641,True,0,True,True,True,True
zn1102,zn,ok,53504,53504,True,0,True,True,True,True
y2211,y,ok,83960,83960,True,0,True,True,True,True
y2408,y,ok,82821,82821,True,0,True,True,True,True
y2512,y,ok,69423,69423,True,0,True,True,True,True
zn1101,zn,ok,55100,55100,True,0,True,True,True,True
y2103,y,ok,77716,77716,True,0,True,True,True,True
y2308,y,ok,83778,83778,True,0,True,True,True,True
y2407,y,ok,82016,82016,True,0,True,True,True,True
y2503,y,ok,82852,82852,True,0,True,True,True,True
y2509,y,ok,83171,83171,True,0,True,True,True,True
zn1212,zn,ok,55631,55631,True,0,True,True,True,True
zn1108,zn,ok,54948,54948,True,0,True,True,True,True
zn1204,zn,ok,54720,54720,True,0,True,True,True,True
zn1106,zn,ok,54644,54644,True,0,True,True,True,True
zn1104,zn,ok,54796,54796,True,0,True,True,True,True
zn1207,zn,ok,54643,54643,True,0,True,True,True,True
zn1211,zn,ok,55631,55631,True,0,True,True,True,True
zn1105,zn,ok,54644,54644,True,0,True,True,True,True
zn1301,zn,ok,55403,55403,True,0,True,True,True,True
zn1203,zn,ok,55176,55176,True,0,True,True,True,True
zn1303,zn,ok,55175,55175,True,0,True,True,True,True
zn1311,zn,ok,54264,54264,True,0,True,True,True,True
zn1110,zn,ok,54948,54948,True,0,True,True,True,True
zn1011,zn,ok,47348,47348,True,0,True,True,True,True
y2412,y,ok,83186,83186,True,0,True,True,True,True
zn1111,zn,ok,54948,54948,True,0,True,True,True,True
zn1012,zn,ok,52364,52364,True,0,True,True,True,True
zn1302,zn,ok,55631,55631,True,0,True,True,True,True
zn1107,zn,ok,55328,55328,True,0,True,True,True,True
zn1310,zn,ok,54264,54264,True,0,True,True,True,True
zn1205,zn,ok,54491,54491,True,0,True,True,True,True
zn1210,zn,ok,55175,55175,True,0,True,True,True,True
zn1202,zn,ok,54872,54872,True,0,True,True,True,True
zn1206,zn,ok,54947,54947,True,0,True,True,True,True
y2301,y,ok,83185,83185,True,0,True,True,True,True
y2307,y,ok,83732,83732,True,0,True,True,True,True
zn1307,zn,ok,54492,54492,True,0,True,True,True,True
zn1208,zn,ok,55008,55008,True,0,True,True,True,True
zn1209,zn,ok,55631,55631,True,0,True,True,True,True
zn1305,zn,ok,55176,55176,True,0,True,True,True,True
zn1509,zn,ok,112748,112748,True,0,True,True,True,True
zn1109,zn,ok,54568,54568,True,0,True,True,True,True
zn1403,zn,ok,67310,67310,True,0,True,True,True,True
zn1309,zn,ok,54492,54492,True,0,True,True,True,True
zn1412,zn,ok,111785,111785,True,0,True,True,True,True
zn1306,zn,ok,54492,54492,True,0,True,True,True,True
zn1304,zn,ok,55176,55176,True,0,True,True,True,True
zn1405,zn,ok,76985,76985,True,0,True,True,True,True
zn1406,zn,ok,81972,81972,True,0,True,True,True,True
zn1507,zn,ok,113095,113095,True,0,True,True,True,True
zn1407,zn,ok,87383,87383,True,0,True,True,True,True
zn1411,zn,ok,107131,107131,True,0,True,True,True,True
zn1401,zn,ok,58454,58454,True,0,True,True,True,True
zn1312,zn,ok,54035,54035,True,0,True,True,True,True
zn1506,zn,ok,113275,113275,True,0,True,True,True,True
zn1408,zn,ok,92986,92986,True,0,True,True,True,True
zn1501,zn,ok,112566,112566,True,0,True,True,True,True
zn1601,zn,ok,112735,112735,True,0,True,True,True,True
zn1410,zn,ok,101589,101589,True,0,True,True,True,True
zn1308,zn,ok,54720,54720,True,0,True,True,True,True
zn1409,zn,ok,97110,97110,True,0,True,True,True,True
zn1504,zn,ok,112687,112687,True,0,True,True,True,True
zn1605,zn,ok,112976,112976,True,0,True,True,True,True
zn1610,zn,ok,106192,106192,True,0,True,True,True,True
zn1402,zn,ok,62444,62444,True,0,True,True,True,True
zn1608,zn,ok,111496,111496,True,0,True,True,True,True
zn1607,zn,ok,112254,112254,True,0,True,True,True,True
zn1705,zn,ok,106528,106528,True,0,True,True,True,True
zn1703,zn,ok,96363,96363,True,0,True,True,True,True
zn1606,zn,ok,112266,112266,True,0,True,True,True,True
zn1704,zn,ok,99244,99244,True,0,True,True,True,True
zn1710,zn,ok,112416,112416,True,0,True,True,True,True
zn1511,zn,ok,112039,112039,True,0,True,True,True,True
zn1702,zn,ok,94566,94566,True,0,True,True,True,True
zn1609,zn,ok,113432,113432,True,0,True,True,True,True
zn1801,zn,ok,112990,112990,True,0,True,True,True,True
zn1612,zn,ok,102931,102931,True,0,True,True,True,True
zn1505,zn,ok,113035,113035,True,0,True,True,True,True
zn1908,zn,ok,112280,112280,True,0,True,True,True,True
zn1512,zn,ok,112446,112446,True,0,True,True,True,True
zn1707,zn,ok,106258,106258,True,0,True,True,True,True
zn1602,zn,ok,110150,110150,True,0,True,True,True,True
zn1712,zn,ok,113459,113459,True,0,True,True,True,True
zn1903,zn,ok,112219,112219,True,0,True,True,True,True
zn1503,zn,ok,111991,111991,True,0,True,True,True,True
zn1508,zn,ok,113217,113217,True,0,True,True,True,True
zn1902,zn,ok,111570,111570,True,0,True,True,True,True
zn1905,zn,ok,112219,112219,True,0,True,True,True,True
zn1604,zn,ok,113445,113445,True,0,True,True,True,True
zn1808,zn,ok,113459,113459,True,0,True,True,True,True
zn1907,zn,ok,111811,111811,True,0,True,True,True,True
zn1909,zn,ok,111101,111101,True,0,True,True,True,True
zn1806,zn,ok,114169,114169,True,0,True,True,True,True
zn1904,zn,ok,112218,112218,True,0,True,True,True,True
zn1611,zn,ok,102962,102962,True,0,True,True,True,True
zn1603,zn,ok,112916,112916,True,0,True,True,True,True
zn2010,zn,ok,97759,97759,True,0,True,True,True,True
zn1901,zn,ok,112279,112279,True,0,True,True,True,True
zn1404,zn,ok,72178,72178,True,0,True,True,True,True
zn1510,zn,ok,112507,112507,True,0,True,True,True,True
zn1502,zn,ok,112989,112989,True,0,True,True,True,True
zn1809,zn,ok,113459,113459,True,0,True,True,True,True
zn1804,zn,ok,112989,112989,True,0,True,True,True,True
zn1708,zn,ok,106175,106175,True,0,True,True,True,True
zn2004,zn,ok,100699,100699,True,0,True,True,True,True
zn2002,zn,ok,109870,109870,True,0,True,True,True,True
zn1802,zn,ok,114168,114168,True,0,True,True,True,True
zn1812,zn,ok,112688,112688,True,0,True,True,True,True
zn2005,zn,ok,98048,98048,True,0,True,True,True,True
zn1701,zn,ok,108636,108636,True,0,True,True,True,True
zn2003,zn,ok,105050,105050,True,0,True,True,True,True
zn2104,zn,ok,109870,109870,True,0,True,True,True,True
zn1911,zn,ok,112219,112219,True,0,True,True,True,True
zn1811,zn,ok,112749,112749,True,0,True,True,True,True
zn2008,zn,ok,97579,97579,True,0,True,True,True,True
zn1910,zn,ok,112280,112280,True,0,True,True,True,True
zn2001,zn,ok,112688,112688,True,0,True,True,True,True
zn1807,zn,ok,112990,112990,True,0,True,True,True,True
zn2012,zn,ok,97351,97351,True,0,True,True,True,True
zn2102,zn,ok,99533,99533,True,0,True,True,True,True
zn2007,zn,ok,97518,97518,True,0,True,True,True,True
zn2105,zn,ok,112520,112520,True,0,True,True,True,True
zn2006,zn,ok,97820,97820,True,0,True,True,True,True
zn1912,zn,ok,111750,111750,True,0,True,True,True,True
zn2009,zn,ok,97820,97820,True,0,True,True,True,True
zn2106,zn,ok,111811,111811,True,0,True,True,True,True
zn2103,zn,ok,104581,104581,True,0,True,True,True,True
zn1810,zn,ok,112280,112280,True,0,True,True,True,True
zn1906,zn,ok,111570,111570,True,0,True,True,True,True
zn1803,zn,ok,113459,113459,True,0,True,True,True,True
zn1805,zn,ok,112990,112990,True,0,True,True,True,True
zn2101,zn,ok,97759,97759,True,0,True,True,True,True
zn2011,zn,ok,97351,97351,True,0,True,True,True,True
zn2201,zn,ok,112280,112280,True,0,True,True,True,True
zn1706,zn,ok,110637,110637,True,0,True,True,True,True
zn2108,zn,ok,112521,112521,True,0,True,True,True,True
zn2207,zn,ok,111811,111811,True,0,True,True,True,True
zn2206,zn,ok,111811,111811,True,0,True,True,True,True
zn2209,zn,ok,111101,111101,True,0,True,True,True,True
zn1711,zn,ok,113435,113435,True,0,True,True,True,True
zn1709,zn,ok,111216,111216,True,0,True,True,True,True
zn2305,zn,ok,112280,112280,True,0,True,True,True,True
zn2112,zn,ok,112280,112280,True,0,True,True,True,True
zn2304,zn,ok,112749,112749,True,0,True,True,True,True
zn2308,zn,ok,112280,112280,True,0,True,True,True,True
zn2111,zn,ok,111811,111811,True,0,True,True,True,True
zn2107,zn,ok,112990,112990,True,0,True,True,True,True
zn2109,zn,ok,112990,112990,True,0,True,True,True,True
zn2210,zn,ok,112280,112280,True,0,True,True,True,True
zn2301,zn,ok,111811,111811,True,0,True,True,True,True
zn2203,zn,ok,112280,112280,True,0,True,True,True,True
zn2306,zn,ok,113459,113459,True,0,True,True,True,True
zn2404,zn,ok,111114,111114,True,0,True,True,True,True
zn2110,zn,ok,112280,112280,True,0,True,True,True,True
zn2403,zn,ok,112460,112460,True,0,True,True,True,True
zn2211,zn,ok,112279,112279,True,0,True,True,True,True
zn2604,zn,ok,56964,56964,True,0,True,True,True,True
zn2409,zn,ok,111811,111811,True,0,True,True,True,True
zn2606,zn,ok,38686,38686,True,0,True,True,True,True
zn2303,zn,ok,112280,112280,True,0,True,True,True,True
zn2202,zn,ok,112508,112508,True,0,True,True,True,True
zn2205,zn,ok,111342,111342,True,0,True,True,True,True
zn2406,zn,ok,111281,111281,True,0,True,True,True,True
zn2212,zn,ok,112279,112279,True,0,True,True,True,True
zn2312,zn,ok,112398,112398,True,0,True,True,True,True
zn2410,zn,ok,111342,111342,True,0,True,True,True,True
zn2309,zn,ok,112990,112990,True,0,True,True,True,True
zn2601,zn,ok,83215,83215,True,0,True,True,True,True
zn2512,zn,ok,92823,92823,True,0,True,True,True,True
zn2401,zn,ok,112052,112052,True,0,True,True,True,True
zn2302,zn,ok,112279,112279,True,0,True,True,True,True
zn2405,zn,ok,112051,112051,True,0,True,True,True,True
zn2511,zn,ok,102672,102672,True,0,True,True,True,True
zn2307,zn,ok,112280,112280,True,0,True,True,True,True
zn2507,zn,ok,111811,111811,True,0,True,True,True,True
zn2208,zn,ok,111341,111341,True,0,True,True,True,True
zn2603,zn,ok,66103,66103,True,0,True,True,True,True
zn2502,zn,ok,110872,110872,True,0,True,True,True,True
zn2311,zn,ok,112521,112521,True,0,True,True,True,True
zn2505,zn,ok,111811,111811,True,0,True,True,True,True
zn2504,zn,ok,111811,111811,True,0,True,True,True,True
zn2407,zn,ok,111583,111583,True,0,True,True,True,True
zn2412,zn,ok,111342,111342,True,0,True,True,True,True
zn2508,zn,ok,111689,111689,True,0,True,True,True,True
zn2310,zn,ok,112052,112052,True,0,True,True,True,True
zn2204,zn,ok,111811,111811,True,0,True,True,True,True
zn2602,zn,ok,75483,75483,True,0,True,True,True,True
zn2506,zn,ok,111342,111342,True,0,True,True,True,True
zn2408,zn,ok,112521,112521,True,0,True,True,True,True
zn2402,zn,ok,112867,112867,True,0,True,True,True,True
zn2510,zn,ok,112521,112521,True,0,True,True,True,True
zn2605,zn,ok,48294,48294,True,0,True,True,True,True
zn2411,zn,ok,111811,111811,True,0,True,True,True,True
zn2509,zn,ok,111583,111583,True,0,True,True,True,True
zn2501,zn,ok,111811,111811,True,0,True,True,True,True
zn2503,zn,ok,111281,111281,True,0,True,True,True,True
