contract,comd,status,batch_count,tick_count,bars_match,bar_diff,times_match,volume_match,turnover_match,open_interest_match
ss2308,ss,ok,23159,23159,True,0,True,True,True,True
TF1803,TF,ok,9724,9724,True,0,True,True,True,True
IC1903,IC,ok,7850,7850,True,0,True,True,True,True
FG2601,FG,ok,13015,13015,True,0,True,True,True,True
v2108,v,ok,16950,16950,True,0,True,True,True,True
SM2405,SM,ok,11616,11616,True,0,True,True,True,True
RO1201,RO,ok,283,283,True,0,True,True,True,True
ec2406,ec,ok,9744,9744,True,0,True,True,True,True
v1610,v,ok,2421,2421,True,0,True,True,True,True
SF1801,SF,ok,11671,11671,True,0,True,True,True,True
zn1205,zn,ok,11471,11471,True,0,True,True,True,True
wr1701,wr,ok,230,230,True,0,True,True,True,True
fb1606,fb,ok,811,811,True,0,True,True,True,True
rb1108,rb,ok,11357,11357,True,0,True,True,True,True
zn1806,zn,ok,23617,23617,True,0,True,True,True,True
pb1508,pb,ok,23359,23359,True,0,True,True,True,True
b2204,b,ok,17258,17258,True,0,True,True,True,True
p1507,p,ok,15998,15998,True,0,True,True,True,True
AP2303,AP,ok,11651,11651,True,0,True,True,True,True
PF2210,PF,ok,17417,17417,True,0,True,True,True,True
bu2108,bu,ok,9084,9084,True,0,True,True,True,True
c1103,c,ok,10572,10572,True,0,True,True,True,True
OI2109,OI,ok,17662,17662,True,0,True,True,True,True
T1703,T,ok,9536,9536,True,0,True,True,True,True
jm1309,jm,ok,5549,5549,True,0,True,True,True,True
sn2206,sn,ok,23131,23131,True,0,True,True,True,True
rb1703,rb,ok,17468,17468,True,0,True,True,True,True
rr2101,rr,ok,15373,15373,True,0,True,True,True,True
RS1808,RS,ok,10582,10582,True,0,True,True,True,True
UR2306,UR,ok,11712,11712,True,0,True,True,True,True
nr2501,nr,ok,17464,17464,True,0,True,True,True,True
al2002,al,ok,22738,22738,True,0,True,True,True,True
al2601,al,ok,17215,17215,True,0,True,True,True,True
CY2302,CY,ok,16593,16593,True,0,True,True,True,True
p1902,p,ok,16880,16880,True,0,True,True,True,True
TL2312,TL,ok,8187,8187,True,0,True,True,True,True
AP2011,AP,ok,11474,11474,True,0,True,True,True,True
rb1008,rb,ok,7248,7248,True,0,True,True,True,True
WH2201,WH,ok,9327,9327,True,0,True,True,True,True
MA2605,MA,ok,7396,7396,True,0,True,True,True,True
sp2112,sp,ok,17532,17532,True,0,True,True,True,True
eg2105,eg,ok,17563,17563,True,0,True,True,True,True
cu1802,cu,ok,23617,23617,True,0,True,True,True,True
MA2407,MA,ok,17443,17443,True,0,True,True,True,True
pg2601,pg,ok,12650,12650,True,0,True,True,True,True
pb1703,pb,ok,13917,13917,True,0,True,True,True,True
m1908,m,ok,16973,16973,True,0,True,True,True,True
fu2509,fu,ok,17418,17418,True,0,True,True,True,True
bb1606,bb,ok,428,428,True,0,True,True,True,True
rb1312,rb,ok,11274,11274,True,0,True,True,True,True
lu2404,lu,ok,17442,17442,True,0,True,True,True,True
l2208,l,ok,17418,17418,True,0,True,True,True,True
TA2307,TA,ok,17564,17564,True,0,True,True,True,True
OI1607,OI,ok,17238,17238,True,0,True,True,True,True
m1403,m,ok,11343,11343,True,0,True,True,True,True
TA1305,TA,ok,1328,1328,True,0,True,True,True,True
jm2002,jm,ok,16771,16771,True,0,True,True,True,True
SA2008,SA,ok,10537,10537,True,0,True,True,True,True
RI1307,RI,ok,9021,9021,True,0,True,True,True,True
jm2204,jm,ok,16845,16845,True,0,True,True,True,True
bb1706,bb,ok,227,227,True,0,True,True,True,True
c1901,c,ok,11625,11625,True,0,True,True,True,True
p1006,p,ok,3237,3237,True,0,True,True,True,True
ru2103,ru,ok,16683,16683,True,0,True,True,True,True
WH2407,WH,ok,4577,4577,True,0,True,True,True,True
v1804,v,ok,11179,11179,True,0,True,True,True,True
wr2201,wr,ok,9574,9574,True,0,True,True,True,True
RI1311,RI,ok,9517,9517,True,0,True,True,True,True
si2504,si,ok,10608,10608,True,0,True,True,True,True
RI1711,RI,ok,5785,5785,True,0,True,True,True,True
TA1102,TA,ok,922,922,True,0,True,True,True,True
lc2507,lc,ok,11615,11615,True,0,True,True,True,True
ME1407,ME,ok,6214,6214,True,0,True,True,True,True
rb1601,rb,ok,17660,17660,True,0,True,True,True,True
TA1711,TA,ok,17617,17617,True,0,True,True,True,True
y2307,y,ok,17516,17516,True,0,True,True,True,True
rr2001,rr,ok,7068,7068,True,0,True,True,True,True
a2005,a,ok,16080,16080,True,0,True,True,True,True
v1008,v,ok,3672,3672,True,0,True,True,True,True
ru1003,ru,ok,2208,2208,True,0,True,True,True,True
zn2408,zn,ok,23277,23277,True,0,True,True,True,True
TF2209,TF,ok,9671,9671,True,0,True,True,True,True
PR2601,PR,ok,13014,13014,True,0,True,True,True,True
ZC1902,ZC,ok,17216,17216,True,0,True,True,True,True
PK2312,PK,ok,11638,11638,True,0,True,True,True,True
i2506,i,ok,17163,17163,True,0,True,True,True,True
bu2201,bu,ok,8877,8877,True,0,True,True,True,True
ss2510,ss,ok,23252,23252,True,0,True,True,True,True
IH1801,IH,ok,2200,2200,True,0,True,True,True,True
ZC2403,ZC,ok,10485,10485,True,0,True,True,True,True
ni1805,ni,ok,23350,23350,True,0,True,True,True,True
PX2603,PX,ok,10412,10412,True,0,True,True,True,True
b1011,b,ok,3330,3330,True,0,True,True,True,True
si2606,si,ok,3984,3984,True,0,True,True,True,True
cu1204,cu,ok,11501,11501,True,0,True,True,True,True
RI2605,RI,ok,1920,1920,True,0,True,True,True,True
SR1201,SR,ok,736,736,True,0,True,True,True,True
SH2508,SH,ok,17248,17248,True,0,True,True,True,True
IC2002,IC,ok,1900,1900,True,0,True,True,True,True
b2409,b,ok,17175,17175,True,0,True,True,True,True
IF1812,IF,ok,8300,8300,True,0,True,True,True,True
PM1311,PM,ok,8597,8597,True,0,True,True,True,True
CF1305,CF,ok,1148,1148,True,0,True,True,True,True
TA2405,TA,ok,17516,17516,True,0,True,True,True,True
FG1311,FG,ok,4857,4857,True,0,True,True,True,True
fu1603,fu,ok,9001,9001,True,0,True,True,True,True
IH2303,IH,ok,8150,8150,True,0,True,True,True,True
cu2312,cu,ok,23277,23277,True,0,True,True,True,True
c1803,c,ok,11439,11439,True,0,True,True,True,True
cs1705,cs,ok,11602,11602,True,0,True,True,True,True
wr1609,wr,ok,340,340,True,0,True,True,True,True
a2301,a,ok,17302,17302,True,0,True,True,True,True
SM2105,SM,ok,11663,11663,True,0,True,True,True,True
j1606,j,ok,14240,14240,True,0,True,True,True,True
T1606,T,ok,9167,9167,True,0,True,True,True,True
fu1211,fu,ok,10297,10297,True,0,True,True,True,True
ru1203,ru,ok,11584,11584,True,0,True,True,True,True
PR2511,PR,ok,16129,16129,True,0,True,True,True,True
AP2005,AP,ok,11699,11699,True,0,True,True,True,True
TF2512,TF,ok,7632,7632,True,0,True,True,True,True
fu1610,fu,ok,2928,2928,True,0,True,True,True,True
pp1904,pp,ok,11182,11182,True,0,True,True,True,True
eg2210,eg,ok,17491,17491,True,0,True,True,True,True
fu1903,fu,ok,10285,10285,True,0,True,True,True,True
hc2401,hc,ok,17516,17516,True,0,True,True,True,True
LR2207,LR,ok,5604,5604,True,0,True,True,True,True
fu2308,fu,ok,17450,17450,True,0,True,True,True,True
PK2201,PK,ok,11113,11113,True,0,True,True,True,True
TA2507,TA,ok,17491,17491,True,0,True,True,True,True
ZC2302,ZC,ok,3801,3801,True,0,True,True,True,True
hc1904,hc,ok,17435,17435,True,0,True,True,True,True
sc2602,sc,ok,19445,19445,True,0,True,True,True,True
jd2402,jd,ok,11632,11632,True,0,True,True,True,True
wr2202,wr,ok,9670,9670,True,0,True,True,True,True
MA2108,MA,ok,17556,17556,True,0,True,True,True,True
TF2112,TF,ok,9671,9671,True,0,True,True,True,True
jm1408,jm,ok,11183,11183,True,0,True,True,True,True
pb2407,pb,ok,23083,23083,True,0,True,True,True,True
hc2102,hc,ok,16193,16193,True,0,True,True,True,True
CY2210,CY,ok,16390,16390,True,0,True,True,True,True
CY2003,CY,ok,10679,10679,True,0,True,True,True,True
FG1907,FG,ok,16938,16938,True,0,True,True,True,True
rr2509,rr,ok,17109,17109,True,0,True,True,True,True
sn2402,sn,ok,23373,23373,True,0,True,True,True,True
RI1801,RI,ok,10229,10229,True,0,True,True,True,True
ag1310,ag,ok,15569,15569,True,0,True,True,True,True
ru1503,ru,ok,12839,12839,True,0,True,True,True,True
CY2110,CY,ok,10739,10739,True,0,True,True,True,True
ni2108,ni,ok,23277,23277,True,0,True,True,True,True
PK2211,PK,ok,11581,11581,True,0,True,True,True,True
IM2209,IM,ok,2000,2000,True,0,True,True,True,True
pb1606,pb,ok,22145,22145,True,0,True,True,True,True
bb1506,bb,ok,7760,7760,True,0,True,True,True,True
CJ2209,CJ,ok,11616,11616,True,0,True,True,True,True
p2601,p,ok,13015,13015,True,0,True,True,True,True
v1505,v,ok,11666,11666,True,0,True,True,True,True
pb1709,pb,ok,21427,21427,True,0,True,True,True,True
fu2111,fu,ok,17357,17357,True,0,True,True,True,True
l1201,l,ok,10781,10781,True,0,True,True,True,True
m2011,m,ok,15918,15918,True,0,True,True,True,True
SH2605,SH,ok,7396,7396,True,0,True,True,True,True
rb1807,rb,ok,17435,17435,True,0,True,True,True,True
lu2605,lu,ok,8101,8101,True,0,True,True,True,True
SR1901,SR,ok,26638,26638,True,0,True,True,True,True
m2108,m,ok,17141,17141,True,0,True,True,True,True
SR1705,SR,ok,26345,26345,True,0,True,True,True,True
lu2202,lu,ok,17071,17071,True,0,True,True,True,True
pb1911,pb,ok,23216,23216,True,0,True,True,True,True
TA1704,TA,ok,17636,17636,True,0,True,True,True,True
ag2305,ag,ok,27476,27476,True,0,True,True,True,True
WH2105,WH,ok,11222,11222,True,0,True,True,True,True
wr2206,wr,ok,10926,10926,True,0,True,True,True,True
c2001,c,ok,16170,16170,True,0,True,True,True,True
fb2602,fb,ok,7775,7775,True,0,True,True,True,True
jd1709,jd,ok,11926,11926,True,0,True,True,True,True
bb1906,bb,ok,119,119,True,0,True,True,True,True
bb2110,bb,ok,818,818,True,0,True,True,True,True
pp1411,pp,ok,7869,7869,True,0,True,True,True,True
c2503,c,ok,17418,17418,True,0,True,True,True,True
eg2502,eg,ok,16578,16578,True,0,True,True,True,True
b1705,b,ok,4749,4749,True,0,True,True,True,True
jm2203,jm,ok,17233,17233,True,0,True,True,True,True
TC1503,TC,ok,5120,5120,True,0,True,True,True,True
rr2104,rr,ok,16734,16734,True,0,True,True,True,True
eb2311,eb,ok,17337,17337,True,0,True,True,True,True
fu1206,fu,ok,11266,11266,True,0,True,True,True,True
MA1810,MA,ok,17117,17117,True,0,True,True,True,True
sc2003,sc,ok,51580,51580,True,0,True,True,True,True
IC1612,IC,ok,8249,8249,True,0,True,True,True,True
JR1803,JR,ok,5368,5368,True,0,True,True,True,True
l1708,l,ok,7946,7946,True,0,True,True,True,True
RM2401,RM,ok,17516,17516,True,0,True,True,True,True
jm1705,jm,ok,17004,17004,True,0,True,True,True,True
rb1709,rb,ok,17407,17407,True,0,True,True,True,True
TA2103,TA,ok,16715,16715,True,0,True,True,True,True
c1503,c,ok,11135,11135,True,0,True,True,True,True
y2601,y,ok,13015,13015,True,0,True,True,True,True
au2306,au,ok,30121,30121,True,0,True,True,True,True
ni2103,ni,ok,21649,21649,True,0,True,True,True,True
cu1709,cu,ok,23176,23176,True,0,True,True,True,True
hc1905,hc,ok,17551,17551,True,0,True,True,True,True
v2501,v,ok,17491,17491,True,0,True,True,True,True
SF2303,SF,ok,11664,11664,True,0,True,True,True,True
OI1807,OI,ok,17073,17073,True,0,True,True,True,True
ss2504,ss,ok,23095,23095,True,0,True,True,True,True
a2111,a,ok,17446,17446,True,0,True,True,True,True
TA2412,TA,ok,17417,17417,True,0,True,True,True,True
sp2302,sp,ok,17563,17563,True,0,True,True,True,True
zn1604,zn,ok,23469,23469,True,0,True,True,True,True
SR2103,SR,ok,16715,16715,True,0,True,True,True,True
WT1101,WT,ok,96,96,True,0,True,True,True,True
l1004,l,ok,1891,1891,True,0,True,True,True,True
ag2504,ag,ok,27361,27361,True,0,True,True,True,True
cs2203,cs,ok,17363,17363,True,0,True,True,True,True
l1206,l,ok,7304,7304,True,0,True,True,True,True
WH1609,WH,ok,11643,11643,True,0,True,True,True,True
c1105,c,ok,11394,11394,True,0,True,True,True,True
a2409,a,ok,17324,17324,True,0,True,True,True,True
ni2205,ni,ok,22925,22925,True,0,True,True,True,True
fu1612,fu,ok,2079,2079,True,0,True,True,True,True
lg2601,lg,ok,8381,8381,True,0,True,True,True,True
eg2508,eg,ok,16455,16455,True,0,True,True,True,True
jd2105,jd,ok,11568,11568,True,0,True,True,True,True
T2403,T,ok,9512,9512,True,0,True,True,True,True
IF1208,IF,ok,2200,2200,True,0,True,True,True,True
bb2411,bb,ok,142,142,True,0,True,True,True,True
j2405,j,ok,17249,17249,True,0,True,True,True,True
y1707,y,ok,11769,11769,True,0,True,True,True,True
a1201,a,ok,17350,17350,True,0,True,True,True,True
lc2408,lc,ok,11664,11664,True,0,True,True,True,True
MA2306,MA,ok,17649,17649,True,0,True,True,True,True
RI2207,RI,ok,7129,7129,True,0,True,True,True,True
eg2512,eg,ok,13939,13939,True,0,True,True,True,True
RI1603,RI,ok,7108,7108,True,0,True,True,True,True
p2201,p,ok,17564,17564,True,0,True,True,True,True
SM1904,SM,ok,10938,10938,True,0,True,True,True,True
l2411,l,ok,17424,17424,True,0,True,True,True,True
p1608,p,ok,9526,9526,True,0,True,True,True,True
IF1101,IF,ok,2200,2200,True,0,True,True,True,True
FG2302,FG,ok,17271,17271,True,0,True,True,True,True
ag1809,ag,ok,27742,27742,True,0,True,True,True,True
fu1111,fu,ok,11542,11542,True,0,True,True,True,True
ag1805,ag,ok,27483,27483,True,0,True,True,True,True
MA2502,MA,ok,17169,17169,True,0,True,True,True,True
ru1006,ru,ok,5232,5232,True,0,True,True,True,True
au1109,au,ok,11373,11373,True,0,True,True,True,True
eg2302,eg,ok,17563,17563,True,0,True,True,True,True
fb1903,fb,ok,3338,3338,True,0,True,True,True,True
a1307,a,ok,12308,12308,True,0,True,True,True,True
sn1610,sn,ok,7235,7235,True,0,True,True,True,True
IM2301,IM,ok,2200,2200,True,0,True,True,True,True
cu1010,cu,ok,8976,8976,True,0,True,True,True,True
IF2105,IF,ok,2050,2050,True,0,True,True,True,True
hc2505,hc,ok,17491,17491,True,0,True,True,True,True
sn2311,sn,ok,23277,23277,True,0,True,True,True,True
zn2507,zn,ok,23131,23131,True,0,True,True,True,True
jd2309,jd,ok,11603,11603,True,0,True,True,True,True
SM1508,SM,ok,6886,6886,True,0,True,True,True,True
ec2602,ec,ok,7584,7584,True,0,True,True,True,True
al1103,al,ok,11552,11552,True,0,True,True,True,True
fu1912,fu,ok,17334,17334,True,0,True,True,True,True
cu2511,cu,ok,21240,21240,True,0,True,True,True,True
PM2411,PM,ok,4580,4580,True,0,True,True,True,True
pp2105,pp,ok,17589,17589,True,0,True,True,True,True
b2406,b,ok,17090,17090,True,0,True,True,True,True
PM2001,PM,ok,6460,6460,True,0,True,True,True,True
IF2502,IF,ok,1900,1900,True,0,True,True,True,True
cu1002,cu,ok,1296,1296,True,0,True,True,True,True
ER1107,ER,ok,428,428,True,0,True,True,True,True
c2305,c,ok,17519,17519,True,0,True,True,True,True
ni2105,ni,ok,23277,23277,True,0,True,True,True,True
pp2506,pp,ok,17418,17418,True,0,True,True,True,True
ag1703,ag,ok,19629,19629,True,0,True,True,True,True
zn1702,zn,ok,19586,19586,True,0,True,True,True,True
pg2312,pg,ok,17443,17443,True,0,True,True,True,True
j2202,j,ok,16772,16772,True,0,True,True,True,True
ag2009,ag,ok,23396,23396,True,0,True,True,True,True
m1107,m,ok,10925,10925,True,0,True,True,True,True
v1608,v,ok,4951,4951,True,0,True,True,True,True
m1001,m,ok,246,246,True,0,True,True,True,True
fb1504,fb,ok,6996,6996,True,0,True,True,True,True
br2512,br,ok,14450,14450,True,0,True,True,True,True
i2311,i,ok,17534,17534,True,0,True,True,True,True
l1405,l,ok,11663,11663,True,0,True,True,True,True
j1901,j,ok,17535,17535,True,0,True,True,True,True
RM2311,RM,ok,17560,17560,True,0,True,True,True,True
ss2407,ss,ok,23043,23043,True,0,True,True,True,True
cs1805,cs,ok,11629,11629,True,0,True,True,True,True
SM2411,SM,ok,11616,11616,True,0,True,True,True,True
wr1501,wr,ok,9830,9830,True,0,True,True,True,True
au1803,au,ok,6302,6302,True,0,True,True,True,True
cu2003,cu,ok,21758,21758,True,0,True,True,True,True
al2305,al,ok,23228,23228,True,0,True,True,True,True
i2307,i,ok,17436,17436,True,0,True,True,True,True
b2205,b,ok,17126,17126,True,0,True,True,True,True
TA2308,TA,ok,17564,17564,True,0,True,True,True,True
i2401,i,ok,17484,17484,True,0,True,True,True,True
ag1308,ag,ok,13463,13463,True,0,True,True,True,True
FG2410,FG,ok,17418,17418,True,0,True,True,True,True
a1005,a,ok,3984,3984,True,0,True,True,True,True
ag2405,ag,ok,27415,27415,True,0,True,True,True,True
ni1510,ni,ok,12716,12716,True,0,True,True,True,True
pp2202,pp,ok,17477,17477,True,0,True,True,True,True
SA2504,SA,ok,17418,17418,True,0,True,True,True,True
UR2509,UR,ok,11568,11568,True,0,True,True,True,True
MA2505,MA,ok,17491,17491,True,0,True,True,True,True
ru1408,ru,ok,11712,11712,True,0,True,True,True,True
ZC2508,ZC,ok,5454,5454,True,0,True,True,True,True
l1407,l,ok,11535,11535,True,0,True,True,True,True
pg2207,pg,ok,16759,16759,True,0,True,True,True,True
UR2006,UR,ok,9424,9424,True,0,True,True,True,True
SR1105,SR,ok,845,845,True,0,True,True,True,True
zn1811,zn,ok,23325,23325,True,0,True,True,True,True
rr2409,rr,ok,16846,16846,True,0,True,True,True,True
zn2205,zn,ok,23034,23034,True,0,True,True,True,True
eb2601,eb,ok,12650,12650,True,0,True,True,True,True
pb1905,pb,ok,23216,23216,True,0,True,True,True,True
wr1509,wr,ok,2360,2360,True,0,True,True,True,True
nr2106,nr,ok,17490,17490,True,0,True,True,True,True
j2101,j,ok,16032,16032,True,0,True,True,True,True
ER1105,ER,ok,222,222,True,0,True,True,True,True
bc2409,bc,ok,22994,22994,True,0,True,True,True,True
zn1708,zn,ok,21971,21971,True,0,True,True,True,True
fb1601,fb,ok,10965,10965,True,0,True,True,True,True
pb2204,pb,ok,23131,23131,True,0,True,True,True,True
i2411,i,ok,17167,17167,True,0,True,True,True,True
hc2208,hc,ok,17360,17360,True,0,True,True,True,True
SF2501,SF,ok,11616,11616,True,0,True,True,True,True
wr1402,wr,ok,8154,8154,True,0,True,True,True,True
SF2504,SF,ok,11568,11568,True,0,True,True,True,True
LR1503,LR,ok,6192,6192,True,0,True,True,True,True
sn1905,sn,ok,23215,23215,True,0,True,True,True,True
a1811,a,ok,26326,26326,True,0,True,True,True,True
bb1608,bb,ok,154,154,True,0,True,True,True,True
j2111,j,ok,17408,17408,True,0,True,True,True,True
rb1506,rb,ok,14421,14421,True,0,True,True,True,True
IH1802,IH,ok,2150,2150,True,0,True,True,True,True
sp2412,sp,ok,17418,17418,True,0,True,True,True,True
SM2301,SM,ok,11616,11616,True,0,True,True,True,True
fu1406,fu,ok,7881,7881,True,0,True,True,True,True
ni2309,ni,ok,23374,23374,True,0,True,True,True,True
au2006,au,ok,25822,25822,True,0,True,True,True,True
IH2403,IH,ok,7850,7850,True,0,True,True,True,True
IF1005,IF,ok,1250,1250,True,0,True,True,True,True
cs2509,cs,ok,17376,17376,True,0,True,True,True,True
wr2109,wr,ok,10212,10212,True,0,True,True,True,True
SA2305,SA,ok,17564,17564,True,0,True,True,True,True
j2006,j,ok,15368,15368,True,0,True,True,True,True
SF1812,SF,ok,9532,9532,True,0,True,True,True,True
m1607,m,ok,16175,16175,True,0,True,True,True,True
pb2209,pb,ok,22973,22973,True,0,True,True,True,True
MA2102,MA,ok,16376,16376,True,0,True,True,True,True
fu1510,fu,ok,10587,10587,True,0,True,True,True,True
SA2211,SA,ok,17522,17522,True,0,True,True,True,True
IC1805,IC,ok,2050,2050,True,0,True,True,True,True
ER1305,ER,ok,224,224,True,0,True,True,True,True
RS1909,RS,ok,11276,11276,True,0,True,True,True,True
au2003,au,ok,4430,4430,True,0,True,True,True,True
l1901,l,ok,11650,11650,True,0,True,True,True,True
pb1806,pb,ok,23593,23593,True,0,True,True,True,True
SM2203,SM,ok,11663,11663,True,0,True,True,True,True
hc1907,hc,ok,17320,17320,True,0,True,True,True,True
b1912,b,ok,16555,16555,True,0,True,True,True,True
RI1803,RI,ok,6770,6770,True,0,True,True,True,True
AP1912,AP,ok,11602,11602,True,0,True,True,True,True
IM2505,IM,ok,1800,1800,True,0,True,True,True,True
TA2409,TA,ok,17516,17516,True,0,True,True,True,True
hc1408,hc,ok,4234,4234,True,0,True,True,True,True
j1411,j,ok,13083,13083,True,0,True,True,True,True
TA2204,TA,ok,17564,17564,True,0,True,True,True,True
pp1712,pp,ok,11612,11612,True,0,True,True,True,True
wr2210,wr,ok,10516,10516,True,0,True,True,True,True
PX2406,PX,ok,12703,12703,True,0,True,True,True,True
p2311,p,ok,17560,17560,True,0,True,True,True,True
PF2603,PF,ok,10412,10412,True,0,True,True,True,True
cu2411,cu,ok,23131,23131,True,0,True,True,True,True
TF1912,TF,ok,9922,9922,True,0,True,True,True,True
fb2101,fb,ok,7465,7465,True,0,True,True,True,True
j1409,j,ok,12888,12888,True,0,True,True,True,True
rr2103,rr,ok,16163,16163,True,0,True,True,True,True
zn1006,zn,ok,5232,5232,True,0,True,True,True,True
PM2011,PM,ok,10112,10112,True,0,True,True,True,True
IH2407,IH,ok,2200,2200,True,0,True,True,True,True
a1501,a,ok,18046,18046,True,0,True,True,True,True
AP2211,AP,ok,11638,11638,True,0,True,True,True,True
SF2105,SF,ok,11663,11663,True,0,True,True,True,True
MA2504,MA,ok,17391,17391,True,0,True,True,True,True
ru1404,ru,ok,11568,11568,True,0,True,True,True,True
JR2601,JR,ok,3402,3402,True,0,True,True,True,True
rr2408,rr,ok,17114,17114,True,0,True,True,True,True
sn1803,sn,ok,23206,23206,True,0,True,True,True,True
l2310,l,ok,17451,17451,True,0,True,True,True,True
nr2009,nr,ok,15926,15926,True,0,True,True,True,True
IF1709,IF,ok,8000,8000,True,0,True,True,True,True
TL2506,TL,ok,9300,9300,True,0,True,True,True,True
v1708,v,ok,7724,7724,True,0,True,True,True,True
SF2008,SF,ok,10866,10866,True,0,True,True,True,True
eb2511,eb,ok,15545,15545,True,0,True,True,True,True
v1910,v,ok,14397,14397,True,0,True,True,True,True
rb1710,rb,ok,17661,17661,True,0,True,True,True,True
a1907,a,ok,25564,25564,True,0,True,True,True,True
cs2301,cs,ok,17427,17427,True,0,True,True,True,True
IM2404,IM,ok,2100,2100,True,0,True,True,True,True
m1009,m,ok,7984,7984,True,0,True,True,True,True
v2601,v,ok,13015,13015,True,0,True,True,True,True
zn2306,zn,ok,23471,23471,True,0,True,True,True,True
FG2511,FG,ok,16129,16129,True,0,True,True,True,True
ER1209,ER,ok,560,560,True,0,True,True,True,True
zn1306,zn,ok,11472,11472,True,0,True,True,True,True
a1703,a,ok,19869,19869,True,0,True,True,True,True
bu2007,bu,ok,6884,6884,True,0,True,True,True,True
zn2103,zn,ok,21661,21661,True,0,True,True,True,True
IF1801,IF,ok,2200,2200,True,0,True,True,True,True
jd2107,jd,ok,11519,11519,True,0,True,True,True,True
ag1504,ag,ok,27590,27590,True,0,True,True,True,True
IF2101,IF,ok,1950,1950,True,0,True,True,True,True
l1601,l,ok,11577,11577,True,0,True,True,True,True
sn2012,sn,ok,20143,20143,True,0,True,True,True,True
pp2606,pp,ok,6034,6034,True,0,True,True,True,True
i1407,i,ok,8163,8163,True,0,True,True,True,True
PF2205,PF,ok,17373,17373,True,0,True,True,True,True
pp2012,pp,ok,15945,15945,True,0,True,True,True,True
b1803,b,ok,14247,14247,True,0,True,True,True,True
jm1307,jm,ok,3171,3171,True,0,True,True,True,True
rr2407,rr,ok,16813,16813,True,0,True,True,True,True
b1507,b,ok,11227,11227,True,0,True,True,True,True
l1505,l,ok,11670,11670,True,0,True,True,True,True
sp2003,sp,ok,16782,16782,True,0,True,True,True,True
RS2007,RS,ok,10082,10082,True,0,True,True,True,True
i1510,i,ok,15722,15722,True,0,True,True,True,True
IM2503,IM,ok,8050,8050,True,0,True,True,True,True
CF1511,CF,ok,15325,15325,True,0,True,True,True,True
pb1712,pb,ok,23458,23458,True,0,True,True,True,True
ss2204,ss,ok,23131,23131,True,0,True,True,True,True
sc2208,sc,ok,27184,27184,True,0,True,True,True,True
p2308,p,ok,17353,17353,True,0,True,True,True,True
ag1810,ag,ok,27370,27370,True,0,True,True,True,True
pb2510,pb,ok,23277,23277,True,0,True,True,True,True
ni1603,ni,ok,21886,21886,True,0,True,True,True,True
eg2206,eg,ok,17478,17478,True,0,True,True,True,True
si2308,si,ok,7488,7488,True,0,True,True,True,True
rb1004,rb,ok,3264,3264,True,0,True,True,True,True
y2312,y,ok,17330,17330,True,0,True,True,True,True
a1111,a,ok,12460,12460,True,0,True,True,True,True
sc2402,sc,ok,28807,28807,True,0,True,True,True,True
IF1308,IF,ok,2000,2000,True,0,True,True,True,True
v1805,v,ok,11712,11712,True,0,True,True,True,True
ss2008,ss,ok,17443,17443,True,0,True,True,True,True
rb1105,rb,ok,11494,11494,True,0,True,True,True,True
p1204,p,ok,1779,1779,True,0,True,True,True,True
jd1611,jd,ok,10144,10144,True,0,True,True,True,True
c1909,c,ok,14378,14378,True,0,True,True,True,True
y1807,y,ok,17112,17112,True,0,True,True,True,True
MA2104,MA,ok,16975,16975,True,0,True,True,True,True
wr2409,wr,ok,11271,11271,True,0,True,True,True,True
PF2202,PF,ok,17069,17069,True,0,True,True,True,True
PM1303,PM,ok,8303,8303,True,0,True,True,True,True
lc2407,lc,ok,11376,11376,True,0,True,True,True,True
c1807,c,ok,11589,11589,True,0,True,True,True,True
b2603,b,ok,10412,10412,True,0,True,True,True,True
IC1705,IC,ok,2100,2100,True,0,True,True,True,True
OI1909,OI,ok,17466,17466,True,0,True,True,True,True
zn2207,zn,ok,23131,23131,True,0,True,True,True,True
WH1311,WH,ok,7561,7561,True,0,True,True,True,True
au1412,au,ok,27561,27561,True,0,True,True,True,True
wr1611,wr,ok,368,368,True,0,True,True,True,True
SF1809,SF,ok,11759,11759,True,0,True,True,True,True
al1510,al,ok,23276,23276,True,0,True,True,True,True
hc1804,hc,ok,17264,17264,True,0,True,True,True,True
SM2311,SM,ok,11664,11664,True,0,True,True,True,True
hc1705,hc,ok,17351,17351,True,0,True,True,True,True
ZC2005,ZC,ok,16064,16064,True,0,True,True,True,True
lu2504,lu,ok,17369,17369,True,0,True,True,True,True
TA1812,TA,ok,17597,17597,True,0,True,True,True,True
LR2311,LR,ok,4561,4561,True,0,True,True,True,True
c1303,c,ok,10358,10358,True,0,True,True,True,True
sn2109,sn,ok,23374,23374,True,0,True,True,True,True
sp1912,sp,ok,17443,17443,True,0,True,True,True,True
b1409,b,ok,10729,10729,True,0,True,True,True,True
SF1708,SF,ok,5613,5613,True,0,True,True,True,True
b2107,b,ok,17077,17077,True,0,True,True,True,True
hc2012,hc,ok,15772,15772,True,0,True,True,True,True
ag2212,ag,ok,27476,27476,True,0,True,True,True,True
ZC1809,ZC,ok,17687,17687,True,0,True,True,True,True
LR1805,LR,ok,7738,7738,True,0,True,True,True,True
SM1702,SM,ok,4636,4636,True,0,True,True,True,True
rb1410,rb,ok,11760,11760,True,0,True,True,True,True
lh2411,lh,ok,11491,11491,True,0,True,True,True,True
au1709,au,ok,7245,7245,True,0,True,True,True,True
eb2304,eb,ok,17564,17564,True,0,True,True,True,True
al1611,al,ok,22198,22198,True,0,True,True,True,True
eg2106,eg,ok,16869,16869,True,0,True,True,True,True
wr1002,wr,ok,1264,1264,True,0,True,True,True,True
SM1805,SM,ok,11631,11631,True,0,True,True,True,True
LR2303,LR,ok,4562,4562,True,0,True,True,True,True
CJ2601,CJ,ok,8640,8640,True,0,True,True,True,True
pp1612,pp,ok,3156,3156,True,0,True,True,True,True
IM2507,IM,ok,2200,2200,True,0,True,True,True,True
al1602,al,ok,22789,22789,True,0,True,True,True,True
IC2202,IC,ok,1950,1950,True,0,True,True,True,True
v2211,v,ok,17564,17564,True,0,True,True,True,True
ec2508,ec,ok,11568,11568,True,0,True,True,True,True
sp2505,sp,ok,17491,17491,True,0,True,True,True,True
fu2011,fu,ok,15943,15943,True,0,True,True,True,True
hc2006,hc,ok,15883,15883,True,0,True,True,True,True
CY2101,CY,ok,15890,15890,True,0,True,True,True,True
sn2405,sn,ok,23179,23179,True,0,True,True,True,True
sc2008,sc,ok,23389,23389,True,0,True,True,True,True
c2403,c,ok,17493,17493,True,0,True,True,True,True
zn2001,zn,ok,23313,23313,True,0,True,True,True,True
l1203,l,ok,6627,6627,True,0,True,True,True,True
bc2112,bc,ok,23005,23005,True,0,True,True,True,True
RM2408,RM,ok,17576,17576,True,0,True,True,True,True
bb1603,bb,ok,1108,1108,True,0,True,True,True,True
ao2312,ao,ok,11359,11359,True,0,True,True,True,True
MA1706,MA,ok,16814,16814,True,0,True,True,True,True
bb1405,bb,ok,5123,5123,True,0,True,True,True,True
FG1603,FG,ok,15554,15554,True,0,True,True,True,True
cu1508,cu,ok,23422,23422,True,0,True,True,True,True
eg2112,eg,ok,16207,16207,True,0,True,True,True,True
TS2503,TS,ok,9565,9565,True,0,True,True,True,True
sc2507,sc,ok,27361,27361,True,0,True,True,True,True
au1810,au,ok,29019,29019,True,0,True,True,True,True
ss2004,ss,ok,10097,10097,True,0,True,True,True,True
IF1806,IF,ok,8000,8000,True,0,True,True,True,True
rr2504,rr,ok,16681,16681,True,0,True,True,True,True
FG1403,FG,ok,7405,7405,True,0,True,True,True,True
ag1405,ag,ok,25090,25090,True,0,True,True,True,True
pg2210,pg,ok,17426,17426,True,0,True,True,True,True
bu2005,bu,ok,7062,7062,True,0,True,True,True,True
pb2305,pb,ok,23228,23228,True,0,True,True,True,True
RM1908,RM,ok,16837,16837,True,0,True,True,True,True
l1705,l,ok,11616,11616,True,0,True,True,True,True
pb1309,pb,ok,11423,11423,True,0,True,True,True,True
i1504,i,ok,11945,11945,True,0,True,True,True,True
l1704,l,ok,3976,3976,True,0,True,True,True,True
wr2308,wr,ok,10457,10457,True,0,True,True,True,True
PF2111,PF,ok,17365,17365,True,0,True,True,True,True
p2401,p,ok,17490,17490,True,0,True,True,True,True
au1307,au,ok,11436,11436,True,0,True,True,True,True
SR1911,SR,ok,17304,17304,True,0,True,True,True,True
y2512,y,ok,14523,14523,True,0,True,True,True,True
rr2410,rr,ok,16822,16822,True,0,True,True,True,True
rr2210,rr,ok,17057,17057,True,0,True,True,True,True
pb1306,pb,ok,11472,11472,True,0,True,True,True,True
jm1312,jm,ok,7850,7850,True,0,True,True,True,True
rb2402,rb,ok,17627,17627,True,0,True,True,True,True
eg2310,eg,ok,17502,17502,True,0,True,True,True,True
sc2204,sc,ok,27413,27413,True,0,True,True,True,True
v1006,v,ok,3340,3340,True,0,True,True,True,True
FG1704,FG,ok,17127,17127,True,0,True,True,True,True
zn1110,zn,ok,11568,11568,True,0,True,True,True,True
eb2301,eb,ok,17151,17151,True,0,True,True,True,True
lu2210,lu,ok,17563,17563,True,0,True,True,True,True
sp2207,sp,ok,17490,17490,True,0,True,True,True,True
zn1501,zn,ok,23289,23289,True,0,True,True,True,True
hc2509,hc,ok,17370,17370,True,0,True,True,True,True
WH2111,WH,ok,9030,9030,True,0,True,True,True,True
a1805,a,ok,25959,25959,True,0,True,True,True,True
rr2307,rr,ok,16959,16959,True,0,True,True,True,True
p1811,p,ok,16815,16815,True,0,True,True,True,True
au1208,au,ok,11525,11525,True,0,True,True,True,True
m1805,m,ok,17649,17649,True,0,True,True,True,True
jd1910,jd,ok,11571,11571,True,0,True,True,True,True
CY2106,CY,ok,7225,7225,True,0,True,True,True,True
lc2409,lc,ok,11603,11603,True,0,True,True,True,True
p1305,p,ok,11614,11614,True,0,True,True,True,True
bb2109,bb,ok,371,371,True,0,True,True,True,True
al1408,al,ok,19283,19283,True,0,True,True,True,True
FG2412,FG,ok,17363,17363,True,0,True,True,True,True
AP2003,AP,ok,11605,11605,True,0,True,True,True,True
rr2002,rr,ok,7709,7709,True,0,True,True,True,True
TC1401,TC,ok,49,49,True,0,True,True,True,True
v1208,v,ok,4111,4111,True,0,True,True,True,True
nr2405,nr,ok,17445,17445,True,0,True,True,True,True
IF1301,IF,ok,2100,2100,True,0,True,True,True,True
JR1801,JR,ok,5588,5588,True,0,True,True,True,True
m2507,m,ok,17491,17491,True,0,True,True,True,True
au2012,au,ok,25666,25666,True,0,True,True,True,True
fu1010,fu,ok,8688,8688,True,0,True,True,True,True
m2211,m,ok,17548,17548,True,0,True,True,True,True
hc2001,hc,ok,17637,17637,True,0,True,True,True,True
bb2503,bb,ok,633,633,True,0,True,True,True,True
al1911,al,ok,23228,23228,True,0,True,True,True,True
l2212,l,ok,17449,17449,True,0,True,True,True,True
CF1609,CF,ok,17691,17691,True,0,True,True,True,True
bb1411,bb,ok,10908,10908,True,0,True,True,True,True
IF2208,IF,ok,2250,2250,True,0,True,True,True,True
zn2109,zn,ok,23374,23374,True,0,True,True,True,True
ru2606,ru,ok,6034,6034,True,0,True,True,True,True
wr1612,wr,ok,52,52,True,0,True,True,True,True
RS1609,RS,ok,11116,11116,True,0,True,True,True,True
AP1911,AP,ok,11645,11645,True,0,True,True,True,True
ad2606,ad,ok,9478,9478,True,0,True,True,True,True
IC1511,IC,ok,2000,2000,True,0,True,True,True,True
l2308,l,ok,17484,17484,True,0,True,True,True,True
l2408,l,ok,17569,17569,True,0,True,True,True,True
sn1509,sn,ok,11164,11164,True,0,True,True,True,True
T1603,T,ok,10674,10674,True,0,True,True,True,True
sn2406,sn,ok,23033,23033,True,0,True,True,True,True
SR2307,SR,ok,17563,17563,True,0,True,True,True,True
IF1202,IF,ok,1900,1900,True,0,True,True,True,True
pp2005,pp,ok,16112,16112,True,0,True,True,True,True
RI2007,RI,ok,4908,4908,True,0,True,True,True,True
fu2102,fu,ok,16721,16721,True,0,True,True,True,True
TA1804,TA,ok,17636,17636,True,0,True,True,True,True
jd1710,jd,ok,11221,11221,True,0,True,True,True,True
IH2101,IH,ok,1950,1950,True,0,True,True,True,True
jd2104,jd,ok,11600,11600,True,0,True,True,True,True
zn1503,zn,ok,23168,23168,True,0,True,True,True,True
SM1708,SM,ok,5894,5894,True,0,True,True,True,True
al1304,al,ok,11616,11616,True,0,True,True,True,True
eb2309,eb,ok,17477,17477,True,0,True,True,True,True
au2504,au,ok,29479,29479,True,0,True,True,True,True
fu1505,fu,ok,8655,8655,True,0,True,True,True,True
cu1701,cu,ok,22941,22941,True,0,True,True,True,True
CF2411,CF,ok,17490,17490,True,0,True,True,True,True
l2603,l,ok,10412,10412,True,0,True,True,True,True
ZC2306,ZC,ok,4230,4230,True,0,True,True,True,True
FG1506,FG,ok,5218,5218,True,0,True,True,True,True
pg2507,pg,ok,17374,17374,True,0,True,True,True,True
SF1601,SF,ok,7909,7909,True,0,True,True,True,True
sp2301,sp,ok,17491,17491,True,0,True,True,True,True
zn2604,zn,ok,11784,11784,True,0,True,True,True,True
p2312,p,ok,17557,17557,True,0,True,True,True,True
IM2307,IM,ok,2150,2150,True,0,True,True,True,True
LR1505,LR,ok,7576,7576,True,0,True,True,True,True
IH2504,IH,ok,1950,1950,True,0,True,True,True,True
l1809,l,ok,11711,11711,True,0,True,True,True,True
IH1704,IH,ok,2150,2150,True,0,True,True,True,True
zn1212,zn,ok,11711,11711,True,0,True,True,True,True
au1608,au,ok,25728,25728,True,0,True,True,True,True
bb1806,bb,ok,3943,3943,True,0,True,True,True,True
nr2012,nr,ok,15795,15795,True,0,True,True,True,True
ss2404,ss,ok,22926,22926,True,0,True,True,True,True
OI2403,OI,ok,17589,17589,True,0,True,True,True,True
cu1803,cu,ok,23471,23471,True,0,True,True,True,True
ag1910,ag,ok,27416,27416,True,0,True,True,True,True
SH2511,SH,ok,16129,16129,True,0,True,True,True,True
v1512,v,ok,8194,8194,True,0,True,True,True,True
i1805,i,ok,17649,17649,True,0,True,True,True,True
bu2609,bu,ok,18732,18732,True,0,True,True,True,True
MA2411,MA,ok,17274,17274,True,0,True,True,True,True
SF2204,SF,ok,11663,11663,True,0,True,True,True,True
pb2211,pb,ok,23228,23228,True,0,True,True,True,True
MA1801,MA,ok,17557,17557,True,0,True,True,True,True
FG1410,FG,ok,8914,8914,True,0,True,True,True,True
ME1502,ME,ok,7192,7192,True,0,True,True,True,True
OI1505,OI,ok,4675,4675,True,0,True,True,True,True
bc2201,bc,ok,22971,22971,True,0,True,True,True,True
j2005,j,ok,16070,16070,True,0,True,True,True,True
m2308,m,ok,17564,17564,True,0,True,True,True,True
ZC1701,ZC,ok,17557,17557,True,0,True,True,True,True
cu1710,cu,ok,23184,23184,True,0,True,True,True,True
lh2503,lh,ok,11568,11568,True,0,True,True,True,True
fb2604,fb,ok,5877,5877,True,0,True,True,True,True
lu2506,lu,ok,17398,17398,True,0,True,True,True,True
lu2101,lu,ok,8919,8919,True,0,True,True,True,True
eg1906,eg,ok,7206,7206,True,0,True,True,True,True
au1210,au,ok,11474,11474,True,0,True,True,True,True
wr1109,wr,ok,10344,10344,True,0,True,True,True,True
zn2112,zn,ok,23228,23228,True,0,True,True,True,True
ni1804,ni,ok,23206,23206,True,0,True,True,True,True
SR2503,SR,ok,17288,17288,True,0,True,True,True,True
SA2411,SA,ok,17491,17491,True,0,True,True,True,True
jd2306,jd,ok,11574,11574,True,0,True,True,True,True
cu2207,cu,ok,23131,23131,True,0,True,True,True,True
ZC2112,ZC,ok,17440,17440,True,0,True,True,True,True
bc2307,bc,ok,22934,22934,True,0,True,True,True,True
jm2601,jm,ok,13015,13015,True,0,True,True,True,True
FG1709,FG,ok,17292,17292,True,0,True,True,True,True
bb1503,bb,ok,11560,11560,True,0,True,True,True,True
bu1407,bu,ok,5254,5254,True,0,True,True,True,True
SR2309,SR,ok,17589,17589,True,0,True,True,True,True
IF1602,IF,ok,1925,1925,True,0,True,True,True,True
ZC1703,ZC,ok,17096,17096,True,0,True,True,True,True
l1907,l,ok,12901,12901,True,0,True,True,True,True
LR2509,LR,ok,4561,4561,True,0,True,True,True,True
jd2112,jd,ok,11378,11378,True,0,True,True,True,True
nr2103,nr,ok,16582,16582,True,0,True,True,True,True
sp2501,sp,ok,17491,17491,True,0,True,True,True,True
pg2105,pg,ok,17239,17239,True,0,True,True,True,True
v1905,v,ok,12484,12484,True,0,True,True,True,True
bb1604,bb,ok,671,671,True,0,True,True,True,True
p2205,p,ok,17418,17418,True,0,True,True,True,True
ag2605,ag,ok,11826,11826,True,0,True,True,True,True
SM2601,SM,ok,8640,8640,True,0,True,True,True,True
RS1611,RS,ok,8110,8110,True,0,True,True,True,True
FG2401,FG,ok,17516,17516,True,0,True,True,True,True
ag2201,ag,ok,27476,27476,True,0,True,True,True,True
LR1501,LR,ok,2096,2096,True,0,True,True,True,True
v2310,v,ok,17458,17458,True,0,True,True,True,True
v1106,v,ok,4777,4777,True,0,True,True,True,True
FG1610,FG,ok,17197,17197,True,0,True,True,True,True
IH2307,IH,ok,2150,2150,True,0,True,True,True,True
jm1902,jm,ok,16797,16797,True,0,True,True,True,True
lu2606,lu,ok,6738,6738,True,0,True,True,True,True
TL2509,TL,ok,9671,9671,True,0,True,True,True,True
fu1209,fu,ok,11461,11461,True,0,True,True,True,True
sn2111,sn,ok,23130,23130,True,0,True,True,True,True
IF1811,IF,ok,1700,1700,True,0,True,True,True,True
hc2311,hc,ok,17575,17575,True,0,True,True,True,True
cu1711,cu,ok,23402,23402,True,0,True,True,True,True
fu1801,fu,ok,8765,8765,True,0,True,True,True,True
RM2407,RM,ok,17443,17443,True,0,True,True,True,True
pb1402,pb,ok,13064,13064,True,0,True,True,True,True
IH1807,IH,ok,2200,2200,True,0,True,True,True,True
TS2109,TS,ok,9724,9724,True,0,True,True,True,True
j2208,j,ok,16688,16688,True,0,True,True,True,True
jd2204,jd,ok,11371,11371,True,0,True,True,True,True
nr2212,nr,ok,17441,17441,True,0,True,True,True,True
v1612,v,ok,1127,1127,True,0,True,True,True,True
jm1806,jm,ok,17565,17565,True,0,True,True,True,True
ru2504,ru,ok,17459,17459,True,0,True,True,True,True
FG2603,FG,ok,10412,10412,True,0,True,True,True,True
bc2107,bc,ok,14988,14988,True,0,True,True,True,True
sn2512,sn,ok,19203,19203,True,0,True,True,True,True
eg2002,eg,ok,15823,15823,True,0,True,True,True,True
sc2601,sc,ok,21448,21448,True,0,True,True,True,True
p2001,p,ok,17608,17608,True,0,True,True,True,True
bu2512,bu,ok,31941,31941,True,0,True,True,True,True
b1309,b,ok,9437,9437,True,0,True,True,True,True
fb1702,fb,ok,2463,2463,True,0,True,True,True,True
l2203,l,ok,17468,17468,True,0,True,True,True,True
ru2008,ru,ok,15943,15943,True,0,True,True,True,True
hc2604,hc,ok,8904,8904,True,0,True,True,True,True
TC1411,TC,ok,5857,5857,True,0,True,True,True,True
rb1912,rb,ok,17366,17366,True,0,True,True,True,True
si2508,si,ok,11597,11597,True,0,True,True,True,True
m1712,m,ok,17386,17386,True,0,True,True,True,True
j1509,j,ok,17678,17678,True,0,True,True,True,True
ni2512,ni,ok,19203,19203,True,0,True,True,True,True
bc2601,bc,ok,17215,17215,True,0,True,True,True,True
SR1807,SR,ok,26056,26056,True,0,True,True,True,True
fu2607,fu,ok,5304,5304,True,0,True,True,True,True
al2008,al,ok,20239,20239,True,0,True,True,True,True
fb1701,fb,ok,1114,1114,True,0,True,True,True,True
fu2505,fu,ok,17418,17418,True,0,True,True,True,True
ao2509,ao,ok,23071,23071,True,0,True,True,True,True
WH1611,WH,ok,10658,10658,True,0,True,True,True,True
fu2007,fu,ok,16013,16013,True,0,True,True,True,True
LR2101,LR,ok,2478,2478,True,0,True,True,True,True
hc2407,hc,ok,17366,17366,True,0,True,True,True,True
v2304,v,ok,17563,17563,True,0,True,True,True,True
CF1803,CF,ok,17655,17655,True,0,True,True,True,True
ag1406,ag,ok,26508,26508,True,0,True,True,True,True
j1406,j,ok,11106,11106,True,0,True,True,True,True
eg2504,eg,ok,16340,16340,True,0,True,True,True,True
m2305,m,ok,17532,17532,True,0,True,True,True,True
p2004,p,ok,15740,15740,True,0,True,True,True,True
TA2212,TA,ok,17564,17564,True,0,True,True,True,True
sc2201,sc,ok,27245,27245,True,0,True,True,True,True
WS1203,WS,ok,6877,6877,True,0,True,True,True,True
MA1506,MA,ok,8248,8248,True,0,True,True,True,True
SR1203,SR,ok,4727,4727,True,0,True,True,True,True
wr1106,wr,ok,10623,10623,True,0,True,True,True,True
p2408,p,ok,17589,17589,True,0,True,True,True,True
v2407,v,ok,17442,17442,True,0,True,True,True,True
l2105,l,ok,17589,17589,True,0,True,True,True,True
pp1503,pp,ok,11016,11016,True,0,True,True,True,True
ni2401,ni,ok,23180,23180,True,0,True,True,True,True
al1303,al,ok,11602,11602,True,0,True,True,True,True
pp2504,pp,ok,17417,17417,True,0,True,True,True,True
pp2511,pp,ok,16129,16129,True,0,True,True,True,True
bc2210,bc,ok,23165,23165,True,0,True,True,True,True
fu1203,fu,ok,11638,11638,True,0,True,True,True,True
CY2102,CY,ok,4949,4949,True,0,True,True,True,True
p1407,p,ok,10978,10978,True,0,True,True,True,True
MA2408,MA,ok,17518,17518,True,0,True,True,True,True
bc2511,bc,ok,21240,21240,True,0,True,True,True,True
rr2604,rr,ok,8904,8904,True,0,True,True,True,True
SR2109,SR,ok,17662,17662,True,0,True,True,True,True
FG1903,FG,ok,16975,16975,True,0,True,True,True,True
fu1408,fu,ok,9627,9627,True,0,True,True,True,True
a1509,a,ok,22057,22057,True,0,True,True,True,True
ag2502,ag,ok,27131,27131,True,0,True,True,True,True
rr2301,rr,ok,16926,16926,True,0,True,True,True,True
RI1407,RI,ok,8128,8128,True,0,True,True,True,True
v2204,v,ok,17563,17563,True,0,True,True,True,True
rb1604,rb,ok,17334,17334,True,0,True,True,True,True
OI1901,OI,ok,17564,17564,True,0,True,True,True,True
WH2411,WH,ok,4580,4580,True,0,True,True,True,True
ME1307,ME,ok,2591,2591,True,0,True,True,True,True
hc1811,hc,ok,17594,17594,True,0,True,True,True,True
al1003,al,ok,2208,2208,True,0,True,True,True,True
SM1503,SM,ok,5104,5104,True,0,True,True,True,True
SF1412,SF,ok,3530,3530,True,0,True,True,True,True
SM1511,SM,ok,5047,5047,True,0,True,True,True,True
TA1810,TA,ok,17483,17483,True,0,True,True,True,True
sc2612,sc,ok,51223,51223,True,0,True,True,True,True
bu1908,bu,ok,8740,8740,True,0,True,True,True,True
SF1811,SF,ok,7921,7921,True,0,True,True,True,True
sp2407,sp,ok,17424,17424,True,0,True,True,True,True
bb1802,bb,ok,1096,1096,True,0,True,True,True,True
ZC2309,ZC,ok,7201,7201,True,0,True,True,True,True
MA2009,MA,ok,15991,15991,True,0,True,True,True,True
SR2407,SR,ok,17443,17443,True,0,True,True,True,True
IF1906,IF,ok,8150,8150,True,0,True,True,True,True
pb2008,pb,ok,20227,20227,True,0,True,True,True,True
fu1702,fu,ok,2879,2879,True,0,True,True,True,True
l2108,l,ok,16913,16913,True,0,True,True,True,True
cu2506,cu,ok,23034,23034,True,0,True,True,True,True
RM2011,RM,ok,15758,15758,True,0,True,True,True,True
au1411,au,ok,6108,6108,True,0,True,True,True,True
i2012,i,ok,15952,15952,True,0,True,True,True,True
jm2012,jm,ok,15577,15577,True,0,True,True,True,True
FG1902,FG,ok,16989,16989,True,0,True,True,True,True
RM1408,RM,ok,4299,4299,True,0,True,True,True,True
y2408,y,ok,17325,17325,True,0,True,True,True,True
PM1305,PM,ok,9217,9217,True,0,True,True,True,True
au1609,au,ok,4788,4788,True,0,True,True,True,True
al2603,al,ok,13675,13675,True,0,True,True,True,True
SF2507,SF,ok,11616,11616,True,0,True,True,True,True
ZC1704,ZC,ok,17194,17194,True,0,True,True,True,True
a1603,a,ok,23576,23576,True,0,True,True,True,True
ni2307,ni,ok,23227,23227,True,0,True,True,True,True
bb2306,bb,ok,200,200,True,0,True,True,True,True
FG2106,FG,ok,17468,17468,True,0,True,True,True,True
CY2012,CY,ok,7624,7624,True,0,True,True,True,True
MA2412,MA,ok,17346,17346,True,0,True,True,True,True
CY2402,CY,ok,17617,17617,True,0,True,True,True,True
TF2003,TF,ok,9593,9593,True,0,True,True,True,True
TA1910,TA,ok,17459,17459,True,0,True,True,True,True
bu2408,bu,ok,17441,17441,True,0,True,True,True,True
eb2005,eb,ok,9329,9329,True,0,True,True,True,True
ZC2401,ZC,ok,9837,9837,True,0,True,True,True,True
lc2412,lc,ok,11555,11555,True,0,True,True,True,True
hc1706,hc,ok,9617,9617,True,0,True,True,True,True
bu2507,bu,ok,17433,17433,True,0,True,True,True,True
al2508,al,ok,23131,23131,True,0,True,True,True,True
y2003,y,ok,16410,16410,True,0,True,True,True,True
ag1307,ag,ok,11783,11783,True,0,True,True,True,True
fu1003,fu,ok,1667,1667,True,0,True,True,True,True
wr1207,wr,ok,6559,6559,True,0,True,True,True,True
hc2411,hc,ok,17491,17491,True,0,True,True,True,True
LR2507,LR,ok,4561,4561,True,0,True,True,True,True
au1808,au,ok,29912,29912,True,0,True,True,True,True
fu2304,fu,ok,17459,17459,True,0,True,True,True,True
IC1810,IC,ok,1950,1950,True,0,True,True,True,True
v2506,v,ok,17418,17418,True,0,True,True,True,True
lu2507,lu,ok,17376,17376,True,0,True,True,True,True
PK2210,PK,ok,11664,11664,True,0,True,True,True,True
LR2305,LR,ok,4561,4561,True,0,True,True,True,True
IF1702,IF,ok,1950,1950,True,0,True,True,True,True
CF1907,CF,ok,17455,17455,True,0,True,True,True,True
T2106,T,ok,9459,9459,True,0,True,True,True,True
PM2311,PM,ok,4561,4561,True,0,True,True,True,True
pb1109,pb,ok,5744,5744,True,0,True,True,True,True
IM2401,IM,ok,2200,2200,True,0,True,True,True,True
m2009,m,ok,15991,15991,True,0,True,True,True,True
ni1802,ni,ok,23468,23468,True,0,True,True,True,True
wr1104,wr,ok,10185,10185,True,0,True,True,True,True
FG2404,FG,ok,17414,17414,True,0,True,True,True,True
RI2407,RI,ok,4561,4561,True,0,True,True,True,True
MA2512,MA,ok,14596,14596,True,0,True,True,True,True
SM1412,SM,ok,3152,3152,True,0,True,True,True,True
WH1801,WH,ok,11666,11666,True,0,True,True,True,True
WH1405,WH,ok,1660,1660,True,0,True,True,True,True
sp2012,sp,ok,15972,15972,True,0,True,True,True,True
cu2107,cu,ok,23374,23374,True,0,True,True,True,True
rr2405,rr,ok,16937,16937,True,0,True,True,True,True
ag2207,ag,ok,27361,27361,True,0,True,True,True,True
bb2301,bb,ok,814,814,True,0,True,True,True,True
y1512,y,ok,16917,16917,True,0,True,True,True,True
sn1903,sn,ok,22828,22828,True,0,True,True,True,True
bc2504,bc,ok,22980,22980,True,0,True,True,True,True
ZC2510,ZC,ok,4618,4618,True,0,True,True,True,True
hc1501,hc,ok,9922,9922,True,0,True,True,True,True
p2509,p,ok,17418,17418,True,0,True,True,True,True
al1803,al,ok,23471,23471,True,0,True,True,True,True
ni2404,ni,ok,22986,22986,True,0,True,True,True,True
hc2005,hc,ok,16112,16112,True,0,True,True,True,True
jm1903,jm,ok,16833,16833,True,0,True,True,True,True
m1203,m,ok,10114,10114,True,0,True,True,True,True
IF2407,IF,ok,2200,2200,True,0,True,True,True,True
i1506,i,ok,14045,14045,True,0,True,True,True,True
p1511,p,ok,16512,16512,True,0,True,True,True,True
IF1102,IF,ok,1950,1950,True,0,True,True,True,True
eg2411,eg,ok,16786,16786,True,0,True,True,True,True
IH1605,IH,ok,2149,2149,True,0,True,True,True,True
SF2406,SF,ok,11616,11616,True,0,True,True,True,True
b2203,b,ok,17429,17429,True,0,True,True,True,True
IH2305,IH,ok,2050,2050,True,0,True,True,True,True
v1204,v,ok,2712,2712,True,0,True,True,True,True
l2505,l,ok,17491,17491,True,0,True,True,True,True
pp2209,pp,ok,17466,17466,True,0,True,True,True,True
fu2606,fu,ok,6739,6739,True,0,True,True,True,True
ZC2212,ZC,ok,8853,8853,True,0,True,True,True,True
jm2606,jm,ok,6034,6034,True,0,True,True,True,True
PM1501,PM,ok,7721,7721,True,0,True,True,True,True
l1910,l,ok,14160,14160,True,0,True,True,True,True
fu2301,fu,ok,17491,17491,True,0,True,True,True,True
eg2010,eg,ok,15817,15817,True,0,True,True,True,True
bu2304,bu,ok,17636,17636,True,0,True,True,True,True
b1711,b,ok,10505,10505,True,0,True,True,True,True
b2402,b,ok,17686,17686,True,0,True,True,True,True
IF1612,IF,ok,8249,8249,True,0,True,True,True,True
IF2006,IF,ok,8200,8200,True,0,True,True,True,True
MA2410,MA,ok,17335,17335,True,0,True,True,True,True
l1006,l,ok,4016,4016,True,0,True,True,True,True
CY1804,CY,ok,6490,6490,True,0,True,True,True,True
ru1904,ru,ok,17486,17486,True,0,True,True,True,True
fu1807,fu,ok,5216,5216,True,0,True,True,True,True
zn2407,zn,ok,23083,23083,True,0,True,True,True,True
LR1609,LR,ok,6125,6125,True,0,True,True,True,True
ni2402,ni,ok,23374,23374,True,0,True,True,True,True
v2210,v,ok,17563,17563,True,0,True,True,True,True
al2104,al,ok,22738,22738,True,0,True,True,True,True
cu2305,cu,ok,23228,23228,True,0,True,True,True,True
SF1904,SF,ok,10884,10884,True,0,True,True,True,True
eg2211,eg,ok,16984,16984,True,0,True,True,True,True
al2306,al,ok,23471,23471,True,0,True,True,True,True
zn2605,zn,ok,9990,9990,True,0,True,True,True,True
ag1210,ag,ok,5136,5136,True,0,True,True,True,True
CY2512,CY,ok,14595,14595,True,0,True,True,True,True
RS2308,RS,ok,10862,10862,True,0,True,True,True,True
SA2512,SA,ok,14596,14596,True,0,True,True,True,True
jd1610,jd,ok,11227,11227,True,0,True,True,True,True
p1302,p,ok,5753,5753,True,0,True,True,True,True
RM1608,RM,ok,17174,17174,True,0,True,True,True,True
ag1711,ag,ok,26970,26970,True,0,True,True,True,True
hc2304,hc,ok,17637,17637,True,0,True,True,True,True
WH2503,WH,ok,4561,4561,True,0,True,True,True,True
sp2106,sp,ok,17490,17490,True,0,True,True,True,True
fb2409,fb,ok,10808,10808,True,0,True,True,True,True
pb1608,pb,ok,19458,19458,True,0,True,True,True,True
ag2211,ag,ok,27476,27476,True,0,True,True,True,True
au1204,au,ok,11558,11558,True,0,True,True,True,True
SM1807,SM,ok,6369,6369,True,0,True,True,True,True
c2209,c,ok,17466,17466,True,0,True,True,True,True
CY2502,CY,ok,16510,16510,True,0,True,True,True,True
i2603,i,ok,10412,10412,True,0,True,True,True,True
UR2003,UR,ok,6546,6546,True,0,True,True,True,True
y1207,y,ok,5833,5833,True,0,True,True,True,True
lh2209,lh,ok,11414,11414,True,0,True,True,True,True
fu1707,fu,ok,5472,5472,True,0,True,True,True,True
hc1609,hc,ok,13068,13068,True,0,True,True,True,True
TA1201,TA,ok,1120,1120,True,0,True,True,True,True
jm1907,jm,ok,17335,17335,True,0,True,True,True,True
TA1701,TA,ok,17637,17637,True,0,True,True,True,True
al1709,al,ok,23225,23225,True,0,True,True,True,True
rb1606,rb,ok,17266,17266,True,0,True,True,True,True
RM1305,RM,ok,419,419,True,0,True,True,True,True
wr2204,wr,ok,9901,9901,True,0,True,True,True,True
IC2003,IC,ok,8100,8100,True,0,True,True,True,True
y2208,y,ok,16884,16884,True,0,True,True,True,True
p1703,p,ok,4845,4845,True,0,True,True,True,True
p1711,p,ok,15913,15913,True,0,True,True,True,True
rb1708,rb,ok,16992,16992,True,0,True,True,True,True
SR1511,SR,ok,20940,20940,True,0,True,True,True,True
zn1009,zn,ok,8304,8304,True,0,True,True,True,True
ZC2009,ZC,ok,15934,15934,True,0,True,True,True,True
ni1611,ni,ok,11324,11324,True,0,True,True,True,True
pp1610,pp,ok,7141,7141,True,0,True,True,True,True
i2110,i,ok,17338,17338,True,0,True,True,True,True
ni1912,ni,ok,23107,23107,True,0,True,True,True,True
sp1909,sp,ok,14193,14193,True,0,True,True,True,True
pp2208,pp,ok,17417,17417,True,0,True,True,True,True
m2312,m,ok,17560,17560,True,0,True,True,True,True
CY2207,CY,ok,16212,16212,True,0,True,True,True,True
PX2511,PX,ok,16129,16129,True,0,True,True,True,True
b2002,b,ok,16275,16275,True,0,True,True,True,True
i2107,i,ok,17005,17005,True,0,True,True,True,True
bb2111,bb,ok,408,408,True,0,True,True,True,True
jm2011,jm,ok,15298,15298,True,0,True,True,True,True
SF1507,SF,ok,6723,6723,True,0,True,True,True,True
IM2304,IM,ok,2200,2200,True,0,True,True,True,True
sc1911,sc,ok,27416,27416,True,0,True,True,True,True
sc2501,sc,ok,27360,27360,True,0,True,True,True,True
bb1409,bb,ok,9155,9155,True,0,True,True,True,True
SF2311,SF,ok,11664,11664,True,0,True,True,True,True
SM2309,SM,ok,11664,11664,True,0,True,True,True,True
fb2408,fb,ok,11122,11122,True,0,True,True,True,True
CY1908,CY,ok,14414,14414,True,0,True,True,True,True
al2310,al,ok,23180,23180,True,0,True,True,True,True
jm2006,jm,ok,15260,15260,True,0,True,True,True,True
fu2310,fu,ok,17849,17849,True,0,True,True,True,True
pp2409,pp,ok,17516,17516,True,0,True,True,True,True
TA2001,TA,ok,17637,17637,True,0,True,True,True,True
au1805,au,ok,6235,6235,True,0,True,True,True,True
rb2208,rb,ok,17405,17405,True,0,True,True,True,True
m1012,m,ok,9527,9527,True,0,True,True,True,True
si2403,si,ok,11525,11525,True,0,True,True,True,True
ag2506,ag,ok,27246,27246,True,0,True,True,True,True
al1702,al,ok,21425,21425,True,0,True,True,True,True
cu1806,cu,ok,23617,23617,True,0,True,True,True,True
FG2012,FG,ok,15782,15782,True,0,True,True,True,True
v1501,v,ok,11759,11759,True,0,True,True,True,True
ZC2312,ZC,ok,9383,9383,True,0,True,True,True,True
fb2507,fb,ok,11123,11123,True,0,True,True,True,True
al1608,al,ok,23163,23163,True,0,True,True,True,True
IF1705,IF,ok,2100,2100,True,0,True,True,True,True
FG2402,FG,ok,17953,17953,True,0,True,True,True,True
sn2410,sn,ok,23033,23033,True,0,True,True,True,True
fu1910,fu,ok,17023,17023,True,0,True,True,True,True
rb1307,rb,ok,11178,11178,True,0,True,True,True,True
sn1708,sn,ok,15137,15137,True,0,True,True,True,True
ag2011,ag,ok,23281,23281,True,0,True,True,True,True
PK2203,PK,ok,11556,11556,True,0,True,True,True,True
al1402,al,ok,13052,13052,True,0,True,True,True,True
OI1407,OI,ok,10164,10164,True,0,True,True,True,True
cu1303,cu,ok,11615,11615,True,0,True,True,True,True
JR1707,JR,ok,5006,5006,True,0,True,True,True,True
l1604,l,ok,9828,9828,True,0,True,True,True,True
SR1809,SR,ok,26886,26886,True,0,True,True,True,True
lu2603,lu,ok,11142,11142,True,0,True,True,True,True
T2406,T,ok,9565,9565,True,0,True,True,True,True
v2105,v,ok,17589,17589,True,0,True,True,True,True
LR1709,LR,ok,4398,4398,True,0,True,True,True,True
eb2306,eb,ok,17502,17502,True,0,True,True,True,True
ni1903,ni,ok,23203,23203,True,0,True,True,True,True
i1501,i,ok,11884,11884,True,0,True,True,True,True
AP2503,AP,ok,11568,11568,True,0,True,True,True,True
l1911,l,ok,15350,15350,True,0,True,True,True,True
PM1911,PM,ok,4667,4667,True,0,True,True,True,True
fb1507,fb,ok,6932,6932,True,0,True,True,True,True
cu2604,cu,ok,11784,11784,True,0,True,True,True,True
p2109,p,ok,17582,17582,True,0,True,True,True,True
WH1605,WH,ok,11692,11692,True,0,True,True,True,True
pg2604,pg,ok,8320,8320,True,0,True,True,True,True
SM1610,SM,ok,4891,4891,True,0,True,True,True,True
b1411,b,ok,8651,8651,True,0,True,True,True,True
al1907,al,ok,23131,23131,True,0,True,True,True,True
fb1905,fb,ok,5050,5050,True,0,True,True,True,True
CY1811,CY,ok,9103,9103,True,0,True,True,True,True
fb2402,fb,ok,11003,11003,True,0,True,True,True,True
al2309,al,ok,23374,23374,True,0,True,True,True,True
jm2211,jm,ok,16903,16903,True,0,True,True,True,True
bu1506,bu,ok,22411,22411,True,0,True,True,True,True
au1110,au,ok,11417,11417,True,0,True,True,True,True
fu2010,fu,ok,16137,16137,True,0,True,True,True,True
MA1611,MA,ok,17077,17077,True,0,True,True,True,True
si2512,si,ok,9648,9648,True,0,True,True,True,True
ru1605,ru,ok,17685,17685,True,0,True,True,True,True
pb2402,pb,ok,23338,23338,True,0,True,True,True,True
TA1303,TA,ok,6977,6977,True,0,True,True,True,True
i1412,i,ok,10568,10568,True,0,True,True,True,True
RM1308,RM,ok,3747,3747,True,0,True,True,True,True
l1312,l,ok,10801,10801,True,0,True,True,True,True
sp2402,sp,ok,17662,17662,True,0,True,True,True,True
jd2203,jd,ok,11520,11520,True,0,True,True,True,True
CY2011,CY,ok,8089,8089,True,0,True,True,True,True
rb1204,rb,ok,11535,11535,True,0,True,True,True,True
ss2507,ss,ok,23107,23107,True,0,True,True,True,True
SF1912,SF,ok,11312,11312,True,0,True,True,True,True
l2011,l,ok,15805,15805,True,0,True,True,True,True
fb2108,fb,ok,3960,3960,True,0,True,True,True,True
al1609,al,ok,23371,23371,True,0,True,True,True,True
y1903,y,ok,16884,16884,True,0,True,True,True,True
bu1803,bu,ok,32193,32193,True,0,True,True,True,True
bb1406,bb,ok,6058,6058,True,0,True,True,True,True
CY1801,CY,ok,6893,6893,True,0,True,True,True,True
b2410,b,ok,17098,17098,True,0,True,True,True,True
fb1612,fb,ok,20,20,True,0,True,True,True,True
sn2412,sn,ok,23034,23034,True,0,True,True,True,True
FG2409,FG,ok,17516,17516,True,0,True,True,True,True
PF2204,PF,ok,17501,17501,True,0,True,True,True,True
IH2408,IH,ok,2000,2000,True,0,True,True,True,True
nr2308,nr,ok,17400,17400,True,0,True,True,True,True
bb2004,bb,ok,2968,2968,True,0,True,True,True,True
b2311,b,ok,17321,17321,True,0,True,True,True,True
FG2202,FG,ok,17491,17491,True,0,True,True,True,True
al2503,al,ok,23034,23034,True,0,True,True,True,True
jd1504,jd,ok,11241,11241,True,0,True,True,True,True
CJ2105,CJ,ok,11663,11663,True,0,True,True,True,True
pb1710,pb,ok,22563,22563,True,0,True,True,True,True
zn1401,zn,ok,12280,12280,True,0,True,True,True,True
pb2006,pb,ok,20288,20288,True,0,True,True,True,True
ER1103,ER,ok,876,876,True,0,True,True,True,True
p1207,p,ok,2485,2485,True,0,True,True,True,True
ru1311,ru,ok,11424,11424,True,0,True,True,True,True
bu2612,bu,ok,14523,14523,True,0,True,True,True,True
SM2409,SM,ok,11616,11616,True,0,True,True,True,True
pb1310,pb,ok,11395,11395,True,0,True,True,True,True
eb2210,eb,ok,17529,17529,True,0,True,True,True,True
sc2401,sc,ok,28117,28117,True,0,True,True,True,True
rb1609,rb,ok,17457,17457,True,0,True,True,True,True
y2105,y,ok,17589,17589,True,0,True,True,True,True
ag1902,ag,ok,27207,27207,True,0,True,True,True,True
b2307,b,ok,17406,17406,True,0,True,True,True,True
bu2412,bu,ok,35007,35007,True,0,True,True,True,True
l2307,l,ok,17564,17564,True,0,True,True,True,True
MA2112,MA,ok,17564,17564,True,0,True,True,True,True
MA2511,MA,ok,16129,16129,True,0,True,True,True,True
sn2102,sn,ok,20609,20609,True,0,True,True,True,True
pp1906,pp,ok,12243,12243,True,0,True,True,True,True
eg2304,eg,ok,17563,17563,True,0,True,True,True,True
SR1605,SR,ok,24332,24332,True,0,True,True,True,True
ZC1608,ZC,ok,17240,17240,True,0,True,True,True,True
ad2604,ad,ok,9986,9986,True,0,True,True,True,True
fb2508,fb,ok,11237,11237,True,0,True,True,True,True
eg2012,eg,ok,14771,14771,True,0,True,True,True,True
sn2304,sn,ok,23325,23325,True,0,True,True,True,True
SF2011,SF,ok,11507,11507,True,0,True,True,True,True
CJ2207,CJ,ok,11615,11615,True,0,True,True,True,True
ni1801,ni,ok,23362,23362,True,0,True,True,True,True
SR2401,SR,ok,17516,17516,True,0,True,True,True,True
v1102,v,ok,2405,2405,True,0,True,True,True,True
b1812,b,ok,12200,12200,True,0,True,True,True,True
m1807,m,ok,17292,17292,True,0,True,True,True,True
CY2501,CY,ok,17378,17378,True,0,True,True,True,True
fu2303,fu,ok,17564,17564,True,0,True,True,True,True
l2510,l,ok,17443,17443,True,0,True,True,True,True
j1505,j,ok,16785,16785,True,0,True,True,True,True
RS1508,RS,ok,6485,6485,True,0,True,True,True,True
sp2503,sp,ok,17345,17345,True,0,True,True,True,True
eg2406,eg,ok,16591,16591,True,0,True,True,True,True
sc2606,sc,ok,65120,65120,True,0,True,True,True,True
v1808,v,ok,11279,11279,True,0,True,True,True,True
SF1502,SF,ok,4612,4612,True,0,True,True,True,True
bb2209,bb,ok,783,783,True,0,True,True,True,True
IC2012,IC,ok,8200,8200,True,0,True,True,True,True
m1111,m,ok,10476,10476,True,0,True,True,True,True
m1709,m,ok,17424,17424,True,0,True,True,True,True
IH2401,IH,ok,2200,2200,True,0,True,True,True,True
rb2103,rb,ok,16741,16741,True,0,True,True,True,True
IF1907,IF,ok,2200,2200,True,0,True,True,True,True
m2411,m,ok,17491,17491,True,0,True,True,True,True
l2304,l,ok,17369,17369,True,0,True,True,True,True
TA1912,TA,ok,17490,17490,True,0,True,True,True,True
lc2606,lc,ok,3984,3984,True,0,True,True,True,True
CF1009,CF,ok,48,48,True,0,True,True,True,True
pp1606,pp,ok,10161,10161,True,0,True,True,True,True
pp2509,pp,ok,17418,17418,True,0,True,True,True,True
FG1805,FG,ok,17630,17630,True,0,True,True,True,True
nr2107,nr,ok,17565,17565,True,0,True,True,True,True
eb2109,eb,ok,16905,16905,True,0,True,True,True,True
pb1302,pb,ok,11679,11679,True,0,True,True,True,True
rb2504,rb,ok,17408,17408,True,0,True,True,True,True
pg2308,pg,ok,17544,17544,True,0,True,True,True,True
l2412,l,ok,17308,17308,True,0,True,True,True,True
TF2306,TF,ok,9459,9459,True,0,True,True,True,True
cu1606,cu,ok,23227,23227,True,0,True,True,True,True
cu1604,cu,ok,23469,23469,True,0,True,True,True,True
i2102,i,ok,16277,16277,True,0,True,True,True,True
zn1607,zn,ok,23226,23226,True,0,True,True,True,True
bb1809,bb,ok,6010,6010,True,0,True,True,True,True
a1403,a,ok,14210,14210,True,0,True,True,True,True
wr1404,wr,ok,9581,9581,True,0,True,True,True,True
LR2409,LR,ok,4580,4580,True,0,True,True,True,True
pp1507,pp,ok,11608,11608,True,0,True,True,True,True
si2312,si,ok,11424,11424,True,0,True,True,True,True
WH1701,WH,ok,11576,11576,True,0,True,True,True,True
SF1901,SF,ok,11663,11663,True,0,True,True,True,True
MA1509,MA,ok,13170,13170,True,0,True,True,True,True
PX2410,PX,ok,16956,16956,True,0,True,True,True,True
j2209,j,ok,17405,17405,True,0,True,True,True,True
cu2005,cu,ok,20336,20336,True,0,True,True,True,True
CY2510,CY,ok,17076,17076,True,0,True,True,True,True
pb1409,pb,ok,20051,20051,True,0,True,True,True,True
IF2110,IF,ok,1650,1650,True,0,True,True,True,True
rb2411,rb,ok,17478,17478,True,0,True,True,True,True
al1906,al,ok,23082,23082,True,0,True,True,True,True
v2312,v,ok,17589,17589,True,0,True,True,True,True
rr2601,rr,ok,12989,12989,True,0,True,True,True,True
lc2401,lc,ok,5760,5760,True,0,True,True,True,True
PF2404,PF,ok,17442,17442,True,0,True,True,True,True
ru1903,ru,ok,17471,17471,True,0,True,True,True,True
sc2511,sc,ok,26393,26393,True,0,True,True,True,True
sn2306,sn,ok,23470,23470,True,0,True,True,True,True
ni1904,ni,ok,23189,23189,True,0,True,True,True,True
ag1807,ag,ok,27568,27568,True,0,True,True,True,True
bu2506,bu,ok,34823,34823,True,0,True,True,True,True
rr2208,rr,ok,16753,16753,True,0,True,True,True,True
ps2605,ps,ok,4896,4896,True,0,True,True,True,True
IH2406,IH,ok,8100,8100,True,0,True,True,True,True
bu2703,bu,ok,10339,10339,True,0,True,True,True,True
i2602,i,ok,11726,11726,True,0,True,True,True,True
cu2212,cu,ok,23228,23228,True,0,True,True,True,True
bb1711,bb,ok,882,882,True,0,True,True,True,True
ag2509,ag,ok,27313,27313,True,0,True,True,True,True
RM1905,RM,ok,17585,17585,True,0,True,True,True,True
sn2403,sn,ok,23276,23276,True,0,True,True,True,True
au2203,au,ok,6191,6191,True,0,True,True,True,True
SR2003,SR,ok,16758,16758,True,0,True,True,True,True
au1611,au,ok,2227,2227,True,0,True,True,True,True
rr2606,rr,ok,6034,6034,True,0,True,True,True,True
RM2109,RM,ok,17662,17662,True,0,True,True,True,True
y1701,y,ok,17551,17551,True,0,True,True,True,True
SH2507,SH,ok,17274,17274,True,0,True,True,True,True
WH1707,WH,ok,11123,11123,True,0,True,True,True,True
jm1410,jm,ok,11234,11234,True,0,True,True,True,True
pb1202,pb,ok,10451,10451,True,0,True,True,True,True
ER1109,ER,ok,298,298,True,0,True,True,True,True
zn1101,zn,ok,11600,11600,True,0,True,True,True,True
pg2302,pg,ok,17356,17356,True,0,True,True,True,True
pp2411,pp,ok,17466,17466,True,0,True,True,True,True
j2406,j,ok,16874,16874,True,0,True,True,True,True
l1905,l,ok,12484,12484,True,0,True,True,True,True
bb1804,bb,ok,7553,7553,True,0,True,True,True,True
sn1607,sn,ok,11489,11489,True,0,True,True,True,True
ps2507,ps,ok,6256,6256,True,0,True,True,True,True
zn2211,zn,ok,23227,23227,True,0,True,True,True,True
v2005,v,ok,16080,16080,True,0,True,True,True,True
ru2311,ru,ok,17589,17589,True,0,True,True,True,True
LR2301,LR,ok,4565,4565,True,0,True,True,True,True
SF2503,SF,ok,11568,11568,True,0,True,True,True,True
ru1207,ru,ok,11500,11500,True,0,True,True,True,True
CF2103,CF,ok,16699,16699,True,0,True,True,True,True
a1707,a,ok,12798,12798,True,0,True,True,True,True
y2309,y,ok,17560,17560,True,0,True,True,True,True
al1011,al,ok,9968,9968,True,0,True,True,True,True
rb1306,rb,ok,11338,11338,True,0,True,True,True,True
LR1801,LR,ok,7233,7233,True,0,True,True,True,True
jm2112,jm,ok,17274,17274,True,0,True,True,True,True
m2008,m,ok,15667,15667,True,0,True,True,True,True
hc1506,hc,ok,12879,12879,True,0,True,True,True,True
fb1705,fb,ok,62,62,True,0,True,True,True,True
nr2605,nr,ok,7542,7542,True,0,True,True,True,True
IH1612,IH,ok,8249,8249,True,0,True,True,True,True
eg2311,eg,ok,17525,17525,True,0,True,True,True,True
AP2301,AP,ok,11616,11616,True,0,True,True,True,True
SR2411,SR,ok,17491,17491,True,0,True,True,True,True
i1705,i,ok,17447,17447,True,0,True,True,True,True
j1211,j,ok,1451,1451,True,0,True,True,True,True
pb2304,pb,ok,23325,23325,True,0,True,True,True,True
nr2210,nr,ok,17486,17486,True,0,True,True,True,True
j1403,j,ok,10834,10834,True,0,True,True,True,True
bb1808,bb,ok,5941,5941,True,0,True,True,True,True
j1802,j,ok,17541,17541,True,0,True,True,True,True
WH2205,WH,ok,10982,10982,True,0,True,True,True,True
IF1310,IF,ok,1900,1900,True,0,True,True,True,True
m1711,m,ok,16441,16441,True,0,True,True,True,True
zn1601,zn,ok,23323,23323,True,0,True,True,True,True
FG1401,FG,ok,570,570,True,0,True,True,True,True
wr2507,wr,ok,11440,11440,True,0,True,True,True,True
WH2603,WH,ok,2734,2734,True,0,True,True,True,True
JR2111,JR,ok,5517,5517,True,0,True,True,True,True
TS2306,TS,ok,9459,9459,True,0,True,True,True,True
pb2101,pb,ok,20276,20276,True,0,True,True,True,True
l2004,l,ok,16147,16147,True,0,True,True,True,True
pg2511,pg,ok,15472,15472,True,0,True,True,True,True
JR1607,JR,ok,4350,4350,True,0,True,True,True,True
wr2111,wr,ok,9404,9404,True,0,True,True,True,True
OI2103,OI,ok,16690,16690,True,0,True,True,True,True
v2206,v,ok,17459,17459,True,0,True,True,True,True
a2601,a,ok,13015,13015,True,0,True,True,True,True
TA2110,TA,ok,17491,17491,True,0,True,True,True,True
eg2410,eg,ok,16541,16541,True,0,True,True,True,True
PX2509,PX,ok,17065,17065,True,0,True,True,True,True
bb2502,bb,ok,528,528,True,0,True,True,True,True
br2404,br,ok,12418,12418,True,0,True,True,True,True
JR2207,JR,ok,4594,4594,True,0,True,True,True,True
sn1807,sn,ok,23166,23166,True,0,True,True,True,True
p2502,p,ok,17199,17199,True,0,True,True,True,True
TA2408,TA,ok,17589,17589,True,0,True,True,True,True
CF2505,CF,ok,17491,17491,True,0,True,True,True,True
au2305,au,ok,6554,6554,True,0,True,True,True,True
i1912,i,ok,17399,17399,True,0,True,True,True,True
MA2006,MA,ok,15990,15990,True,0,True,True,True,True
bu2001,bu,ok,8976,8976,True,0,True,True,True,True
hc2109,hc,ok,17617,17617,True,0,True,True,True,True
m1912,m,ok,17409,17409,True,0,True,True,True,True
ag1907,ag,ok,27257,27257,True,0,True,True,True,True
jm2111,jm,ok,17238,17238,True,0,True,True,True,True
br2412,br,ok,17303,17303,True,0,True,True,True,True
bb1901,bb,ok,1928,1928,True,0,True,True,True,True
SR1709,SR,ok,26788,26788,True,0,True,True,True,True
p1506,p,ok,16840,16840,True,0,True,True,True,True
FG2406,FG,ok,17491,17491,True,0,True,True,True,True
pp2405,pp,ok,17503,17503,True,0,True,True,True,True
UR2510,UR,ok,11568,11568,True,0,True,True,True,True
JR1511,JR,ok,5576,5576,True,0,True,True,True,True
TA2209,TA,ok,17466,17466,True,0,True,True,True,True
PK2512,PK,ok,9696,9696,True,0,True,True,True,True
IH2301,IH,ok,2200,2200,True,0,True,True,True,True
p1008,p,ok,4085,4085,True,0,True,True,True,True
l1309,l,ok,11249,11249,True,0,True,True,True,True
c1905,c,ok,12450,12450,True,0,True,True,True,True
TC1410,TC,ok,6918,6918,True,0,True,True,True,True
ni2601,ni,ok,17215,17215,True,0,True,True,True,True
pb2503,pb,ok,23034,23034,True,0,True,True,True,True
a2509,a,ok,17148,17148,True,0,True,True,True,True
CF1607,CF,ok,17685,17685,True,0,True,True,True,True
WS1211,WS,ok,7804,7804,True,0,True,True,True,True
jd2404,jd,ok,11241,11241,True,0,True,True,True,True
v1406,v,ok,11078,11078,True,0,True,True,True,True
IF2306,IF,ok,8000,8000,True,0,True,True,True,True
c1111,c,ok,11275,11275,True,0,True,True,True,True
m2003,m,ok,16839,16839,True,0,True,True,True,True
au1711,au,ok,6713,6713,True,0,True,True,True,True
CY2404,CY,ok,17100,17100,True,0,True,True,True,True
CF1309,CF,ok,1683,1683,True,0,True,True,True,True
a1909,a,ok,26611,26611,True,0,True,True,True,True
bu2205,bu,ok,8587,8587,True,0,True,True,True,True
sc2803,sc,ok,17442,17442,True,0,True,True,True,True
sc2605,sc,ok,12679,12679,True,0,True,True,True,True
RS2511,RS,ok,10704,10704,True,0,True,True,True,True
TA2403,TA,ok,17589,17589,True,0,True,True,True,True
ni1612,ni,ok,15548,15548,True,0,True,True,True,True
bc2508,bc,ok,23003,23003,True,0,True,True,True,True
SF2202,SF,ok,11615,11615,True,0,True,True,True,True
fu1109,fu,ok,11529,11529,True,0,True,True,True,True
rb1109,rb,ok,11434,11434,True,0,True,True,True,True
LR2211,LR,ok,4606,4606,True,0,True,True,True,True
PF2512,PF,ok,14595,14595,True,0,True,True,True,True
CY2407,CY,ok,17171,17171,True,0,True,True,True,True
i2407,i,ok,17443,17443,True,0,True,True,True,True
p1501,p,ok,14965,14965,True,0,True,True,True,True
CF1801,CF,ok,17618,17618,True,0,True,True,True,True
ZC2604,ZC,ok,2414,2414,True,0,True,True,True,True
rr2308,rr,ok,16866,16866,True,0,True,True,True,True
sc2411,sc,ok,27360,27360,True,0,True,True,True,True
TA1601,TA,ok,17537,17537,True,0,True,True,True,True
cu2109,cu,ok,23374,23374,True,0,True,True,True,True
jm2003,jm,ok,16374,16374,True,0,True,True,True,True
cu1602,cu,ok,22839,22839,True,0,True,True,True,True
rb2011,rb,ok,15854,15854,True,0,True,True,True,True
IC2203,IC,ok,8100,8100,True,0,True,True,True,True
y1708,y,ok,12013,12013,True,0,True,True,True,True
v2505,v,ok,17418,17418,True,0,True,True,True,True
ni2001,ni,ok,23325,23325,True,0,True,True,True,True
MA2606,MA,ok,6034,6034,True,0,True,True,True,True
IH2404,IH,ok,2100,2100,True,0,True,True,True,True
i1802,i,ok,17297,17297,True,0,True,True,True,True
ag2103,ag,ok,25351,25351,True,0,True,True,True,True
wr2405,wr,ok,11398,11398,True,0,True,True,True,True
au2004,au,ok,26474,26474,True,0,True,True,True,True
pp2512,pp,ok,14595,14595,True,0,True,True,True,True
bb2511,bb,ok,6217,6217,True,0,True,True,True,True
RM1901,RM,ok,17538,17538,True,0,True,True,True,True
SM2604,SM,ok,5904,5904,True,0,True,True,True,True
al1102,al,ok,11379,11379,True,0,True,True,True,True
T2303,T,ok,9671,9671,True,0,True,True,True,True
bb2107,bb,ok,1698,1698,True,0,True,True,True,True
fb2311,fb,ok,9693,9693,True,0,True,True,True,True
IF2301,IF,ok,2200,2200,True,0,True,True,True,True
ag1912,ag,ok,27361,27361,True,0,True,True,True,True
IH1510,IH,ok,1650,1650,True,0,True,True,True,True
fu2209,fu,ok,17491,17491,True,0,True,True,True,True
AP2403,AP,ok,11664,11664,True,0,True,True,True,True
TF1406,TF,ok,9671,9671,True,0,True,True,True,True
pb1804,pb,ok,23349,23349,True,0,True,True,True,True
jd2012,jd,ok,11625,11625,True,0,True,True,True,True
RS1309,RS,ok,1469,1469,True,0,True,True,True,True
pp2107,pp,ok,17570,17570,True,0,True,True,True,True
SM1701,SM,ok,10119,10119,True,0,True,True,True,True
ru1801,ru,ok,17662,17662,True,0,True,True,True,True
RM2007,RM,ok,15714,15714,True,0,True,True,True,True
IH2304,IH,ok,2200,2200,True,0,True,True,True,True
IF2202,IF,ok,1950,1950,True,0,True,True,True,True
m1809,m,ok,17722,17722,True,0,True,True,True,True
jm2209,jm,ok,17287,17287,True,0,True,True,True,True
a2401,a,ok,17391,17391,True,0,True,True,True,True
b2010,b,ok,15433,15433,True,0,True,True,True,True
m2505,m,ok,17491,17491,True,0,True,True,True,True
JR2105,JR,ok,7761,7761,True,0,True,True,True,True
lu2401,lu,ok,17864,17864,True,0,True,True,True,True
jm1710,jm,ok,15449,15449,True,0,True,True,True,True
PM1901,PM,ok,10458,10458,True,0,True,True,True,True
ag2312,ag,ok,27513,27513,True,0,True,True,True,True
bb2204,bb,ok,50,50,True,0,True,True,True,True
zn1701,zn,ok,22478,22478,True,0,True,True,True,True
IM2303,IM,ok,7950,7950,True,0,True,True,True,True
jd1406,jd,ok,6947,6947,True,0,True,True,True,True
lu2111,lu,ok,17057,17057,True,0,True,True,True,True
i1811,i,ok,17550,17550,True,0,True,True,True,True
v2311,v,ok,17589,17589,True,0,True,True,True,True
RM1609,RM,ok,17678,17678,True,0,True,True,True,True
ag2508,ag,ok,27361,27361,True,0,True,True,True,True
eg1911,eg,ok,14152,14152,True,0,True,True,True,True
al1604,al,ok,23469,23469,True,0,True,True,True,True
ni1902,ni,ok,22944,22944,True,0,True,True,True,True
ni1610,ni,ok,17045,17045,True,0,True,True,True,True
m1707,m,ok,16680,16680,True,0,True,True,True,True
ss2112,ss,ok,23107,23107,True,0,True,True,True,True
j1112,j,ok,1475,1475,True,0,True,True,True,True
zn2509,zn,ok,23083,23083,True,0,True,True,True,True
CJ2307,CJ,ok,11663,11663,True,0,True,True,True,True
UR2508,UR,ok,11568,11568,True,0,True,True,True,True
j2512,j,ok,14595,14595,True,0,True,True,True,True
TA2511,TA,ok,16129,16129,True,0,True,True,True,True
TL2309,TL,ok,5060,5060,True,0,True,True,True,True
au2411,au,ok,6336,6336,True,0,True,True,True,True
a2209,a,ok,17347,17347,True,0,True,True,True,True
TA2201,TA,ok,17564,17564,True,0,True,True,True,True
j2107,j,ok,16931,16931,True,0,True,True,True,True
v2007,v,ok,15955,15955,True,0,True,True,True,True
bu2106,bu,ok,33507,33507,True,0,True,True,True,True
bb2310,bb,ok,46,46,True,0,True,True,True,True
l1209,l,ok,11507,11507,True,0,True,True,True,True
SF2208,SF,ok,11567,11567,True,0,True,True,True,True
ME1303,ME,ok,2609,2609,True,0,True,True,True,True
RI2603,RI,ok,2718,2718,True,0,True,True,True,True
rr2212,rr,ok,17053,17053,True,0,True,True,True,True
sn2305,sn,ok,23228,23228,True,0,True,True,True,True
PK2412,PK,ok,11542,11542,True,0,True,True,True,True
y2005,y,ok,15984,15984,True,0,True,True,True,True
v1302,v,ok,3296,3296,True,0,True,True,True,True
bu2602,bu,ok,11799,11799,True,0,True,True,True,True
lc2506,lc,ok,11507,11507,True,0,True,True,True,True
eg2001,eg,ok,16156,16156,True,0,True,True,True,True
TF1409,TF,ok,9307,9307,True,0,True,True,True,True
LR2307,LR,ok,4561,4561,True,0,True,True,True,True
v1712,v,ok,11042,11042,True,0,True,True,True,True
rb2303,rb,ok,17564,17564,True,0,True,True,True,True
JR2307,JR,ok,4561,4561,True,0,True,True,True,True
i1908,i,ok,17550,17550,True,0,True,True,True,True
hc2305,hc,ok,17564,17564,True,0,True,True,True,True
ao2407,ao,ok,23082,23082,True,0,True,True,True,True
IH2501,IH,ok,2150,2150,True,0,True,True,True,True
sp2209,sp,ok,17393,17393,True,0,True,True,True,True
jd1509,jd,ok,11685,11685,True,0,True,True,True,True
wr1406,wr,ok,8899,8899,True,0,True,True,True,True
j2302,j,ok,16542,16542,True,0,True,True,True,True
ru1105,ru,ok,11504,11504,True,0,True,True,True,True
al1807,al,ok,23374,23374,True,0,True,True,True,True
WH1509,WH,ok,10620,10620,True,0,True,True,True,True
MA2409,MA,ok,17516,17516,True,0,True,True,True,True
IF2112,IF,ok,8200,8200,True,0,True,True,True,True
cu2402,cu,ok,23374,23374,True,0,True,True,True,True
IF2310,IF,ok,1950,1950,True,0,True,True,True,True
ag1804,ag,ok,27615,27615,True,0,True,True,True,True
al2103,al,ok,21661,21661,True,0,True,True,True,True
T2409,T,ok,9883,9883,True,0,True,True,True,True
TS2209,TS,ok,9671,9671,True,0,True,True,True,True
au2312,au,ok,30043,30043,True,0,True,True,True,True
au2407,au,ok,6604,6604,True,0,True,True,True,True
sp2102,sp,ok,16193,16193,True,0,True,True,True,True
IM2506,IM,ok,8150,8150,True,0,True,True,True,True
pb2004,pb,ok,20875,20875,True,0,True,True,True,True
IH2111,IH,ok,1900,1900,True,0,True,True,True,True
y1308,y,ok,8788,8788,True,0,True,True,True,True
sn2207,sn,ok,23131,23131,True,0,True,True,True,True
ru2506,ru,ok,17418,17418,True,0,True,True,True,True
i2505,i,ok,17491,17491,True,0,True,True,True,True
rr2105,rr,ok,17014,17014,True,0,True,True,True,True
PF2301,PF,ok,17491,17491,True,0,True,True,True,True
p1707,p,ok,10903,10903,True,0,True,True,True,True
nr2008,nr,ok,15617,15617,True,0,True,True,True,True
CY1911,CY,ok,8541,8541,True,0,True,True,True,True
ru1506,ru,ok,14460,14460,True,0,True,True,True,True
ru2511,ru,ok,16056,16056,True,0,True,True,True,True
fu1212,fu,ok,10620,10620,True,0,True,True,True,True
sc1907,sc,ok,27270,27270,True,0,True,True,True,True
IF2312,IF,ok,7950,7950,True,0,True,True,True,True
zn2406,zn,ok,23022,23022,True,0,True,True,True,True
IM2411,IM,ok,1750,1750,True,0,True,True,True,True
y2409,y,ok,17484,17484,True,0,True,True,True,True
jd2512,jd,ok,9264,9264,True,0,True,True,True,True
cs2601,cs,ok,13015,13015,True,0,True,True,True,True
jm1711,jm,ok,15829,15829,True,0,True,True,True,True
PK2601,PK,ok,8640,8640,True,0,True,True,True,True
TA2305,TA,ok,17564,17564,True,0,True,True,True,True
MA2208,MA,ok,17418,17418,True,0,True,True,True,True
l2507,l,ok,17317,17317,True,0,True,True,True,True
JR2501,JR,ok,4622,4622,True,0,True,True,True,True
b2509,b,ok,17021,17021,True,0,True,True,True,True
RI1701,RI,ok,8239,8239,True,0,True,True,True,True
ru1308,ru,ok,11520,11520,True,0,True,True,True,True
jm1706,jm,ok,8777,8777,True,0,True,True,True,True
JR1601,JR,ok,5033,5033,True,0,True,True,True,True
eb2506,eb,ok,17471,17471,True,0,True,True,True,True
rb2602,rb,ok,11799,11799,True,0,True,True,True,True
cs2311,cs,ok,17563,17563,True,0,True,True,True,True
i1804,i,ok,17414,17414,True,0,True,True,True,True
jm1409,jm,ok,11663,11663,True,0,True,True,True,True
j2506,j,ok,16852,16852,True,0,True,True,True,True
SM2104,SM,ok,11593,11593,True,0,True,True,True,True
a2003,a,ok,16721,16721,True,0,True,True,True,True
SF2111,SF,ok,11596,11596,True,0,True,True,True,True
pp2601,pp,ok,13015,13015,True,0,True,True,True,True
hc1807,hc,ok,17390,17390,True,0,True,True,True,True
ZC1612,ZC,ok,17241,17241,True,0,True,True,True,True
ag2106,ag,ok,27361,27361,True,0,True,True,True,True
ag2204,ag,ok,27361,27361,True,0,True,True,True,True
SM1710,SM,ok,5968,5968,True,0,True,True,True,True
m1601,m,ok,17325,17325,True,0,True,True,True,True
lu2208,lu,ok,17417,17417,True,0,True,True,True,True
ZC1803,ZC,ok,17624,17624,True,0,True,True,True,True
CF2309,CF,ok,17589,17589,True,0,True,True,True,True
ni1807,ni,ok,23350,23350,True,0,True,True,True,True
v1010,v,ok,3828,3828,True,0,True,True,True,True
PK2603,PK,ok,6912,6912,True,0,True,True,True,True
nr2203,nr,ok,17509,17509,True,0,True,True,True,True
RM1309,RM,ok,320,320,True,0,True,True,True,True
v1508,v,ok,9378,9378,True,0,True,True,True,True
jm2511,jm,ok,16129,16129,True,0,True,True,True,True
b1111,b,ok,2422,2422,True,0,True,True,True,True
ag1309,ag,ok,14799,14799,True,0,True,True,True,True
cu1805,cu,ok,23374,23374,True,0,True,True,True,True
ag1609,ag,ok,24889,24889,True,0,True,True,True,True
y1401,y,ok,11253,11253,True,0,True,True,True,True
al1205,al,ok,11487,11487,True,0,True,True,True,True
sc2806,sc,ok,10561,10561,True,0,True,True,True,True
p1810,p,ok,16804,16804,True,0,True,True,True,True
JR1905,JR,ok,5380,5380,True,0,True,True,True,True
i2201,i,ok,17545,17545,True,0,True,True,True,True
lu2103,lu,ok,11628,11628,True,0,True,True,True,True
y2009,y,ok,15972,15972,True,0,True,True,True,True
JR1901,JR,ok,4807,4807,True,0,True,True,True,True
wr1812,wr,ok,2851,2851,True,0,True,True,True,True
TA1311,TA,ok,8937,8937,True,0,True,True,True,True
LR1611,LR,ok,5150,5150,True,0,True,True,True,True
fu1808,fu,ok,4701,4701,True,0,True,True,True,True
SM2106,SM,ok,11612,11612,True,0,True,True,True,True
hc2207,hc,ok,17491,17491,True,0,True,True,True,True
pp2110,pp,ok,17417,17417,True,0,True,True,True,True
bu1601,bu,ok,8866,8866,True,0,True,True,True,True
TF2503,TF,ok,9565,9565,True,0,True,True,True,True
T2103,T,ok,9565,9565,True,0,True,True,True,True
MA1711,MA,ok,17137,17137,True,0,True,True,True,True
bc2401,bc,ok,22694,22694,True,0,True,True,True,True
FG2210,FG,ok,17420,17420,True,0,True,True,True,True
TA1911,TA,ok,17563,17563,True,0,True,True,True,True
IC2310,IC,ok,1950,1950,True,0,True,True,True,True
pp1807,pp,ok,11567,11567,True,0,True,True,True,True
ag2209,ag,ok,27179,27179,True,0,True,True,True,True
rr2510,rr,ok,17251,17251,True,0,True,True,True,True
FG1811,FG,ok,16971,16971,True,0,True,True,True,True
al2111,al,ok,23131,23131,True,0,True,True,True,True
ag1505,ag,ok,27676,27676,True,0,True,True,True,True
b1305,b,ok,9188,9188,True,0,True,True,True,True
CY2409,CY,ok,17444,17444,True,0,True,True,True,True
ZC1901,ZC,ok,17545,17545,True,0,True,True,True,True
IC1902,IC,ok,1650,1650,True,0,True,True,True,True
ZC1711,ZC,ok,17378,17378,True,0,True,True,True,True
IF2406,IF,ok,8100,8100,True,0,True,True,True,True
fu2109,fu,ok,17662,17662,True,0,True,True,True,True
cu1504,cu,ok,23325,23325,True,0,True,True,True,True
ss2401,ss,ok,23180,23180,True,0,True,True,True,True
PR2508,PR,ok,16523,16523,True,0,True,True,True,True
hc2508,hc,ok,17344,17344,True,0,True,True,True,True
PM2509,PM,ok,4561,4561,True,0,True,True,True,True
lh2211,lh,ok,11590,11590,True,0,True,True,True,True
ss2406,ss,ok,22986,22986,True,0,True,True,True,True
SF1806,SF,ok,8077,8077,True,0,True,True,True,True
b2312,b,ok,17375,17375,True,0,True,True,True,True
al1902,al,ok,23081,23081,True,0,True,True,True,True
rb1902,rb,ok,17453,17453,True,0,True,True,True,True
hc1805,hc,ok,17636,17636,True,0,True,True,True,True
ps2506,ps,ok,5328,5328,True,0,True,True,True,True
ao2512,ao,ok,19203,19203,True,0,True,True,True,True
SR1509,SR,ok,13426,13426,True,0,True,True,True,True
bu2012,bu,ok,33482,33482,True,0,True,True,True,True
hc2510,hc,ok,17589,17589,True,0,True,True,True,True
SA2205,SA,ok,17418,17418,True,0,True,True,True,True
au2405,au,ok,6201,6201,True,0,True,True,True,True
MA2508,MA,ok,17337,17337,True,0,True,True,True,True
bb1904,bb,ok,2013,2013,True,0,True,True,True,True
y2505,y,ok,17472,17472,True,0,True,True,True,True
au1306,au,ok,11472,11472,True,0,True,True,True,True
IF1904,IF,ok,2200,2200,True,0,True,True,True,True
ru2106,ru,ok,17491,17491,True,0,True,True,True,True
SM2509,SM,ok,11568,11568,True,0,True,True,True,True
IH1705,IH,ok,2100,2100,True,0,True,True,True,True
v1901,v,ok,11650,11650,True,0,True,True,True,True
IC2106,IC,ok,8200,8200,True,0,True,True,True,True
al1501,al,ok,23301,23301,True,0,True,True,True,True
al2307,al,ok,23228,23228,True,0,True,True,True,True
wr1901,wr,ok,5303,5303,True,0,True,True,True,True
c2603,c,ok,10412,10412,True,0,True,True,True,True
eg2312,eg,ok,16517,16517,True,0,True,True,True,True
au1902,au,ok,29231,29231,True,0,True,True,True,True
SF2211,SF,ok,11651,11651,True,0,True,True,True,True
p1309,p,ok,11454,11454,True,0,True,True,True,True
IH2011,IH,ok,1950,1950,True,0,True,True,True,True
pg2310,pg,ok,17589,17589,True,0,True,True,True,True
PX2605,PX,ok,7396,7396,True,0,True,True,True,True
bb2103,bb,ok,599,599,True,0,True,True,True,True
bc2301,bc,ok,22839,22839,True,0,True,True,True,True
SA2402,SA,ok,17954,17954,True,0,True,True,True,True
jm2502,jm,ok,17075,17075,True,0,True,True,True,True
PR2505,PR,ok,12136,12136,True,0,True,True,True,True
CF1905,CF,ok,17691,17691,True,0,True,True,True,True
al1710,al,ok,23194,23194,True,0,True,True,True,True
ru1301,ru,ok,11663,11663,True,0,True,True,True,True
SF1510,SF,ok,5642,5642,True,0,True,True,True,True
PX2604,PX,ok,8904,8904,True,0,True,True,True,True
JR1403,JR,ok,2861,2861,True,0,True,True,True,True
m1703,m,ok,15234,15234,True,0,True,True,True,True
LR1411,LR,ok,3370,3370,True,0,True,True,True,True
AP2212,AP,ok,11664,11664,True,0,True,True,True,True
jm1411,jm,ok,11116,11116,True,0,True,True,True,True
PR2510,PR,ok,17345,17345,True,0,True,True,True,True
al2302,al,ok,23228,23228,True,0,True,True,True,True
p1101,p,ok,11055,11055,True,0,True,True,True,True
au1610,au,ok,22615,22615,True,0,True,True,True,True
ZC1709,ZC,ok,17520,17520,True,0,True,True,True,True
bu1701,bu,ok,8859,8859,True,0,True,True,True,True
fb2002,fb,ok,1890,1890,True,0,True,True,True,True
PM1907,PM,ok,7610,7610,True,0,True,True,True,True
FG1910,FG,ok,16901,16901,True,0,True,True,True,True
ag1301,ag,ok,8160,8160,True,0,True,True,True,True
l1811,l,ok,11132,11132,True,0,True,True,True,True
l2410,l,ok,17328,17328,True,0,True,True,True,True
UR2504,UR,ok,11568,11568,True,0,True,True,True,True
pp2104,pp,ok,17313,17313,True,0,True,True,True,True
jd1805,jd,ok,11693,11693,True,0,True,True,True,True
pb1611,pb,ok,15812,15812,True,0,True,True,True,True
SA2601,SA,ok,13015,13015,True,0,True,True,True,True
pb2003,pb,ok,21758,21758,True,0,True,True,True,True
zn2510,zn,ok,23277,23277,True,0,True,True,True,True
MA2111,MA,ok,17370,17370,True,0,True,True,True,True
MA2209,MA,ok,17466,17466,True,0,True,True,True,True
zn2501,zn,ok,23131,23131,True,0,True,True,True,True
v1105,v,ok,9967,9967,True,0,True,True,True,True
hc2202,hc,ok,17611,17611,True,0,True,True,True,True
RS1708,RS,ok,9393,9393,True,0,True,True,True,True
CF2011,CF,ok,15991,15991,True,0,True,True,True,True
T1903,T,ok,9512,9512,True,0,True,True,True,True
CY2007,CY,ok,8142,8142,True,0,True,True,True,True
IM2508,IM,ok,2000,2000,True,0,True,True,True,True
m1007,m,ok,5661,5661,True,0,True,True,True,True
ru1609,ru,ok,17831,17831,True,0,True,True,True,True
SM2101,SM,ok,11663,11663,True,0,True,True,True,True
a1605,a,ok,25010,25010,True,0,True,True,True,True
v1605,v,ok,11352,11352,True,0,True,True,True,True
fb1805,fb,ok,3705,3705,True,0,True,True,True,True
rb2203,rb,ok,17545,17545,True,0,True,True,True,True
au2502,au,ok,29249,29249,True,0,True,True,True,True
bc2103,bc,ok,7232,7232,True,0,True,True,True,True
m1907,m,ok,17069,17069,True,0,True,True,True,True
bb1601,bb,ok,10722,10722,True,0,True,True,True,True
au2209,au,ok,7234,7234,True,0,True,True,True,True
ZC2202,ZC,ok,17421,17421,True,0,True,True,True,True
sn2011,sn,ok,20136,20136,True,0,True,True,True,True
IC1807,IC,ok,2200,2200,True,0,True,True,True,True
v2409,v,ok,17516,17516,True,0,True,True,True,True
j2408,j,ok,17527,17527,True,0,True,True,True,True
i2306,i,ok,17509,17509,True,0,True,True,True,True
j1203,j,ok,4029,4029,True,0,True,True,True,True
fb1803,fb,ok,612,612,True,0,True,True,True,True
rb1908,rb,ok,17310,17310,True,0,True,True,True,True
cs2211,cs,ok,17468,17468,True,0,True,True,True,True
y2012,y,ok,15759,15759,True,0,True,True,True,True
ao2408,ao,ok,23204,23204,True,0,True,True,True,True
br2408,br,ok,17524,17524,True,0,True,True,True,True
CY2405,CY,ok,17499,17499,True,0,True,True,True,True
TF2303,TF,ok,9671,9671,True,0,True,True,True,True
FG1802,FG,ok,17436,17436,True,0,True,True,True,True
ZC2601,ZC,ok,3497,3497,True,0,True,True,True,True
AP2511,AP,ok,10656,10656,True,0,True,True,True,True
JR2003,JR,ok,5937,5937,True,0,True,True,True,True
rb1903,rb,ok,17545,17545,True,0,True,True,True,True
si2602,si,ok,7776,7776,True,0,True,True,True,True
j1807,j,ok,17239,17239,True,0,True,True,True,True
OI1311,OI,ok,10111,10111,True,0,True,True,True,True
ag1503,ag,ok,27476,27476,True,0,True,True,True,True
lu2503,lu,ok,17244,17244,True,0,True,True,True,True
bc2204,bc,ok,22979,22979,True,0,True,True,True,True
jm1804,jm,ok,17483,17483,True,0,True,True,True,True
sn1912,sn,ok,22801,22801,True,0,True,True,True,True
j1910,j,ok,17477,17477,True,0,True,True,True,True
fu1101,fu,ok,11600,11600,True,0,True,True,True,True
cs2505,cs,ok,17459,17459,True,0,True,True,True,True
CJ2403,CJ,ok,11664,11664,True,0,True,True,True,True
OI1507,OI,ok,10830,10830,True,0,True,True,True,True
UR2408,UR,ok,11664,11664,True,0,True,True,True,True
fb2009,fb,ok,8925,8925,True,0,True,True,True,True
fu1205,fu,ok,11520,11520,True,0,True,True,True,True
p1310,p,ok,9455,9455,True,0,True,True,True,True
IM2405,IM,ok,2000,2000,True,0,True,True,True,True
jd1906,jd,ok,11570,11570,True,0,True,True,True,True
m1503,m,ok,12102,12102,True,0,True,True,True,True
rb1702,rb,ok,17633,17633,True,0,True,True,True,True
UR2308,UR,ok,11664,11664,True,0,True,True,True,True
PM2111,PM,ok,8415,8415,True,0,True,True,True,True
al1804,al,ok,23374,23374,True,0,True,True,True,True
ag2501,ag,ok,27361,27361,True,0,True,True,True,True
fu1706,fu,ok,4707,4707,True,0,True,True,True,True
pp2203,pp,ok,17550,17550,True,0,True,True,True,True
TA1707,TA,ok,17538,17538,True,0,True,True,True,True
RS1907,RS,ok,10774,10774,True,0,True,True,True,True
PF2602,PF,ok,11726,11726,True,0,True,True,True,True
SR2507,SR,ok,17491,17491,True,0,True,True,True,True
sc2106,sc,ok,78264,78264,True,0,True,True,True,True
MA2301,MA,ok,17472,17472,True,0,True,True,True,True
au1408,au,ok,27360,27360,True,0,True,True,True,True
eg2008,eg,ok,15719,15719,True,0,True,True,True,True
WS1109,WS,ok,280,280,True,0,True,True,True,True
IF1407,IF,ok,2200,2200,True,0,True,True,True,True
i1711,i,ok,17275,17275,True,0,True,True,True,True
wr1610,wr,ok,237,237,True,0,True,True,True,True
y1012,y,ok,6333,6333,True,0,True,True,True,True
i1509,i,ok,15978,15978,True,0,True,True,True,True
jm1308,jm,ok,4080,4080,True,0,True,True,True,True
CF1603,CF,ok,17652,17652,True,0,True,True,True,True
WH1911,WH,ok,7092,7092,True,0,True,True,True,True
pp1511,pp,ok,11397,11397,True,0,True,True,True,True
TA1908,TA,ok,17563,17563,True,0,True,True,True,True
v1609,v,ok,11711,11711,True,0,True,True,True,True
l1706,l,ok,5808,5808,True,0,True,True,True,True
wr1010,wr,ok,8851,8851,True,0,True,True,True,True
SF1709,SF,ok,11404,11404,True,0,True,True,True,True
jd2302,jd,ok,11613,11613,True,0,True,True,True,True
wr1111,wr,ok,10448,10448,True,0,True,True,True,True
i1904,i,ok,16781,16781,True,0,True,True,True,True
ag1611,ag,ok,18580,18580,True,0,True,True,True,True
eg1910,eg,ok,12496,12496,True,0,True,True,True,True
hc2010,hc,ok,16064,16064,True,0,True,True,True,True
wr1001,wr,ok,402,402,True,0,True,True,True,True
l2005,l,ok,16096,16096,True,0,True,True,True,True
bu1906,bu,ok,35267,35267,True,0,True,True,True,True
CY2602,CY,ok,11725,11725,True,0,True,True,True,True
SM2401,SM,ok,11616,11616,True,0,True,True,True,True
j1909,j,ok,17466,17466,True,0,True,True,True,True
ru2207,ru,ok,17491,17491,True,0,True,True,True,True
TA1205,TA,ok,1732,1732,True,0,True,True,True,True
p2101,p,ok,16051,16051,True,0,True,True,True,True
sn2010,sn,ok,20216,20216,True,0,True,True,True,True
fu1310,fu,ok,5889,5889,True,0,True,True,True,True
cu1412,cu,ok,23129,23129,True,0,True,True,True,True
MA2506,MA,ok,17326,17326,True,0,True,True,True,True
cu1812,cu,ok,23325,23325,True,0,True,True,True,True
zn1106,zn,ok,11504,11504,True,0,True,True,True,True
hc1511,hc,ok,15094,15094,True,0,True,True,True,True
i1602,i,ok,16881,16881,True,0,True,True,True,True
ni2101,ni,ok,20264,20264,True,0,True,True,True,True
a1207,a,ok,9589,9589,True,0,True,True,True,True
sn2009,sn,ok,20276,20276,True,0,True,True,True,True
ag2307,ag,ok,27476,27476,True,0,True,True,True,True
jm2304,jm,ok,17424,17424,True,0,True,True,True,True
IF1211,IF,ok,1750,1750,True,0,True,True,True,True
UR2309,UR,ok,11664,11664,True,0,True,True,True,True
IH1712,IH,ok,8100,8100,True,0,True,True,True,True
eb2201,eb,ok,17174,17174,True,0,True,True,True,True
b2112,b,ok,16976,16976,True,0,True,True,True,True
i1806,i,ok,17581,17581,True,0,True,True,True,True
PF2206,PF,ok,17369,17369,True,0,True,True,True,True
PK2112,PK,ok,9904,9904,True,0,True,True,True,True
fb2003,fb,ok,498,498,True,0,True,True,True,True
JR2009,JR,ok,8988,8988,True,0,True,True,True,True
sc1811,sc,ok,15929,15929,True,0,True,True,True,True
SF2201,SF,ok,11663,11663,True,0,True,True,True,True
CJ2112,CJ,ok,11663,11663,True,0,True,True,True,True
bb1708,bb,ok,1656,1656,True,0,True,True,True,True
j1401,j,ok,11279,11279,True,0,True,True,True,True
bb2202,bb,ok,12,12,True,0,True,True,True,True
jm2505,jm,ok,17405,17405,True,0,True,True,True,True
ag2606,ag,ok,9478,9478,True,0,True,True,True,True
pb2012,pb,ok,20179,20179,True,0,True,True,True,True
lg2511,lg,ok,10656,10656,True,0,True,True,True,True
fu2508,fu,ok,17478,17478,True,0,True,True,True,True
hc1611,hc,ok,3770,3770,True,0,True,True,True,True
RI1703,RI,ok,7219,7219,True,0,True,True,True,True
cu1408,cu,ok,19307,19307,True,0,True,True,True,True
MA1805,MA,ok,17646,17646,True,0,True,True,True,True
TA1611,TA,ok,17636,17636,True,0,True,True,True,True
al2009,al,ok,20288,20288,True,0,True,True,True,True
IF1206,IF,ok,7900,7900,True,0,True,True,True,True
c2103,c,ok,16635,16635,True,0,True,True,True,True
OI2001,OI,ok,17368,17368,True,0,True,True,True,True
bb2007,bb,ok,2827,2827,True,0,True,True,True,True
JR2411,JR,ok,4580,4580,True,0,True,True,True,True
OI1409,OI,ok,944,944,True,0,True,True,True,True
fu1104,fu,ok,11501,11501,True,0,True,True,True,True
cu2205,cu,ok,23034,23034,True,0,True,True,True,True
j2102,j,ok,16385,16385,True,0,True,True,True,True
SH2604,SH,ok,8904,8904,True,0,True,True,True,True
CF1105,CF,ok,653,653,True,0,True,True,True,True
pp2306,pp,ok,17661,17661,True,0,True,True,True,True
j2407,j,ok,16756,16756,True,0,True,True,True,True
IF1504,IF,ok,1800,1800,True,0,True,True,True,True
b1005,b,ok,1780,1780,True,0,True,True,True,True
l2504,l,ok,17319,17319,True,0,True,True,True,True
j1408,j,ok,12183,12183,True,0,True,True,True,True
hc1707,hc,ok,10777,10777,True,0,True,True,True,True
TA1212,TA,ok,7358,7358,True,0,True,True,True,True
y1405,y,ok,11663,11663,True,0,True,True,True,True
rb2108,rb,ok,17589,17589,True,0,True,True,True,True
WT1105,WT,ok,444,444,True,0,True,True,True,True
TF1906,TF,ok,9353,9353,True,0,True,True,True,True
PK2110,PK,ok,8256,8256,True,0,True,True,True,True
MA1808,MA,ok,17188,17188,True,0,True,True,True,True
ag1707,ag,ok,23137,23137,True,0,True,True,True,True
jm1506,jm,ok,13668,13668,True,0,True,True,True,True
si2310,si,ok,9539,9539,True,0,True,True,True,True
IH1512,IH,ok,8400,8400,True,0,True,True,True,True
ag2304,ag,ok,27591,27591,True,0,True,True,True,True
lg2603,lg,ok,6515,6515,True,0,True,True,True,True
v1507,v,ok,11019,11019,True,0,True,True,True,True
CJ2603,CJ,ok,6912,6912,True,0,True,True,True,True
UR2411,UR,ok,11616,11616,True,0,True,True,True,True
ni2201,ni,ok,23228,23228,True,0,True,True,True,True
FG2008,FG,ok,15908,15908,True,0,True,True,True,True
TA2410,TA,ok,17417,17417,True,0,True,True,True,True
p1704,p,ok,6837,6837,True,0,True,True,True,True
pp2201,pp,ok,17564,17564,True,0,True,True,True,True
jd2604,jd,ok,5520,5520,True,0,True,True,True,True
fb1406,fb,ok,6051,6051,True,0,True,True,True,True
TA2503,TA,ok,17418,17418,True,0,True,True,True,True
pp1808,pp,ok,11634,11634,True,0,True,True,True,True
v1506,v,ok,11055,11055,True,0,True,True,True,True
rb1611,rb,ok,17375,17375,True,0,True,True,True,True
l2202,l,ok,17459,17459,True,0,True,True,True,True
zn1404,zn,ok,15072,15072,True,0,True,True,True,True
PK2204,PK,ok,11636,11636,True,0,True,True,True,True
bc2411,bc,ok,23034,23034,True,0,True,True,True,True
CY2303,CY,ok,16945,16945,True,0,True,True,True,True
ss2306,ss,ok,23445,23445,True,0,True,True,True,True
p1007,p,ok,1595,1595,True,0,True,True,True,True
zn1804,zn,ok,23373,23373,True,0,True,True,True,True
hc2211,hc,ok,17544,17544,True,0,True,True,True,True
SH2504,SH,ok,17215,17215,True,0,True,True,True,True
b1301,b,ok,7190,7190,True,0,True,True,True,True
IC2207,IC,ok,1950,1950,True,0,True,True,True,True
hc2503,hc,ok,17405,17405,True,0,True,True,True,True
y1501,y,ok,11961,11961,True,0,True,True,True,True
j2012,j,ok,15581,15581,True,0,True,True,True,True
b1405,b,ok,10202,10202,True,0,True,True,True,True
SF1706,SF,ok,9708,9708,True,0,True,True,True,True
cu1503,cu,ok,23228,23228,True,0,True,True,True,True
lu2306,lu,ok,17316,17316,True,0,True,True,True,True
CJ2103,CJ,ok,11573,11573,True,0,True,True,True,True
sp2111,sp,ok,17490,17490,True,0,True,True,True,True
ag2101,ag,ok,23426,23426,True,0,True,True,True,True
sn1709,sn,ok,19588,19588,True,0,True,True,True,True
ME1401,ME,ok,1717,1717,True,0,True,True,True,True
PX2510,PX,ok,17414,17414,True,0,True,True,True,True
cs1703,cs,ok,7099,7099,True,0,True,True,True,True
bu1706,bu,ok,34522,34522,True,0,True,True,True,True
au1903,au,ok,6097,6097,True,0,True,True,True,True
pb1707,pb,ok,18631,18631,True,0,True,True,True,True
pp2103,pp,ok,16595,16595,True,0,True,True,True,True
m1311,m,ok,11423,11423,True,0,True,True,True,True
c1411,c,ok,11349,11349,True,0,True,True,True,True
ao2401,ao,ok,13380,13380,True,0,True,True,True,True
b2306,b,ok,17661,17661,True,0,True,True,True,True
zn1506,zn,ok,23434,23434,True,0,True,True,True,True
IH1708,IH,ok,2250,2250,True,0,True,True,True,True
wr1307,wr,ok,3842,3842,True,0,True,True,True,True
b2007,b,ok,15325,15325,True,0,True,True,True,True
RS1911,RS,ok,11195,11195,True,0,True,True,True,True
MA1606,MA,ok,17682,17682,True,0,True,True,True,True
SM2304,SM,ok,11664,11664,True,0,True,True,True,True
RS2008,RS,ok,10536,10536,True,0,True,True,True,True
rb2311,rb,ok,17570,17570,True,0,True,True,True,True
ni1507,ni,ok,7140,7140,True,0,True,True,True,True
TF1509,TF,ok,9584,9584,True,0,True,True,True,True
p1107,p,ok,3700,3700,True,0,True,True,True,True
v2308,v,ok,17551,17551,True,0,True,True,True,True
RM2405,RM,ok,17516,17516,True,0,True,True,True,True
IF2308,IF,ok,2150,2150,True,0,True,True,True,True
sn1701,sn,ok,15055,15055,True,0,True,True,True,True
pp2106,pp,ok,17100,17100,True,0,True,True,True,True
sn2110,sn,ok,23227,23227,True,0,True,True,True,True
PX2507,PX,ok,17286,17286,True,0,True,True,True,True
cu2501,cu,ok,23131,23131,True,0,True,True,True,True
PM2409,PM,ok,4580,4580,True,0,True,True,True,True
cu1103,cu,ok,11584,11584,True,0,True,True,True,True
bc2606,bc,ok,8002,8002,True,0,True,True,True,True
pp2109,pp,ok,17649,17649,True,0,True,True,True,True
jd2111,jd,ok,11590,11590,True,0,True,True,True,True
CY2603,CY,ok,10411,10411,True,0,True,True,True,True
zn1605,zn,ok,23372,23372,True,0,True,True,True,True
al1309,al,ok,11472,11472,True,0,True,True,True,True
pb1809,pb,ok,23447,23447,True,0,True,True,True,True
jm1311,jm,ok,7152,7152,True,0,True,True,True,True
sp2002,sp,ok,17314,17314,True,0,True,True,True,True
p1303,p,ok,5507,5507,True,0,True,True,True,True
sp1910,sp,ok,15192,15192,True,0,True,True,True,True
eb2403,eb,ok,17401,17401,True,0,True,True,True,True
rb1002,rb,ok,1296,1296,True,0,True,True,True,True
l2103,l,ok,16715,16715,True,0,True,True,True,True
jm1707,jm,ok,10940,10940,True,0,True,True,True,True
m1801,m,ok,17561,17561,True,0,True,True,True,True
eg2205,eg,ok,17491,17491,True,0,True,True,True,True
sp2306,sp,ok,17734,17734,True,0,True,True,True,True
SM2004,SM,ok,10693,10693,True,0,True,True,True,True
cu2210,cu,ok,23228,23228,True,0,True,True,True,True
v2009,v,ok,15991,15991,True,0,True,True,True,True
bb1905,bb,ok,1221,1221,True,0,True,True,True,True
ru2108,ru,ok,17464,17464,True,0,True,True,True,True
bb1609,bb,ok,844,844,True,0,True,True,True,True
p1412,p,ok,13229,13229,True,0,True,True,True,True
fb1802,fb,ok,983,983,True,0,True,True,True,True
cu2404,cu,ok,22986,22986,True,0,True,True,True,True
SF2304,SF,ok,11663,11663,True,0,True,True,True,True
sc2407,sc,ok,27313,27313,True,0,True,True,True,True
bu1609,bu,ok,30614,30614,True,0,True,True,True,True
IF1512,IF,ok,8300,8300,True,0,True,True,True,True
RS2208,RS,ok,11079,11079,True,0,True,True,True,True
fu2407,fu,ok,17357,17357,True,0,True,True,True,True
RM2209,RM,ok,17345,17345,True,0,True,True,True,True
b2105,b,ok,17403,17403,True,0,True,True,True,True
ru1305,ru,ok,11616,11616,True,0,True,True,True,True
hc1603,hc,ok,14180,14180,True,0,True,True,True,True
IM2208,IM,ok,1050,1050,True,0,True,True,True,True
sc1909,sc,ok,39700,39700,True,0,True,True,True,True
v2305,v,ok,17564,17564,True,0,True,True,True,True
b2106,b,ok,17192,17192,True,0,True,True,True,True
y2403,y,ok,17461,17461,True,0,True,True,True,True
SM2406,SM,ok,11616,11616,True,0,True,True,True,True
zn1408,zn,ok,19306,19306,True,0,True,True,True,True
v2604,v,ok,8904,8904,True,0,True,True,True,True
ZC2011,ZC,ok,15978,15978,True,0,True,True,True,True
ag2303,ag,ok,27476,27476,True,0,True,True,True,True
fu1308,fu,ok,7192,7192,True,0,True,True,True,True
MA2406,MA,ok,17491,17491,True,0,True,True,True,True
zn2411,zn,ok,23131,23131,True,0,True,True,True,True
pg2203,pg,ok,17476,17476,True,0,True,True,True,True
m1211,m,ok,10369,10369,True,0,True,True,True,True
p1612,p,ok,5341,5341,True,0,True,True,True,True
jd1609,jd,ok,11433,11433,True,0,True,True,True,True
MA2601,MA,ok,13015,13015,True,0,True,True,True,True
TF2009,TF,ok,9618,9618,True,0,True,True,True,True
fb2410,fb,ok,10437,10437,True,0,True,True,True,True
pb2109,pb,ok,23374,23374,True,0,True,True,True,True
ni1508,ni,ok,9359,9359,True,0,True,True,True,True
SF1501,SF,ok,846,846,True,0,True,True,True,True
SM1912,SM,ok,11033,11033,True,0,True,True,True,True
cu1912,cu,ok,23131,23131,True,0,True,True,True,True
SA2507,SA,ok,17491,17491,True,0,True,True,True,True
bu2202,bu,ok,8494,8494,True,0,True,True,True,True
ER1203,ER,ok,4589,4589,True,0,True,True,True,True
zn2110,zn,ok,23228,23228,True,0,True,True,True,True
T1812,T,ok,9830,9830,True,0,True,True,True,True
cs1503,cs,ok,2471,2471,True,0,True,True,True,True
jm1405,jm,ok,11554,11554,True,0,True,True,True,True
al1412,al,ok,23129,23129,True,0,True,True,True,True
al1409,al,ok,20130,20130,True,0,True,True,True,True
SR1401,SR,ok,2326,2326,True,0,True,True,True,True
RI2103,RI,ok,4590,4590,True,0,True,True,True,True
bu2511,bu,ok,16056,16056,True,0,True,True,True,True
pg2107,pg,ok,17528,17528,True,0,True,True,True,True
ag2205,ag,ok,27227,27227,True,0,True,True,True,True
eb2204,eb,ok,17329,17329,True,0,True,True,True,True
zn2512,zn,ok,19203,19203,True,0,True,True,True,True
rb1110,rb,ok,11568,11568,True,0,True,True,True,True
sp2006,sp,ok,15816,15816,True,0,True,True,True,True
i1410,i,ok,11232,11232,True,0,True,True,True,True
l1212,l,ok,4714,4714,True,0,True,True,True,True
ps2606,ps,ok,3984,3984,True,0,True,True,True,True
ru2401,ru,ok,17516,17516,True,0,True,True,True,True
CF1705,CF,ok,17447,17447,True,0,True,True,True,True
bu2207,bu,ok,8513,8513,True,0,True,True,True,True
RI2201,RI,ok,6489,6489,True,0,True,True,True,True
eg2405,eg,ok,16786,16786,True,0,True,True,True,True
v1304,v,ok,4221,4221,True,0,True,True,True,True
c1205,c,ok,11209,11209,True,0,True,True,True,True
JR2011,JR,ok,9311,9311,True,0,True,True,True,True
sc2206,sc,ok,77926,77926,True,0,True,True,True,True
ss2105,ss,ok,23252,23252,True,0,True,True,True,True
jd2212,jd,ok,11584,11584,True,0,True,True,True,True
i2408,i,ok,17277,17277,True,0,True,True,True,True
WH2511,WH,ok,4235,4235,True,0,True,True,True,True
IF1902,IF,ok,1650,1650,True,0,True,True,True,True
sc2712,sc,ok,23978,23978,True,0,True,True,True,True
j1704,j,ok,7672,7672,True,0,True,True,True,True
CY2304,CY,ok,17148,17148,True,0,True,True,True,True
TC1312,TC,ok,910,910,True,0,True,True,True,True
y1608,y,ok,8330,8330,True,0,True,True,True,True
ag2008,ag,ok,23389,23389,True,0,True,True,True,True
al2511,al,ok,21240,21240,True,0,True,True,True,True
JR2301,JR,ok,6555,6555,True,0,True,True,True,True
v2402,v,ok,17954,17954,True,0,True,True,True,True
AP2501,AP,ok,11561,11561,True,0,True,True,True,True
RS2109,RS,ok,10552,10552,True,0,True,True,True,True
AP2101,AP,ok,11621,11621,True,0,True,True,True,True
m2112,m,ok,17199,17199,True,0,True,True,True,True
bb2509,bb,ok,4978,4978,True,0,True,True,True,True
jm1807,jm,ok,17489,17489,True,0,True,True,True,True
pb2504,pb,ok,23131,23131,True,0,True,True,True,True
cu1006,cu,ok,5232,5232,True,0,True,True,True,True
sn2303,sn,ok,23228,23228,True,0,True,True,True,True
RM2507,RM,ok,17491,17491,True,0,True,True,True,True
sn1604,sn,ok,17018,17018,True,0,True,True,True,True
b2412,b,ok,17052,17052,True,0,True,True,True,True
UR2205,UR,ok,11554,11554,True,0,True,True,True,True
pg2206,pg,ok,16642,16642,True,0,True,True,True,True
MA2003,MA,ok,16790,16790,True,0,True,True,True,True
jm2406,jm,ok,16992,16992,True,0,True,True,True,True
UR2105,UR,ok,11663,11663,True,0,True,True,True,True
au2304,au,ok,29872,29872,True,0,True,True,True,True
jd2106,jd,ok,11686,11686,True,0,True,True,True,True
ni2405,ni,ok,23180,23180,True,0,True,True,True,True
c1507,c,ok,11295,11295,True,0,True,True,True,True
jm1603,jm,ok,14722,14722,True,0,True,True,True,True
fu1503,fu,ok,7970,7970,True,0,True,True,True,True
ru1901,ru,ok,17564,17564,True,0,True,True,True,True
p1102,p,ok,3660,3660,True,0,True,True,True,True
lh2511,lh,ok,10320,10320,True,0,True,True,True,True
sn2302,sn,ok,23228,23228,True,0,True,True,True,True
i2208,i,ok,17210,17210,True,0,True,True,True,True
SM2602,SM,ok,7776,7776,True,0,True,True,True,True
OI1905,OI,ok,17697,17697,True,0,True,True,True,True
pg2012,pg,ok,12782,12782,True,0,True,True,True,True
LR2205,LR,ok,5031,5031,True,0,True,True,True,True
SR1111,SR,ok,2992,2992,True,0,True,True,True,True
fb2601,fb,ok,8639,8639,True,0,True,True,True,True
SF1905,SF,ok,11740,11740,True,0,True,True,True,True
TC1407,TC,ok,5592,5592,True,0,True,True,True,True
bu1610,bu,ok,7719,7719,True,0,True,True,True,True
PF2502,PF,ok,17074,17074,True,0,True,True,True,True
IH1703,IH,ok,8099,8099,True,0,True,True,True,True
ag1901,ag,ok,27446,27446,True,0,True,True,True,True
m2303,m,ok,17564,17564,True,0,True,True,True,True
p1505,p,ok,16811,16811,True,0,True,True,True,True
j1808,j,ok,17369,17369,True,0,True,True,True,True
ZC2512,ZC,ok,3915,3915,True,0,True,True,True,True
FG1705,FG,ok,17251,17251,True,0,True,True,True,True
ss2211,ss,ok,23227,23227,True,0,True,True,True,True
JR1503,JR,ok,7455,7455,True,0,True,True,True,True
WT1203,WT,ok,3773,3773,True,0,True,True,True,True
br2511,br,ok,16056,16056,True,0,True,True,True,True
p2304,p,ok,17545,17545,True,0,True,True,True,True
eb2404,eb,ok,17441,17441,True,0,True,True,True,True
bu2505,bu,ok,17490,17490,True,0,True,True,True,True
rb1405,rb,ok,11603,11603,True,0,True,True,True,True
TL2306,TL,ok,1721,1721,True,0,True,True,True,True
pp2210,pp,ok,17563,17563,True,0,True,True,True,True
pp1810,pp,ok,11103,11103,True,0,True,True,True,True
OI2205,OI,ok,17402,17402,True,0,True,True,True,True
pb2107,pb,ok,23374,23374,True,0,True,True,True,True
wr2505,wr,ok,10345,10345,True,0,True,True,True,True
l1803,l,ok,11461,11461,True,0,True,True,True,True
sp2005,sp,ok,16099,16099,True,0,True,True,True,True
ru1103,ru,ok,11600,11600,True,0,True,True,True,True
pb1801,pb,ok,23312,23312,True,0,True,True,True,True
rb1707,rb,ok,17009,17009,True,0,True,True,True,True
TA1512,TA,ok,16953,16953,True,0,True,True,True,True
PR2506,PR,ok,13314,13314,True,0,True,True,True,True
ag1211,ag,ok,6240,6240,True,0,True,True,True,True
j1510,j,ok,16465,16465,True,0,True,True,True,True
zn1012,zn,ok,11024,11024,True,0,True,True,True,True
pg2501,pg,ok,16625,16625,True,0,True,True,True,True
ru1405,ru,ok,11616,11616,True,0,True,True,True,True
jd1907,jd,ok,11442,11442,True,0,True,True,True,True
al1704,al,ok,21690,21690,True,0,True,True,True,True
SM2211,SM,ok,11632,11632,True,0,True,True,True,True
pp2010,pp,ok,16044,16044,True,0,True,True,True,True
ru1410,ru,ok,11759,11759,True,0,True,True,True,True
ni2106,ni,ok,23131,23131,True,0,True,True,True,True
lu2302,lu,ok,17179,17179,True,0,True,True,True,True
ni2012,ni,ok,20167,20167,True,0,True,True,True,True
i2403,i,ok,17284,17284,True,0,True,True,True,True
p1311,p,ok,9465,9465,True,0,True,True,True,True
lh2305,lh,ok,11558,11558,True,0,True,True,True,True
ru2305,ru,ok,17564,17564,True,0,True,True,True,True
PM2205,PM,ok,6294,6294,True,0,True,True,True,True
T1906,T,ok,9353,9353,True,0,True,True,True,True
j2003,j,ok,16358,16358,True,0,True,True,True,True
bu1602,bu,ok,7512,7512,True,0,True,True,True,True
fu2006,fu,ok,15966,15966,True,0,True,True,True,True
ag1812,ag,ok,27561,27561,True,0,True,True,True,True
pp2304,pp,ok,17550,17550,True,0,True,True,True,True
ec2606,ec,ok,3504,3504,True,0,True,True,True,True
l1502,l,ok,10965,10965,True,0,True,True,True,True
v2011,v,ok,15566,15566,True,0,True,True,True,True
c2205,c,ok,17405,17405,True,0,True,True,True,True
au1004,au,ok,2688,2688,True,0,True,True,True,True
ru2209,ru,ok,17393,17393,True,0,True,True,True,True
sn1808,sn,ok,23254,23254,True,0,True,True,True,True
l1501,l,ok,11708,11708,True,0,True,True,True,True
RI2601,RI,ok,3402,3402,True,0,True,True,True,True
ag1312,ag,ok,18515,18515,True,0,True,True,True,True
SR1209,SR,ok,1885,1885,True,0,True,True,True,True
sn2004,sn,ok,20754,20754,True,0,True,True,True,True
fu1304,fu,ok,9384,9384,True,0,True,True,True,True
TA2604,TA,ok,8904,8904,True,0,True,True,True,True
IC1603,IC,ok,8075,8075,True,0,True,True,True,True
ni1512,ni,ok,16855,16855,True,0,True,True,True,True
FG1808,FG,ok,17196,17196,True,0,True,True,True,True
RI2307,RI,ok,4561,4561,True,0,True,True,True,True
y2507,y,ok,17357,17357,True,0,True,True,True,True
sp2309,sp,ok,17662,17662,True,0,True,True,True,True
ag2406,ag,ok,27246,27246,True,0,True,True,True,True
PR2503,PR,ok,9133,9133,True,0,True,True,True,True
y2201,y,ok,17564,17564,True,0,True,True,True,True
ru1505,ru,ok,13935,13935,True,0,True,True,True,True
v1012,v,ok,5808,5808,True,0,True,True,True,True
fb1811,fb,ok,1224,1224,True,0,True,True,True,True
ag1509,ag,ok,27561,27561,True,0,True,True,True,True
TA1110,TA,ok,3955,3955,True,0,True,True,True,True
p1906,p,ok,16790,16790,True,0,True,True,True,True
m1401,m,ok,11423,11423,True,0,True,True,True,True
bu2110,bu,ok,8659,8659,True,0,True,True,True,True
wr1201,wr,ok,9559,9559,True,0,True,True,True,True
al2010,al,ok,20288,20288,True,0,True,True,True,True
RM2511,RM,ok,16129,16129,True,0,True,True,True,True
sp2511,sp,ok,16056,16056,True,0,True,True,True,True
bu2405,bu,ok,17496,17496,True,0,True,True,True,True
jm2302,jm,ok,16542,16542,True,0,True,True,True,True
y1907,y,ok,16529,16529,True,0,True,True,True,True
p2412,p,ok,17418,17418,True,0,True,True,True,True
b2210,b,ok,17551,17551,True,0,True,True,True,True
TS2403,TS,ok,9512,9512,True,0,True,True,True,True
bu2604,bu,ok,8904,8904,True,0,True,True,True,True
MA2305,MA,ok,17564,17564,True,0,True,True,True,True
UR2605,UR,ok,4896,4896,True,0,True,True,True,True
ag1403,ag,ok,22478,22478,True,0,True,True,True,True
y2411,y,ok,17212,17212,True,0,True,True,True,True
OI2405,OI,ok,17516,17516,True,0,True,True,True,True
a2403,a,ok,17521,17521,True,0,True,True,True,True
RI2209,RI,ok,5956,5956,True,0,True,True,True,True
au1002,au,ok,960,960,True,0,True,True,True,True
c1805,c,ok,11641,11641,True,0,True,True,True,True
jm2501,jm,ok,17440,17440,True,0,True,True,True,True
wr1204,wr,ok,6144,6144,True,0,True,True,True,True
sc2403,sc,ok,82464,82464,True,0,True,True,True,True
pp1812,pp,ok,11215,11215,True,0,True,True,True,True
wr2207,wr,ok,8140,8140,True,0,True,True,True,True
ME1205,ME,ok,130,130,True,0,True,True,True,True
l1104,l,ok,6772,6772,True,0,True,True,True,True
al1810,al,ok,23228,23228,True,0,True,True,True,True
zn1504,zn,ok,23312,23312,True,0,True,True,True,True
l2508,l,ok,17417,17417,True,0,True,True,True,True
cs2307,cs,ok,17294,17294,True,0,True,True,True,True
ER1303,ER,ok,6993,6993,True,0,True,True,True,True
hc1808,hc,ok,17353,17353,True,0,True,True,True,True
PM2003,PM,ok,4581,4581,True,0,True,True,True,True
bc2306,bc,ok,23261,23261,True,0,True,True,True,True
RM2205,RM,ok,17405,17405,True,0,True,True,True,True
CY2008,CY,ok,8642,8642,True,0,True,True,True,True
jm1703,jm,ok,5130,5130,True,0,True,True,True,True
pb2507,pb,ok,23131,23131,True,0,True,True,True,True
OI1309,OI,ok,3345,3345,True,0,True,True,True,True
fb1911,fb,ok,2385,2385,True,0,True,True,True,True
TF1512,TF,ok,9381,9381,True,0,True,True,True,True
TF1606,TF,ok,9298,9298,True,0,True,True,True,True
pp1410,pp,ok,7027,7027,True,0,True,True,True,True
rb1404,rb,ok,11405,11405,True,0,True,True,True,True
zn2009,zn,ok,20288,20288,True,0,True,True,True,True
IF1607,IF,ok,1899,1899,True,0,True,True,True,True
m1003,m,ok,1643,1643,True,0,True,True,True,True
al2406,al,ok,23034,23034,True,0,True,True,True,True
zn2303,zn,ok,23228,23228,True,0,True,True,True,True
p1012,p,ok,5009,5009,True,0,True,True,True,True
cs2407,cs,ok,16938,16938,True,0,True,True,True,True
fu1904,fu,ok,12203,12203,True,0,True,True,True,True
bb2601,bb,ok,3906,3906,True,0,True,True,True,True
TC1412,TC,ok,4817,4817,True,0,True,True,True,True
zn1703,zn,ok,19955,19955,True,0,True,True,True,True
CJ2512,CJ,ok,9696,9696,True,0,True,True,True,True
p1404,p,ok,10955,10955,True,0,True,True,True,True
ag2108,ag,ok,27543,27543,True,0,True,True,True,True
fu2501,fu,ok,17491,17491,True,0,True,True,True,True
rb1811,rb,ok,17528,17528,True,0,True,True,True,True
fu2511,fu,ok,16859,16859,True,0,True,True,True,True
a1009,a,ok,8013,8013,True,0,True,True,True,True
fu2204,fu,ok,17430,17430,True,0,True,True,True,True
bc2311,bc,ok,22810,22810,True,0,True,True,True,True
IC1710,IC,ok,2000,2000,True,0,True,True,True,True
PR2606,PR,ok,6034,6034,True,0,True,True,True,True
wr2003,wr,ok,6157,6157,True,0,True,True,True,True
ss2108,ss,ok,23223,23223,True,0,True,True,True,True
IH1812,IH,ok,8300,8300,True,0,True,True,True,True
au2505,au,ok,6513,6513,True,0,True,True,True,True
sn2606,sn,ok,8002,8002,True,0,True,True,True,True
jm2110,jm,ok,17293,17293,True,0,True,True,True,True
p1611,p,ok,3682,3682,True,0,True,True,True,True
IH2203,IH,ok,8100,8100,True,0,True,True,True,True
IH2009,IH,ok,8150,8150,True,0,True,True,True,True
y1505,y,ok,13886,13886,True,0,True,True,True,True
SH2410,SH,ok,16931,16931,True,0,True,True,True,True
au1309,au,ok,14595,14595,True,0,True,True,True,True
cs2007,cs,ok,15163,15163,True,0,True,True,True,True
pb1705,pb,ok,16773,16773,True,0,True,True,True,True
sc2603,sc,ok,72230,72230,True,0,True,True,True,True
p1206,p,ok,4609,4609,True,0,True,True,True,True
OI1805,OI,ok,17582,17582,True,0,True,True,True,True
FG2301,FG,ok,17465,17465,True,0,True,True,True,True
jd2109,jd,ok,11603,11603,True,0,True,True,True,True
PX2502,PX,ok,16820,16820,True,0,True,True,True,True
MA2507,MA,ok,17423,17423,True,0,True,True,True,True
SF1608,SF,ok,597,597,True,0,True,True,True,True
jm2206,jm,ok,17125,17125,True,0,True,True,True,True
j1605,j,ok,17533,17533,True,0,True,True,True,True
jm1811,jm,ok,17017,17017,True,0,True,True,True,True
OI2101,OI,ok,16064,16064,True,0,True,True,True,True
j2602,j,ok,11726,11726,True,0,True,True,True,True
IC2104,IC,ok,1950,1950,True,0,True,True,True,True
v1606,v,ok,6597,6597,True,0,True,True,True,True
pb2106,pb,ok,23131,23131,True,0,True,True,True,True
hc2008,hc,ok,15845,15845,True,0,True,True,True,True
fb2010,fb,ok,2906,2906,True,0,True,True,True,True
LR1711,LR,ok,6490,6490,True,0,True,True,True,True
pp1512,pp,ok,11023,11023,True,0,True,True,True,True
pp2002,pp,ok,16166,16166,True,0,True,True,True,True
FG1804,FG,ok,17112,17112,True,0,True,True,True,True
c1601,c,ok,11395,11395,True,0,True,True,True,True
SR2301,SR,ok,17491,17491,True,0,True,True,True,True
PM2507,PM,ok,4580,4580,True,0,True,True,True,True
ru1906,ru,ok,17386,17386,True,0,True,True,True,True
TA2003,TA,ok,16820,16820,True,0,True,True,True,True
pp1803,pp,ok,11529,11529,True,0,True,True,True,True
UR2107,UR,ok,11711,11711,True,0,True,True,True,True
ru1508,ru,ok,15459,15459,True,0,True,True,True,True
SA2101,SA,ok,16047,16047,True,0,True,True,True,True
a1409,a,ok,17328,17328,True,0,True,True,True,True
rr2008,rr,ok,15484,15484,True,0,True,True,True,True
bb1710,bb,ok,438,438,True,0,True,True,True,True
cu1904,cu,ok,23228,23228,True,0,True,True,True,True
sc2211,sc,ok,27472,27472,True,0,True,True,True,True
m2509,m,ok,17284,17284,True,0,True,True,True,True
IC2101,IC,ok,1950,1950,True,0,True,True,True,True
FG2004,FG,ok,15884,15884,True,0,True,True,True,True
rb2512,rb,ok,14523,14523,True,0,True,True,True,True
nr2206,nr,ok,17155,17155,True,0,True,True,True,True
j2105,j,ok,17573,17573,True,0,True,True,True,True
bc2211,bc,ok,22936,22936,True,0,True,True,True,True
p1510,p,ok,16685,16685,True,0,True,True,True,True
SA2212,SA,ok,17564,17564,True,0,True,True,True,True
zn2308,zn,ok,23228,23228,True,0,True,True,True,True
lh2303,lh,ok,11299,11299,True,0,True,True,True,True
p2501,p,ok,17491,17491,True,0,True,True,True,True
RO1109,RO,ok,294,294,True,0,True,True,True,True
sp2403,sp,ok,17589,17589,True,0,True,True,True,True
IH2002,IH,ok,1900,1900,True,0,True,True,True,True
AP1910,AP,ok,11645,11645,True,0,True,True,True,True
SR1303,SR,ok,7391,7391,True,0,True,True,True,True
a1705,a,ok,26320,26320,True,0,True,True,True,True
JR2311,JR,ok,4561,4561,True,0,True,True,True,True
rb2010,rb,ok,16064,16064,True,0,True,True,True,True
ru1110,ru,ok,11600,11600,True,0,True,True,True,True
ru1403,ru,ok,11520,11520,True,0,True,True,True,True
bu1406,bu,ok,8112,8112,True,0,True,True,True,True
au1804,au,ok,29852,29852,True,0,True,True,True,True
sp2502,sp,ok,17093,17093,True,0,True,True,True,True
jm1501,jm,ok,11953,11953,True,0,True,True,True,True
zn2107,zn,ok,23374,23374,True,0,True,True,True,True
PM1405,PM,ok,9513,9513,True,0,True,True,True,True
JR2305,JR,ok,4561,4561,True,0,True,True,True,True
CF1307,CF,ok,4781,4781,True,0,True,True,True,True
JR2403,JR,ok,4599,4599,True,0,True,True,True,True
p1409,p,ok,12856,12856,True,0,True,True,True,True
PM1407,PM,ok,9111,9111,True,0,True,True,True,True
SR2511,SR,ok,16129,16129,True,0,True,True,True,True
SF2212,SF,ok,11645,11645,True,0,True,True,True,True
CY1806,CY,ok,7454,7454,True,0,True,True,True,True
al2201,al,ok,23228,23228,True,0,True,True,True,True
l1503,l,ok,11196,11196,True,0,True,True,True,True
y2205,y,ok,17386,17386,True,0,True,True,True,True
IC2406,IC,ok,8100,8100,True,0,True,True,True,True
j1507,j,ok,16933,16933,True,0,True,True,True,True
TA1806,TA,ok,17683,17683,True,0,True,True,True,True
v1203,v,ok,2249,2249,True,0,True,True,True,True
SR2303,SR,ok,17563,17563,True,0,True,True,True,True
au2009,au,ok,6993,6993,True,0,True,True,True,True
b2504,b,ok,16785,16785,True,0,True,True,True,True
a1809,a,ok,26906,26906,True,0,True,True,True,True
SM1703,SM,ok,4678,4678,True,0,True,True,True,True
ZC1805,ZC,ok,17643,17643,True,0,True,True,True,True
sp2010,sp,ok,15957,15957,True,0,True,True,True,True
si2502,si,ok,8736,8736,True,0,True,True,True,True
fb1508,fb,ok,9446,9446,True,0,True,True,True,True
jd1809,jd,ok,11664,11664,True,0,True,True,True,True
PK2403,PK,ok,11651,11651,True,0,True,True,True,True
j2508,j,ok,16907,16907,True,0,True,True,True,True
hc2203,hc,ok,17564,17564,True,0,True,True,True,True
TA2312,TA,ok,17589,17589,True,0,True,True,True,True
m2001,m,ok,17618,17618,True,0,True,True,True,True
pb1701,pb,ok,14851,14851,True,0,True,True,True,True
fb2411,fb,ok,10974,10974,True,0,True,True,True,True
b2510,b,ok,17233,17233,True,0,True,True,True,True
IF2311,IF,ok,1950,1950,True,0,True,True,True,True
AP1905,AP,ok,11728,11728,True,0,True,True,True,True
SR1707,SR,ok,25933,25933,True,0,True,True,True,True
m2207,m,ok,17424,17424,True,0,True,True,True,True
IF1204,IF,ok,2100,2100,True,0,True,True,True,True
fu2404,fu,ok,17443,17443,True,0,True,True,True,True
ru1209,ru,ok,11679,11679,True,0,True,True,True,True
j1303,j,ok,3085,3085,True,0,True,True,True,True
SR1405,SR,ok,1743,1743,True,0,True,True,True,True
wr1203,wr,ok,7175,7175,True,0,True,True,True,True
SH2407,SH,ok,13990,13990,True,0,True,True,True,True
MA1710,MA,ok,17121,17121,True,0,True,True,True,True
rb1508,rb,ok,15432,15432,True,0,True,True,True,True
pp2605,pp,ok,7396,7396,True,0,True,True,True,True
ZC1605,ZC,ok,16540,16540,True,0,True,True,True,True
a1801,a,ok,25525,25525,True,0,True,True,True,True
FG1503,FG,ok,10227,10227,True,0,True,True,True,True
jd1502,jd,ok,11183,11183,True,0,True,True,True,True
ZC1904,ZC,ok,17138,17138,True,0,True,True,True,True
T2509,T,ok,9671,9671,True,0,True,True,True,True
bu1810,bu,ok,8671,8671,True,0,True,True,True,True
CF1903,CF,ok,17220,17220,True,0,True,True,True,True
IH2211,IH,ok,2000,2000,True,0,True,True,True,True
p2503,p,ok,17405,17405,True,0,True,True,True,True
al1307,al,ok,11472,11472,True,0,True,True,True,True
bu2306,bu,ok,35212,35212,True,0,True,True,True,True
TA2605,TA,ok,7396,7396,True,0,True,True,True,True
sp2411,sp,ok,17491,17491,True,0,True,True,True,True
v2103,v,ok,16715,16715,True,0,True,True,True,True
jd1411,jd,ok,11502,11502,True,0,True,True,True,True
p1201,p,ok,11278,11278,True,0,True,True,True,True
fb1910,fb,ok,2915,2915,True,0,True,True,True,True
m1208,m,ok,9534,9534,True,0,True,True,True,True
SM1601,SM,ok,8493,8493,True,0,True,True,True,True
IF1106,IF,ok,8250,8250,True,0,True,True,True,True
CF1505,CF,ok,6887,6887,True,0,True,True,True,True
PM1401,PM,ok,8014,8014,True,0,True,True,True,True
bc2510,bc,ok,23007,23007,True,0,True,True,True,True
CY2202,CY,ok,15504,15504,True,0,True,True,True,True
sc2109,sc,ok,78143,78143,True,0,True,True,True,True
IH1609,IH,ok,8248,8248,True,0,True,True,True,True
ag1903,ag,ok,27372,27372,True,0,True,True,True,True
fu1606,fu,ok,6429,6429,True,0,True,True,True,True
WH2209,WH,ok,8618,8618,True,0,True,True,True,True
WS1305,WS,ok,756,756,True,0,True,True,True,True
RI2505,RI,ok,4692,4692,True,0,True,True,True,True
CF1701,CF,ok,17637,17637,True,0,True,True,True,True
SA2303,SA,ok,17563,17563,True,0,True,True,True,True
JR1603,JR,ok,4613,4613,True,0,True,True,True,True
cu1811,cu,ok,23325,23325,True,0,True,True,True,True
cs2501,cs,ok,17417,17417,True,0,True,True,True,True
PX2408,PX,ok,15595,15595,True,0,True,True,True,True
hc2011,hc,ok,15750,15750,True,0,True,True,True,True
c1611,c,ok,10920,10920,True,0,True,True,True,True
l1301,l,ok,11638,11638,True,0,True,True,True,True
wr1506,wr,ok,4296,4296,True,0,True,True,True,True
pp1508,pp,ok,11253,11253,True,0,True,True,True,True
SA2409,SA,ok,17516,17516,True,0,True,True,True,True
bu2410,bu,ok,17404,17404,True,0,True,True,True,True
PM1301,PM,ok,5537,5537,True,0,True,True,True,True
pb2606,pb,ok,8002,8002,True,0,True,True,True,True
br2402,br,ok,9580,9580,True,0,True,True,True,True
SF1701,SF,ok,10258,10258,True,0,True,True,True,True
ni2505,ni,ok,23131,23131,True,0,True,True,True,True
a1107,a,ok,13235,13235,True,0,True,True,True,True
OI2511,OI,ok,16129,16129,True,0,True,True,True,True
CY1906,CY,ok,14303,14303,True,0,True,True,True,True
SA2404,SA,ok,17443,17443,True,0,True,True,True,True
cs1711,cs,ok,11242,11242,True,0,True,True,True,True
FG2311,FG,ok,17522,17522,True,0,True,True,True,True
RS1809,RS,ok,10555,10555,True,0,True,True,True,True
FG1509,FG,ok,9907,9907,True,0,True,True,True,True
rb2206,rb,ok,17427,17427,True,0,True,True,True,True
fb2501,fb,ok,11123,11123,True,0,True,True,True,True
RM2301,RM,ok,17382,17382,True,0,True,True,True,True
ru2405,ru,ok,17516,17516,True,0,True,True,True,True
v1202,v,ok,2821,2821,True,0,True,True,True,True
fu2112,fu,ok,17478,17478,True,0,True,True,True,True
al2502,al,ok,22937,22937,True,0,True,True,True,True
PM2405,PM,ok,4580,4580,True,0,True,True,True,True
bb2410,bb,ok,68,68,True,0,True,True,True,True
ME1402,ME,ok,3289,3289,True,0,True,True,True,True
ag2408,ag,ok,27543,27543,True,0,True,True,True,True
FG1703,FG,ok,17096,17096,True,0,True,True,True,True
pb1706,pb,ok,17098,17098,True,0,True,True,True,True
bu2102,bu,ok,8471,8471,True,0,True,True,True,True
jm2605,jm,ok,7396,7396,True,0,True,True,True,True
al1903,al,ok,23228,23228,True,0,True,True,True,True
al2304,al,ok,23325,23325,True,0,True,True,True,True
JR2605,JR,ok,1920,1920,True,0,True,True,True,True
pb2412,pb,ok,23034,23034,True,0,True,True,True,True
IF1805,IF,ok,2050,2050,True,0,True,True,True,True
zn1808,zn,ok,23471,23471,True,0,True,True,True,True
WH1803,WH,ok,10384,10384,True,0,True,True,True,True
TA1202,TA,ok,5898,5898,True,0,True,True,True,True
b2305,b,ok,17318,17318,True,0,True,True,True,True
ss2007,ss,ok,15155,15155,True,0,True,True,True,True
IC2305,IC,ok,2050,2050,True,0,True,True,True,True
JR1509,JR,ok,5003,5003,True,0,True,True,True,True
ru2604,ru,ok,8904,8904,True,0,True,True,True,True
bu2105,bu,ok,8554,8554,True,0,True,True,True,True
jd2510,jd,ok,11315,11315,True,0,True,True,True,True
au2512,au,ok,25013,25013,True,0,True,True,True,True
j2112,j,ok,17097,17097,True,0,True,True,True,True
j2606,j,ok,6034,6034,True,0,True,True,True,True
pb2410,pb,ok,23021,23021,True,0,True,True,True,True
i2101,i,ok,16064,16064,True,0,True,True,True,True
sn1608,sn,ok,9253,9253,True,0,True,True,True,True
ni2110,ni,ok,23228,23228,True,0,True,True,True,True
pb2301,pb,ok,23131,23131,True,0,True,True,True,True
v1903,v,ok,11202,11202,True,0,True,True,True,True
rb2003,rb,ok,16801,16801,True,0,True,True,True,True
bb2102,bb,ok,1599,1599,True,0,True,True,True,True
CY2002,CY,ok,10533,10533,True,0,True,True,True,True
PM1603,PM,ok,7280,7280,True,0,True,True,True,True
a2501,a,ok,17491,17491,True,0,True,True,True,True
eb2104,eb,ok,17410,17410,True,0,True,True,True,True
p1912,p,ok,16614,16614,True,0,True,True,True,True
au2010,au,ok,25065,25065,True,0,True,True,True,True
fu1609,fu,ok,4041,4041,True,0,True,True,True,True
zn1310,zn,ok,11424,11424,True,0,True,True,True,True
ao2403,ao,ok,17179,17179,True,0,True,True,True,True
UR2304,UR,ok,11651,11651,True,0,True,True,True,True
bu2203,bu,ok,34273,34273,True,0,True,True,True,True
sp2307,sp,ok,17563,17563,True,0,True,True,True,True
p1403,p,ok,10789,10789,True,0,True,True,True,True
pg2305,pg,ok,17524,17524,True,0,True,True,True,True
rb2603,rb,ok,10339,10339,True,0,True,True,True,True
au1907,au,ok,6647,6647,True,0,True,True,True,True
au1705,au,ok,6401,6401,True,0,True,True,True,True
v1206,v,ok,3868,3868,True,0,True,True,True,True
RM1601,RM,ok,17612,17612,True,0,True,True,True,True
JR2511,JR,ok,4219,4219,True,0,True,True,True,True
sn2104,sn,ok,22702,22702,True,0,True,True,True,True
sn1606,sn,ok,14587,14587,True,0,True,True,True,True
jd2603,jd,ok,6528,6528,True,0,True,True,True,True
c1707,c,ok,11333,11333,True,0,True,True,True,True
fu1608,fu,ok,5586,5586,True,0,True,True,True,True
j1706,j,ok,9821,9821,True,0,True,True,True,True
FG1612,FG,ok,17211,17211,True,0,True,True,True,True
m1505,m,ok,13887,13887,True,0,True,True,True,True
zn1510,zn,ok,23275,23275,True,0,True,True,True,True
SM2510,SM,ok,11568,11568,True,0,True,True,True,True
ru1803,ru,ok,17607,17607,True,0,True,True,True,True
cu1507,cu,ok,23410,23410,True,0,True,True,True,True
i1708,i,ok,16479,16479,True,0,True,True,True,True
ME1305,ME,ok,1581,1581,True,0,True,True,True,True
IH2109,IH,ok,8250,8250,True,0,True,True,True,True
ss2312,ss,ok,23228,23228,True,0,True,True,True,True
pp2602,pp,ok,11726,11726,True,0,True,True,True,True
pg2407,pg,ok,17512,17512,True,0,True,True,True,True
fb2001,fb,ok,8636,8636,True,0,True,True,True,True
FG2211,FG,ok,17391,17391,True,0,True,True,True,True
bu1705,bu,ok,8658,8658,True,0,True,True,True,True
pb1601,pb,ok,23013,23013,True,0,True,True,True,True
ru2001,ru,ok,17637,17637,True,0,True,True,True,True
bu1604,bu,ok,5858,5858,True,0,True,True,True,True
br2409,br,ok,17414,17414,True,0,True,True,True,True
bc2208,bc,ok,22851,22851,True,0,True,True,True,True
ZC2109,ZC,ok,17424,17424,True,0,True,True,True,True
LR1705,LR,ok,5886,5886,True,0,True,True,True,True
CF2605,CF,ok,7396,7396,True,0,True,True,True,True
cu1607,cu,ok,23373,23373,True,0,True,True,True,True
SF2308,SF,ok,11664,11664,True,0,True,True,True,True
RI1601,RI,ok,11214,11214,True,0,True,True,True,True
b1809,b,ok,16662,16662,True,0,True,True,True,True
bc2410,bc,ok,22813,22813,True,0,True,True,True,True
rr2412,rr,ok,16636,16636,True,0,True,True,True,True
p2106,p,ok,17029,17029,True,0,True,True,True,True
ao2602,ao,ok,15615,15615,True,0,True,True,True,True
ru1406,ru,ok,11663,11663,True,0,True,True,True,True
JR1605,JR,ok,5808,5808,True,0,True,True,True,True
cu2001,cu,ok,23325,23325,True,0,True,True,True,True
ZC2505,ZC,ok,7039,7039,True,0,True,True,True,True
al2509,al,ok,23083,23083,True,0,True,True,True,True
ru2201,ru,ok,17564,17564,True,0,True,True,True,True
i2508,i,ok,17405,17405,True,0,True,True,True,True
zn2412,zn,ok,23034,23034,True,0,True,True,True,True
i1608,i,ok,14360,14360,True,0,True,True,True,True
sn2108,sn,ok,23277,23277,True,0,True,True,True,True
ZC2412,ZC,ok,9404,9404,True,0,True,True,True,True
WT1207,WT,ok,5795,5795,True,0,True,True,True,True
T2006,T,ok,9406,9406,True,0,True,True,True,True
sc2506,sc,ok,82234,82234,True,0,True,True,True,True
IC1601,IC,ok,1925,1925,True,0,True,True,True,True
jd2406,jd,ok,11555,11555,True,0,True,True,True,True
wr1906,wr,ok,4608,4608,True,0,True,True,True,True
T1912,T,ok,9989,9989,True,0,True,True,True,True
PF2501,PF,ok,17334,17334,True,0,True,True,True,True
PX2409,PX,ok,17246,17246,True,0,True,True,True,True
PK2404,PK,ok,11568,11568,True,0,True,True,True,True
ag1603,ag,ok,26570,26570,True,0,True,True,True,True
CF2305,CF,ok,17563,17563,True,0,True,True,True,True
TA1410,TA,ok,8571,8571,True,0,True,True,True,True
ru2010,ru,ok,15864,15864,True,0,True,True,True,True
m1812,m,ok,17075,17075,True,0,True,True,True,True
JR1409,JR,ok,5532,5532,True,0,True,True,True,True
v2511,v,ok,16129,16129,True,0,True,True,True,True
hc2205,hc,ok,17418,17418,True,0,True,True,True,True
ss2002,ss,ok,8161,8161,True,0,True,True,True,True
p1609,p,ok,17330,17330,True,0,True,True,True,True
j1806,j,ok,17667,17667,True,0,True,True,True,True
JR1411,JR,ok,9334,9334,True,0,True,True,True,True
fu1501,fu,ok,8908,8908,True,0,True,True,True,True
eg1908,eg,ok,9563,9563,True,0,True,True,True,True
CY1907,CY,ok,14077,14077,True,0,True,True,True,True
CF1109,CF,ok,573,573,True,0,True,True,True,True
MA2101,MA,ok,16051,16051,True,0,True,True,True,True
al1107,al,ok,11504,11504,True,0,True,True,True,True
l2512,l,ok,14523,14523,True,0,True,True,True,True
wr1704,wr,ok,2,2,True,0,True,True,True,True
ni2411,ni,ok,23131,23131,True,0,True,True,True,True
sc2604,sc,ok,15027,15027,True,0,True,True,True,True
al2404,al,ok,22974,22974,True,0,True,True,True,True
TA2108,TA,ok,17589,17589,True,0,True,True,True,True
SM2011,SM,ok,11207,11207,True,0,True,True,True,True
bb1507,bb,ok,4453,4453,True,0,True,True,True,True
c2107,c,ok,17470,17470,True,0,True,True,True,True
v1911,v,ok,14636,14636,True,0,True,True,True,True
wr2506,wr,ok,10803,10803,True,0,True,True,True,True
TA2510,TA,ok,17443,17443,True,0,True,True,True,True
MA2308,MA,ok,17564,17564,True,0,True,True,True,True
pp2505,pp,ok,17478,17478,True,0,True,True,True,True
TC1602,TC,ok,8737,8737,True,0,True,True,True,True
c1903,c,ok,11292,11292,True,0,True,True,True,True
cu1908,cu,ok,23228,23228,True,0,True,True,True,True
al1411,al,ok,22173,22173,True,0,True,True,True,True
WS1103,WS,ok,457,457,True,0,True,True,True,True
pb1702,pb,ok,15860,15860,True,0,True,True,True,True
wr1508,wr,ok,3289,3289,True,0,True,True,True,True
j1304,j,ok,3710,3710,True,0,True,True,True,True
lh2505,lh,ok,11507,11507,True,0,True,True,True,True
jm2307,jm,ok,16834,16834,True,0,True,True,True,True
UR2507,UR,ok,11568,11568,True,0,True,True,True,True
l1808,l,ok,11506,11506,True,0,True,True,True,True
IC1608,IC,ok,2249,2249,True,0,True,True,True,True
cu1410,cu,ok,21070,21070,True,0,True,True,True,True
RI1811,RI,ok,10020,10020,True,0,True,True,True,True
T1909,T,ok,9671,9671,True,0,True,True,True,True
j1612,j,ok,9811,9811,True,0,True,True,True,True
eg2402,eg,ok,17318,17318,True,0,True,True,True,True
i2305,i,ok,17564,17564,True,0,True,True,True,True
cu2601,cu,ok,17215,17215,True,0,True,True,True,True
fb2407,fb,ok,9648,9648,True,0,True,True,True,True
rr2502,rr,ok,16897,16897,True,0,True,True,True,True
ni1704,ni,ok,11456,11456,True,0,True,True,True,True
ec2512,ec,ok,9168,9168,True,0,True,True,True,True
bu1505,bu,ok,4230,4230,True,0,True,True,True,True
SA2012,SA,ok,15810,15810,True,0,True,True,True,True
bc2406,bc,ok,22917,22917,True,0,True,True,True,True
au2604,au,ok,16177,16177,True,0,True,True,True,True
pb2405,pb,ok,23179,23179,True,0,True,True,True,True
a1911,a,ok,25928,25928,True,0,True,True,True,True
p2303,p,ok,17532,17532,True,0,True,True,True,True
RI1907,RI,ok,5053,5053,True,0,True,True,True,True
TF2103,TF,ok,9565,9565,True,0,True,True,True,True
p1604,p,ok,13874,13874,True,0,True,True,True,True
j1603,j,ok,14978,14978,True,0,True,True,True,True
IH2508,IH,ok,2000,2000,True,0,True,True,True,True
lh2111,lh,ok,10166,10166,True,0,True,True,True,True
wr1311,wr,ok,7927,7927,True,0,True,True,True,True
pp1608,pp,ok,6501,6501,True,0,True,True,True,True
ss2106,ss,ok,23130,23130,True,0,True,True,True,True
pg2108,pg,ok,17248,17248,True,0,True,True,True,True
pb1204,pb,ok,11663,11663,True,0,True,True,True,True
p1805,p,ok,17630,17630,True,0,True,True,True,True
b1605,b,ok,9592,9592,True,0,True,True,True,True
y1309,y,ok,11470,11470,True,0,True,True,True,True
bu1808,bu,ok,8511,8511,True,0,True,True,True,True
PM1505,PM,ok,8571,8571,True,0,True,True,True,True
i2410,i,ok,17297,17297,True,0,True,True,True,True
cs2605,cs,ok,7396,7396,True,0,True,True,True,True
SA2301,SA,ok,17491,17491,True,0,True,True,True,True
v2212,v,ok,17550,17550,True,0,True,True,True,True
sp2211,sp,ok,17564,17564,True,0,True,True,True,True
l1801,l,ok,11711,11711,True,0,True,True,True,True
hc2502,hc,ok,17303,17303,True,0,True,True,True,True
ru2110,ru,ok,17548,17548,True,0,True,True,True,True
c2311,c,ok,17557,17557,True,0,True,True,True,True
TA2107,TA,ok,17661,17661,True,0,True,True,True,True
rr2106,rr,ok,17145,17145,True,0,True,True,True,True
pp2407,pp,ok,17417,17417,True,0,True,True,True,True
cu1903,cu,ok,23228,23228,True,0,True,True,True,True
SM2306,SM,ok,11712,11712,True,0,True,True,True,True
SM2202,SM,ok,11615,11615,True,0,True,True,True,True
ni2212,ni,ok,23131,23131,True,0,True,True,True,True
v1209,v,ok,11365,11365,True,0,True,True,True,True
l1105,l,ok,10162,10162,True,0,True,True,True,True
jm1608,jm,ok,7902,7902,True,0,True,True,True,True
br2604,br,ok,8904,8904,True,0,True,True,True,True
bb1801,bb,ok,725,725,True,0,True,True,True,True
eb2302,eb,ok,17310,17310,True,0,True,True,True,True
bu1802,bu,ok,8733,8733,True,0,True,True,True,True
wr1605,wr,ok,640,640,True,0,True,True,True,True
zn1303,zn,ok,11615,11615,True,0,True,True,True,True
ru1509,ru,ok,15937,15937,True,0,True,True,True,True
l1701,l,ok,11711,11711,True,0,True,True,True,True
rb2101,rb,ok,16064,16064,True,0,True,True,True,True
bu2601,bu,ok,13015,13015,True,0,True,True,True,True
p1911,p,ok,16789,16789,True,0,True,True,True,True
jd2303,jd,ok,11619,11619,True,0,True,True,True,True
fb1511,fb,ok,7574,7574,True,0,True,True,True,True
pb1406,pb,ok,16968,16968,True,0,True,True,True,True
rb1005,rb,ok,4272,4272,True,0,True,True,True,True
pp2007,pp,ok,15999,15999,True,0,True,True,True,True
IC2109,IC,ok,8250,8250,True,0,True,True,True,True
fb1505,fb,ok,11602,11602,True,0,True,True,True,True
fb2405,fb,ok,10437,10437,True,0,True,True,True,True
hc2307,hc,ok,17537,17537,True,0,True,True,True,True
sp2103,sp,ok,16741,16741,True,0,True,True,True,True
TL2409,TL,ok,9883,9883,True,0,True,True,True,True
jm1412,jm,ok,10885,10885,True,0,True,True,True,True
RI2411,RI,ok,4580,4580,True,0,True,True,True,True
jd1909,jd,ok,11645,11645,True,0,True,True,True,True
rb2507,rb,ok,17491,17491,True,0,True,True,True,True
fu2208,fu,ok,17326,17326,True,0,True,True,True,True
cu2204,cu,ok,23131,23131,True,0,True,True,True,True
bc2402,bc,ok,23065,23065,True,0,True,True,True,True
c1801,c,ok,11654,11654,True,0,True,True,True,True
jd1707,jd,ok,9477,9477,True,0,True,True,True,True
v1212,v,ok,1663,1663,True,0,True,True,True,True
CY2107,CY,ok,8270,8270,True,0,True,True,True,True
FG1407,FG,ok,10242,10242,True,0,True,True,True,True
SA2202,SA,ok,17490,17490,True,0,True,True,True,True
FG1909,FG,ok,17370,17370,True,0,True,True,True,True
b2512,b,ok,14596,14596,True,0,True,True,True,True
si2510,si,ok,11555,11555,True,0,True,True,True,True
nr2102,nr,ok,16091,16091,True,0,True,True,True,True
IF1008,IF,ok,2250,2250,True,0,True,True,True,True
ss2109,ss,ok,23334,23334,True,0,True,True,True,True
m2103,m,ok,16584,16584,True,0,True,True,True,True
jm2405,jm,ok,17465,17465,True,0,True,True,True,True
si2404,si,ok,7727,7727,True,0,True,True,True,True
CF2303,CF,ok,17563,17563,True,0,True,True,True,True
OI2009,OI,ok,15991,15991,True,0,True,True,True,True
RS2408,RS,ok,11419,11419,True,0,True,True,True,True
JR2001,JR,ok,6143,6143,True,0,True,True,True,True
y2501,y,ok,17491,17491,True,0,True,True,True,True
eb2507,eb,ok,17410,17410,True,0,True,True,True,True
lu2201,lu,ok,17405,17405,True,0,True,True,True,True
RM2505,RM,ok,17491,17491,True,0,True,True,True,True
ao2604,ao,ok,11784,11784,True,0,True,True,True,True
PK2212,PK,ok,11529,11529,True,0,True,True,True,True
CY2010,CY,ok,10341,10341,True,0,True,True,True,True
i2007,i,ok,15904,15904,True,0,True,True,True,True
nr2004,nr,ok,10546,10546,True,0,True,True,True,True
rr2108,rr,ok,16937,16937,True,0,True,True,True,True
IC2311,IC,ok,1950,1950,True,0,True,True,True,True
ss2412,ss,ok,22991,22991,True,0,True,True,True,True
bb1508,bb,ok,7565,7565,True,0,True,True,True,True
pp1412,pp,ok,8645,8645,True,0,True,True,True,True
CJ1912,CJ,ok,7283,7283,True,0,True,True,True,True
IF2508,IF,ok,2000,2000,True,0,True,True,True,True
j2510,j,ok,17150,17150,True,0,True,True,True,True
CY2111,CY,ok,11975,11975,True,0,True,True,True,True
nr2508,nr,ok,17443,17443,True,0,True,True,True,True
zn1809,zn,ok,23471,23471,True,0,True,True,True,True
FG2304,FG,ok,17547,17547,True,0,True,True,True,True
SM2210,SM,ok,11664,11664,True,0,True,True,True,True
l2106,l,ok,17515,17515,True,0,True,True,True,True
lg2507,lg,ok,8099,8099,True,0,True,True,True,True
cu2004,cu,ok,20875,20875,True,0,True,True,True,True
zn1003,zn,ok,2208,2208,True,0,True,True,True,True
WH2107,WH,ok,9808,9808,True,0,True,True,True,True
fu1305,fu,ok,10072,10072,True,0,True,True,True,True
ni2208,ni,ok,23033,23033,True,0,True,True,True,True
j1506,j,ok,17076,17076,True,0,True,True,True,True
PM1905,PM,ok,8748,8748,True,0,True,True,True,True
rr2206,rr,ok,17226,17226,True,0,True,True,True,True
FG1701,FG,ok,17567,17567,True,0,True,True,True,True
ss2311,ss,ok,23205,23205,True,0,True,True,True,True
l2403,l,ok,17412,17412,True,0,True,True,True,True
SM1911,SM,ok,10878,10878,True,0,True,True,True,True
IH2411,IH,ok,1750,1750,True,0,True,True,True,True
sp2011,sp,ok,15941,15941,True,0,True,True,True,True
ni2007,ni,ok,20239,20239,True,0,True,True,True,True
sc2012,sc,ok,69617,69617,True,0,True,True,True,True
ni2204,ni,ok,23034,23034,True,0,True,True,True,True
zn1908,zn,ok,23228,23228,True,0,True,True,True,True
hc2601,hc,ok,13015,13015,True,0,True,True,True,True
rb2410,rb,ok,17418,17418,True,0,True,True,True,True
PF2403,PF,ok,17569,17569,True,0,True,True,True,True
CJ2012,CJ,ok,11596,11596,True,0,True,True,True,True
al2007,al,ok,20239,20239,True,0,True,True,True,True
sn1910,sn,ok,23120,23120,True,0,True,True,True,True
pp2204,pp,ok,17563,17563,True,0,True,True,True,True
ao2510,ao,ok,23277,23277,True,0,True,True,True,True
y2407,y,ok,17156,17156,True,0,True,True,True,True
AP2001,AP,ok,11679,11679,True,0,True,True,True,True
rb2007,rb,ok,15911,15911,True,0,True,True,True,True
j1202,j,ok,1123,1123,True,0,True,True,True,True
TA1805,TA,ok,17662,17662,True,0,True,True,True,True
ZC1804,ZC,ok,17263,17263,True,0,True,True,True,True
OI2309,OI,ok,17589,17589,True,0,True,True,True,True
ag2105,ag,ok,27543,27543,True,0,True,True,True,True
CF2401,CF,ok,17516,17516,True,0,True,True,True,True
l1208,l,ok,5835,5835,True,0,True,True,True,True
CY1910,CY,ok,11714,11714,True,0,True,True,True,True
pg2508,pg,ok,16757,16757,True,0,True,True,True,True
RM1903,RM,ok,17357,17357,True,0,True,True,True,True
zn1004,zn,ok,3264,3264,True,0,True,True,True,True
l1403,l,ok,10754,10754,True,0,True,True,True,True
i2104,i,ok,17067,17067,True,0,True,True,True,True
rr2312,rr,ok,16841,16841,True,0,True,True,True,True
SM2111,SM,ok,11596,11596,True,0,True,True,True,True
CF1207,CF,ok,3440,3440,True,0,True,True,True,True
i1403,i,ok,4310,4310,True,0,True,True,True,True
SR2409,SR,ok,17516,17516,True,0,True,True,True,True
pg2411,pg,ok,17417,17417,True,0,True,True,True,True
sn2503,sn,ok,23033,23033,True,0,True,True,True,True
al1203,al,ok,11616,11616,True,0,True,True,True,True
hc1502,hc,ok,9113,9113,True,0,True,True,True,True
pp1504,pp,ok,11586,11586,True,0,True,True,True,True
IF1303,IF,ok,7850,7850,True,0,True,True,True,True
ni2312,ni,ok,23264,23264,True,0,True,True,True,True
rb2107,rb,ok,17595,17595,True,0,True,True,True,True
FG2010,FG,ok,15893,15893,True,0,True,True,True,True
TA1906,TA,ok,17401,17401,True,0,True,True,True,True
wr1103,wr,ok,10636,10636,True,0,True,True,True,True
ni2306,ni,ok,23471,23471,True,0,True,True,True,True
i1603,i,ok,16222,16222,True,0,True,True,True,True
wr1809,wr,ok,3642,3642,True,0,True,True,True,True
al2107,al,ok,23374,23374,True,0,True,True,True,True
wr1305,wr,ok,9658,9658,True,0,True,True,True,True
eg2111,eg,ok,17077,17077,True,0,True,True,True,True
sp2512,sp,ok,14523,14523,True,0,True,True,True,True
fu2603,fu,ok,11142,11142,True,0,True,True,True,True
SF2010,SF,ok,11647,11647,True,0,True,True,True,True
eg2401,eg,ok,17953,17953,True,0,True,True,True,True
jm1505,jm,ok,13835,13835,True,0,True,True,True,True
bc2303,bc,ok,23069,23069,True,0,True,True,True,True
SM2312,SM,ok,11664,11664,True,0,True,True,True,True
jd1612,jd,ok,6383,6383,True,0,True,True,True,True
au1702,au,ok,23207,23207,True,0,True,True,True,True
MA2503,MA,ok,17418,17418,True,0,True,True,True,True
i1612,i,ok,13958,13958,True,0,True,True,True,True
SF1607,SF,ok,705,705,True,0,True,True,True,True
jd1503,jd,ok,11418,11418,True,0,True,True,True,True
SF2606,SF,ok,3984,3984,True,0,True,True,True,True
lu2304,lu,ok,17509,17509,True,0,True,True,True,True
ni1509,ni,ok,11177,11177,True,0,True,True,True,True
p1907,p,ok,16761,16761,True,0,True,True,True,True
b2407,b,ok,17170,17170,True,0,True,True,True,True
cu1311,cu,ok,11424,11424,True,0,True,True,True,True
nr2312,nr,ok,17495,17495,True,0,True,True,True,True
b2011,b,ok,15078,15078,True,0,True,True,True,True
TA2301,TA,ok,17491,17491,True,0,True,True,True,True
ag1911,ag,ok,27476,27476,True,0,True,True,True,True
hc2404,hc,ok,17331,17331,True,0,True,True,True,True
wr1905,wr,ok,7977,7977,True,0,True,True,True,True
CF1707,CF,ok,17506,17506,True,0,True,True,True,True
RO1211,RO,ok,7536,7536,True,0,True,True,True,True
wr2511,wr,ok,9993,9993,True,0,True,True,True,True
CJ2109,CJ,ok,11685,11685,True,0,True,True,True,True
c2411,c,ok,17348,17348,True,0,True,True,True,True
IH1912,IH,ok,8250,8250,True,0,True,True,True,True
y1403,y,ok,10969,10969,True,0,True,True,True,True
sn1906,sn,ok,22836,22836,True,0,True,True,True,True
bb1612,bb,ok,15,15,True,0,True,True,True,True
ZC2207,ZC,ok,16984,16984,True,0,True,True,True,True
IH1604,IH,ok,1949,1949,True,0,True,True,True,True
j1604,j,ok,14401,14401,True,0,True,True,True,True
y1109,y,ok,11252,11252,True,0,True,True,True,True
hc2110,hc,ok,17564,17564,True,0,True,True,True,True
pp1611,pp,ok,4285,4285,True,0,True,True,True,True
jd1604,jd,ok,10817,10817,True,0,True,True,True,True
au1305,au,ok,11539,11539,True,0,True,True,True,True
fb1407,fb,ok,7043,7043,True,0,True,True,True,True
fu2507,fu,ok,17491,17491,True,0,True,True,True,True
l1509,l,ok,11714,11714,True,0,True,True,True,True
ag1506,ag,ok,27773,27773,True,0,True,True,True,True
fu2306,fu,ok,17637,17637,True,0,True,True,True,True
pg2301,pg,ok,16851,16851,True,0,True,True,True,True
JR1501,JR,ok,8941,8941,True,0,True,True,True,True
wr1805,wr,ok,3218,3218,True,0,True,True,True,True
FG1712,FG,ok,17191,17191,True,0,True,True,True,True
j2502,j,ok,16509,16509,True,0,True,True,True,True
sc2512,sc,ok,78767,78767,True,0,True,True,True,True
OI1703,OI,ok,17474,17474,True,0,True,True,True,True
IC1811,IC,ok,1700,1700,True,0,True,True,True,True
IH1508,IH,ok,2200,2200,True,0,True,True,True,True
bu1911,bu,ok,8858,8858,True,0,True,True,True,True
m2503,m,ok,17418,17418,True,0,True,True,True,True
al1405,al,ok,16026,16026,True,0,True,True,True,True
IF1401,IF,ok,2200,2200,True,0,True,True,True,True
fb2211,fb,ok,11168,11168,True,0,True,True,True,True
fu2307,fu,ok,17532,17532,True,0,True,True,True,True
wr2310,wr,ok,10757,10757,True,0,True,True,True,True
AP2304,AP,ok,11651,11651,True,0,True,True,True,True
fb2206,fb,ok,8495,8495,True,0,True,True,True,True
cs2009,cs,ok,15953,15953,True,0,True,True,True,True
CJ2309,CJ,ok,11664,11664,True,0,True,True,True,True
rb2604,rb,ok,8904,8904,True,0,True,True,True,True
zn1409,zn,ok,20142,20142,True,0,True,True,True,True
PM2305,PM,ok,4561,4561,True,0,True,True,True,True
rr2202,rr,ok,17086,17086,True,0,True,True,True,True
ME1304,ME,ok,3342,3342,True,0,True,True,True,True
RO1107,RO,ok,3867,3867,True,0,True,True,True,True
hc1512,hc,ok,15978,15978,True,0,True,True,True,True
FG1806,FG,ok,17575,17575,True,0,True,True,True,True
b2202,b,ok,17067,17067,True,0,True,True,True,True
m2408,m,ok,17589,17589,True,0,True,True,True,True
SA2603,SA,ok,10412,10412,True,0,True,True,True,True
au1404,au,ok,23406,23406,True,0,True,True,True,True
UR2203,UR,ok,11650,11650,True,0,True,True,True,True
SR2505,SR,ok,17436,17436,True,0,True,True,True,True
SM2007,SM,ok,11456,11456,True,0,True,True,True,True
wr1903,wr,ok,5585,5585,True,0,True,True,True,True
MA1605,MA,ok,17543,17543,True,0,True,True,True,True
pg2205,pg,ok,16738,16738,True,0,True,True,True,True
i1405,i,ok,6774,6774,True,0,True,True,True,True
a2201,a,ok,17519,17519,True,0,True,True,True,True
eb2004,eb,ok,7957,7957,True,0,True,True,True,True
pb1210,pb,ok,11615,11615,True,0,True,True,True,True
sc2006,sc,ok,55382,55382,True,0,True,True,True,True
p1503,p,ok,15152,15152,True,0,True,True,True,True
IH1804,IH,ok,1950,1950,True,0,True,True,True,True
AP1812,AP,ok,11408,11408,True,0,True,True,True,True
pb2310,pb,ok,23180,23180,True,0,True,True,True,True
RI1809,RI,ok,6222,6222,True,0,True,True,True,True
MA2210,MA,ok,17563,17563,True,0,True,True,True,True
y1912,y,ok,17167,17167,True,0,True,True,True,True
rb1610,rb,ok,17685,17685,True,0,True,True,True,True
pb1503,pb,ok,23169,23169,True,0,True,True,True,True
ag2602,ag,ok,18477,18477,True,0,True,True,True,True
CF2603,CF,ok,10412,10412,True,0,True,True,True,True
v1001,v,ok,448,448,True,0,True,True,True,True
SH2411,SH,ok,17228,17228,True,0,True,True,True,True
CY2105,CY,ok,15089,15089,True,0,True,True,True,True
nr2211,nr,ok,17432,17432,True,0,True,True,True,True
c1203,c,ok,10714,10714,True,0,True,True,True,True
sn2204,sn,ok,23130,23130,True,0,True,True,True,True
br2606,br,ok,6034,6034,True,0,True,True,True,True
pp2102,pp,ok,16488,16488,True,0,True,True,True,True
PF2410,PF,ok,17417,17417,True,0,True,True,True,True
au2104,au,ok,27747,27747,True,0,True,True,True,True
a1309,a,ok,17490,17490,True,0,True,True,True,True
rb2503,rb,ok,17386,17386,True,0,True,True,True,True
SF1612,SF,ok,5151,5151,True,0,True,True,True,True
cs2511,cs,ok,16129,16129,True,0,True,True,True,True
rr2605,rr,ok,7396,7396,True,0,True,True,True,True
al1401,al,ok,12280,12280,True,0,True,True,True,True
ag1401,ag,ok,20029,20029,True,0,True,True,True,True
j2410,j,ok,16883,16883,True,0,True,True,True,True
IH2004,IH,ok,1950,1950,True,0,True,True,True,True
T2112,T,ok,9671,9671,True,0,True,True,True,True
j2401,j,ok,17452,17452,True,0,True,True,True,True
CF2211,CF,ok,17519,17519,True,0,True,True,True,True
MA2310,MA,ok,17477,17477,True,0,True,True,True,True
IF1304,IF,ok,2100,2100,True,0,True,True,True,True
SM1810,SM,ok,8422,8422,True,0,True,True,True,True
c2401,c,ok,17503,17503,True,0,True,True,True,True
hc2511,hc,ok,16056,16056,True,0,True,True,True,True
PM2101,PM,ok,5670,5670,True,0,True,True,True,True
a2603,a,ok,10412,10412,True,0,True,True,True,True
IC1907,IC,ok,2200,2200,True,0,True,True,True,True
ZC1607,ZC,ok,17070,17070,True,0,True,True,True,True
ZC1609,ZC,ok,17691,17691,True,0,True,True,True,True
nr2209,nr,ok,17312,17312,True,0,True,True,True,True
rb2309,rb,ok,17662,17662,True,0,True,True,True,True
RO1303,RO,ok,7979,7979,True,0,True,True,True,True
LR1701,LR,ok,4627,4627,True,0,True,True,True,True
ni2209,ni,ok,22888,22888,True,0,True,True,True,True
LR2007,LR,ok,9834,9834,True,0,True,True,True,True
SF2206,SF,ok,11615,11615,True,0,True,True,True,True
SF2203,SF,ok,11663,11663,True,0,True,True,True,True
UR2407,UR,ok,11568,11568,True,0,True,True,True,True
ag1803,ag,ok,27713,27713,True,0,True,True,True,True
j1801,j,ok,17611,17611,True,0,True,True,True,True
m1112,m,ok,9506,9506,True,0,True,True,True,True
bu1708,bu,ok,8976,8976,True,0,True,True,True,True
IH2412,IH,ok,8200,8200,True,0,True,True,True,True
m2605,m,ok,7396,7396,True,0,True,True,True,True
b1903,b,ok,15822,15822,True,0,True,True,True,True
pb2208,pb,ok,23033,23033,True,0,True,True,True,True
m1409,m,ok,11664,11664,True,0,True,True,True,True
CY2004,CY,ok,6991,6991,True,0,True,True,True,True
a1103,a,ok,10145,10145,True,0,True,True,True,True
l2306,l,ok,17643,17643,True,0,True,True,True,True
bu1509,bu,ok,26155,26155,True,0,True,True,True,True
WH2303,WH,ok,9147,9147,True,0,True,True,True,True
RS1709,RS,ok,11008,11008,True,0,True,True,True,True
CF1911,CF,ok,17545,17545,True,0,True,True,True,True
m2407,m,ok,17395,17395,True,0,True,True,True,True
fu1504,fu,ok,6915,6915,True,0,True,True,True,True
bu1404,bu,ok,5740,5740,True,0,True,True,True,True
cu2508,cu,ok,23034,23034,True,0,True,True,True,True
pb2210,pb,ok,23228,23228,True,0,True,True,True,True
IH1905,IH,ok,2050,2050,True,0,True,True,True,True
l2604,l,ok,8904,8904,True,0,True,True,True,True
CY2103,CY,ok,5755,5755,True,0,True,True,True,True
b2310,b,ok,17284,17284,True,0,True,True,True,True
TA1907,TA,ok,17490,17490,True,0,True,True,True,True
zn2104,zn,ok,22738,22738,True,0,True,True,True,True
MA1702,MA,ok,16904,16904,True,0,True,True,True,True
b2404,b,ok,17427,17427,True,0,True,True,True,True
p1002,p,ok,603,603,True,0,True,True,True,True
eb2408,eb,ok,17464,17464,True,0,True,True,True,True
lu2607,lu,ok,5304,5304,True,0,True,True,True,True
CY2601,CY,ok,13014,13014,True,0,True,True,True,True
l2007,l,ok,16038,16038,True,0,True,True,True,True
nr2601,nr,ok,13015,13015,True,0,True,True,True,True
j1809,j,ok,17722,17722,True,0,True,True,True,True
IH2409,IH,ok,8050,8050,True,0,True,True,True,True
br2509,br,ok,17408,17408,True,0,True,True,True,True
RM1505,RM,ok,6340,6340,True,0,True,True,True,True
SF1508,SF,ok,6882,6882,True,0,True,True,True,True
wr1007,wr,ok,5664,5664,True,0,True,True,True,True
v1706,v,ok,5557,5557,True,0,True,True,True,True
rb1804,rb,ok,17411,17411,True,0,True,True,True,True
j1201,j,ok,8566,8566,True,0,True,True,True,True
bu2509,bu,ok,34934,34934,True,0,True,True,True,True
v1412,v,ok,10813,10813,True,0,True,True,True,True
jd2412,jd,ok,11526,11526,True,0,True,True,True,True
TL2406,TL,ok,9565,9565,True,0,True,True,True,True
bc2403,bc,ok,22941,22941,True,0,True,True,True,True
RS1407,RS,ok,7960,7960,True,0,True,True,True,True
ni1709,ni,ok,23135,23135,True,0,True,True,True,True
IC1604,IC,ok,1950,1950,True,0,True,True,True,True
au1405,au,ok,24677,24677,True,0,True,True,True,True
al2211,al,ok,23228,23228,True,0,True,True,True,True
fb2303,fb,ok,11279,11279,True,0,True,True,True,True
jm1605,jm,ok,17429,17429,True,0,True,True,True,True
eb2006,eb,ok,10880,10880,True,0,True,True,True,True
TA1307,TA,ok,8353,8353,True,0,True,True,True,True
OI2601,OI,ok,13015,13015,True,0,True,True,True,True
MA1601,MA,ok,17544,17544,True,0,True,True,True,True
pb1509,pb,ok,23269,23269,True,0,True,True,True,True
zn1412,zn,ok,23129,23129,True,0,True,True,True,True
pp2308,pp,ok,17531,17531,True,0,True,True,True,True
b1105,b,ok,6191,6191,True,0,True,True,True,True
fb1411,fb,ok,11013,11013,True,0,True,True,True,True
bb1704,bb,ok,1279,1279,True,0,True,True,True,True
MA1608,MA,ok,16953,16953,True,0,True,True,True,True
jm1709,jm,ok,17329,17329,True,0,True,True,True,True
a2009,a,ok,15924,15924,True,0,True,True,True,True
PF2504,PF,ok,17404,17404,True,0,True,True,True,True
p2212,p,ok,17372,17372,True,0,True,True,True,True
m2405,m,ok,17516,17516,True,0,True,True,True,True
sp2208,sp,ok,17417,17417,True,0,True,True,True,True
lc2512,lc,ok,9696,9696,True,0,True,True,True,True
p1010,p,ok,6930,6930,True,0,True,True,True,True
cs2411,cs,ok,17415,17415,True,0,True,True,True,True
al1603,al,ok,23373,23373,True,0,True,True,True,True
j2604,j,ok,8904,8904,True,0,True,True,True,True
j1906,j,ok,16858,16858,True,0,True,True,True,True
i2606,i,ok,6034,6034,True,0,True,True,True,True
i2207,i,ok,17124,17124,True,0,True,True,True,True
j1404,j,ok,11100,11100,True,0,True,True,True,True
i1709,i,ok,17539,17539,True,0,True,True,True,True
CJ2409,CJ,ok,11616,11616,True,0,True,True,True,True
jd2003,jd,ok,11663,11663,True,0,True,True,True,True
IC2509,IC,ok,8200,8200,True,0,True,True,True,True
pb1405,pb,ok,15989,15989,True,0,True,True,True,True
ni2210,ni,ok,23216,23216,True,0,True,True,True,True
pb1412,pb,ok,23031,23031,True,0,True,True,True,True
PM2007,PM,ok,10611,10611,True,0,True,True,True,True
hc1901,hc,ok,17564,17564,True,0,True,True,True,True
j2411,j,ok,17252,17252,True,0,True,True,True,True
sp2104,sp,ok,17314,17314,True,0,True,True,True,True
wr1306,wr,ok,3639,3639,True,0,True,True,True,True
rb2110,rb,ok,17564,17564,True,0,True,True,True,True
PF2109,PF,ok,16713,16713,True,0,True,True,True,True
lh2509,lh,ok,11456,11456,True,0,True,True,True,True
AP1901,AP,ok,11663,11663,True,0,True,True,True,True
ag2310,ag,ok,27428,27428,True,0,True,True,True,True
j1810,j,ok,16858,16858,True,0,True,True,True,True
ni2509,ni,ok,23071,23071,True,0,True,True,True,True
p1408,p,ok,11231,11231,True,0,True,True,True,True
SA2606,SA,ok,6034,6034,True,0,True,True,True,True
ss2102,ss,ok,20597,20597,True,0,True,True,True,True
sn2411,sn,ok,23130,23130,True,0,True,True,True,True
rb2302,rb,ok,17544,17544,True,0,True,True,True,True
i2309,i,ok,17589,17589,True,0,True,True,True,True
TS2009,TS,ok,9590,9590,True,0,True,True,True,True
b1811,b,ok,16191,16191,True,0,True,True,True,True
RM2601,RM,ok,13015,13015,True,0,True,True,True,True
bu1904,bu,ok,8674,8674,True,0,True,True,True,True
v1603,v,ok,9147,9147,True,0,True,True,True,True
bb1407,bb,ok,7017,7017,True,0,True,True,True,True
SR1801,SR,ok,26594,26594,True,0,True,True,True,True
zn1402,zn,ok,13088,13088,True,0,True,True,True,True
v2209,v,ok,17466,17466,True,0,True,True,True,True
SH2603,SH,ok,10412,10412,True,0,True,True,True,True
T2506,T,ok,9300,9300,True,0,True,True,True,True
cs2507,cs,ok,17145,17145,True,0,True,True,True,True
WH2203,WH,ok,5993,5993,True,0,True,True,True,True
IF2106,IF,ok,8200,8200,True,0,True,True,True,True
bb2003,bb,ok,2621,2621,True,0,True,True,True,True
IC1904,IC,ok,2200,2200,True,0,True,True,True,True
zn2505,zn,ok,23131,23131,True,0,True,True,True,True
sp2310,sp,ok,17516,17516,True,0,True,True,True,True
zn1002,zn,ok,1296,1296,True,0,True,True,True,True
p2306,p,ok,17662,17662,True,0,True,True,True,True
SR2209,SR,ok,17466,17466,True,0,True,True,True,True
sn2511,sn,ok,21240,21240,True,0,True,True,True,True
sp2410,sp,ok,17418,17418,True,0,True,True,True,True
pb1201,pb,ok,9536,9536,True,0,True,True,True,True
al2505,al,ok,23131,23131,True,0,True,True,True,True
cu1610,cu,ok,23422,23422,True,0,True,True,True,True
LR1511,LR,ok,4855,4855,True,0,True,True,True,True
hc1709,hc,ok,14224,14224,True,0,True,True,True,True
TS2012,TS,ok,9671,9671,True,0,True,True,True,True
cs2105,cs,ok,17563,17563,True,0,True,True,True,True
SM2009,SM,ok,11615,11615,True,0,True,True,True,True
br2508,br,ok,17398,17398,True,0,True,True,True,True
ME1306,ME,ok,3532,3532,True,0,True,True,True,True
lu2207,lu,ok,17331,17331,True,0,True,True,True,True
SA2501,SA,ok,17491,17491,True,0,True,True,True,True
wr1710,wr,ok,2049,2049,True,0,True,True,True,True
eb2111,eb,ok,16918,16918,True,0,True,True,True,True
ru1908,ru,ok,17532,17532,True,0,True,True,True,True
wr1006,wr,ok,5162,5162,True,0,True,True,True,True
p1209,p,ok,11376,11376,True,0,True,True,True,True
ru2603,ru,ok,10339,10339,True,0,True,True,True,True
bz2603,bz,ok,4914,4914,True,0,True,True,True,True
bu1902,bu,ok,8445,8445,True,0,True,True,True,True
UR2212,UR,ok,11549,11549,True,0,True,True,True,True
IF1511,IF,ok,2000,2000,True,0,True,True,True,True
T1806,T,ok,9383,9383,True,0,True,True,True,True
jm2512,jm,ok,14596,14596,True,0,True,True,True,True
jd2602,jd,ok,7536,7536,True,0,True,True,True,True
al1509,al,ok,23325,23325,True,0,True,True,True,True
hc1510,hc,ok,16104,16104,True,0,True,True,True,True
FG1601,FG,ok,15216,15216,True,0,True,True,True,True
SM2012,SM,ok,11595,11595,True,0,True,True,True,True
au2409,au,ok,7190,7190,True,0,True,True,True,True
TA1506,TA,ok,12188,12188,True,0,True,True,True,True
SF2410,SF,ok,11567,11567,True,0,True,True,True,True
al1406,al,ok,17091,17091,True,0,True,True,True,True
CY1808,CY,ok,10993,10993,True,0,True,True,True,True
IM2504,IM,ok,1950,1950,True,0,True,True,True,True
hc2103,hc,ok,16716,16716,True,0,True,True,True,True
IC1906,IC,ok,8150,8150,True,0,True,True,True,True
IM2305,IM,ok,2050,2050,True,0,True,True,True,True
FG1803,FG,ok,17251,17251,True,0,True,True,True,True
PM2407,PM,ok,4561,4561,True,0,True,True,True,True
lg2509,lg,ok,10118,10118,True,0,True,True,True,True
ZC2010,ZC,ok,16024,16024,True,0,True,True,True,True
fb2107,fb,ok,4090,4090,True,0,True,True,True,True
jd2605,jd,ok,4608,4608,True,0,True,True,True,True
m2601,m,ok,13015,13015,True,0,True,True,True,True
fu1704,fu,ok,6975,6975,True,0,True,True,True,True
sc2307,sc,ok,27475,27475,True,0,True,True,True,True
IC1910,IC,ok,1950,1950,True,0,True,True,True,True
i2507,i,ok,17357,17357,True,0,True,True,True,True
ps2508,ps,ok,7312,7312,True,0,True,True,True,True
al2407,al,ok,23083,23083,True,0,True,True,True,True
LR1905,LR,ok,10508,10508,True,0,True,True,True,True
SA2108,SA,ok,17588,17588,True,0,True,True,True,True
pg2202,pg,ok,17435,17435,True,0,True,True,True,True
PF2601,PF,ok,13015,13015,True,0,True,True,True,True
pg2412,pg,ok,16633,16633,True,0,True,True,True,True
sc1904,sc,ok,27155,27155,True,0,True,True,True,True
UR2501,UR,ok,11568,11568,True,0,True,True,True,True
ag1706,ag,ok,27475,27475,True,0,True,True,True,True
TA1708,TA,ok,17538,17538,True,0,True,True,True,True
SA2311,SA,ok,17589,17589,True,0,True,True,True,True
SA2602,SA,ok,11726,11726,True,0,True,True,True,True
ru2501,ru,ok,17491,17491,True,0,True,True,True,True
lc2403,lc,ok,7536,7536,True,0,True,True,True,True
nr2604,nr,ok,8904,8904,True,0,True,True,True,True
wr1008,wr,ok,6765,6765,True,0,True,True,True,True
j1109,j,ok,4950,4950,True,0,True,True,True,True
WH2009,WH,ok,10147,10147,True,0,True,True,True,True
rb1412,rb,ok,11485,11485,True,0,True,True,True,True
p2409,p,ok,17516,17516,True,0,True,True,True,True
v1504,v,ok,10255,10255,True,0,True,True,True,True
IF1402,IF,ok,1950,1950,True,0,True,True,True,True
MA1905,MA,ok,17710,17710,True,0,True,True,True,True
br2510,br,ok,17589,17589,True,0,True,True,True,True
jd1807,jd,ok,11356,11356,True,0,True,True,True,True
au1910,au,ok,28737,28737,True,0,True,True,True,True
sp2008,sp,ok,15966,15966,True,0,True,True,True,True
j1805,j,ok,17662,17662,True,0,True,True,True,True
hc2405,hc,ok,17516,17516,True,0,True,True,True,True
eg2109,eg,ok,17477,17477,True,0,True,True,True,True
ag2603,ag,ok,16177,16177,True,0,True,True,True,True
i1710,i,ok,17133,17133,True,0,True,True,True,True
WS1111,WS,ok,1442,1442,True,0,True,True,True,True
jm1901,jm,ok,17564,17564,True,0,True,True,True,True
SF1606,SF,ok,4654,4654,True,0,True,True,True,True
IH1610,IH,ok,1899,1899,True,0,True,True,True,True
ag2102,ag,ok,23963,23963,True,0,True,True,True,True
jm2306,jm,ok,16918,16918,True,0,True,True,True,True
TA2206,TA,ok,17491,17491,True,0,True,True,True,True
CY2305,CY,ok,17460,17460,True,0,True,True,True,True
cs2309,cs,ok,17425,17425,True,0,True,True,True,True
SA2111,SA,ok,17491,17491,True,0,True,True,True,True
c1703,c,ok,11396,11396,True,0,True,True,True,True
FG1812,FG,ok,16994,16994,True,0,True,True,True,True
OI2005,OI,ok,16054,16054,True,0,True,True,True,True
SM1711,SM,ok,6093,6093,True,0,True,True,True,True
SM1803,SM,ok,5825,5825,True,0,True,True,True,True
lh2603,lh,ok,6528,6528,True,0,True,True,True,True
CY1807,CY,ok,9816,9816,True,0,True,True,True,True
al1809,al,ok,23471,23471,True,0,True,True,True,True
fb2212,fb,ok,10948,10948,True,0,True,True,True,True
v2203,v,ok,17550,17550,True,0,True,True,True,True
ni2606,ni,ok,8002,8002,True,0,True,True,True,True
p1210,p,ok,3163,3163,True,0,True,True,True,True
IF1012,IF,ok,8200,8200,True,0,True,True,True,True
sn1907,sn,ok,22890,22890,True,0,True,True,True,True
sc2001,sc,ok,26683,26683,True,0,True,True,True,True
v2008,v,ok,15980,15980,True,0,True,True,True,True
TA1706,TA,ok,17392,17392,True,0,True,True,True,True
jm2009,jm,ok,15927,15927,True,0,True,True,True,True
al2207,al,ok,23131,23131,True,0,True,True,True,True
IC1803,IC,ok,7950,7950,True,0,True,True,True,True
wr1803,wr,ok,1747,1747,True,0,True,True,True,True
IH1711,IH,ok,2000,2000,True,0,True,True,True,True
AP2012,AP,ok,11597,11597,True,0,True,True,True,True
UR2112,UR,ok,11618,11618,True,0,True,True,True,True
si2402,si,ok,11885,11885,True,0,True,True,True,True
ru1501,ru,ok,11987,11987,True,0,True,True,True,True
v1309,v,ok,11003,11003,True,0,True,True,True,True
v1602,v,ok,10119,10119,True,0,True,True,True,True
FG1901,FG,ok,17327,17327,True,0,True,True,True,True
fb1810,fb,ok,2108,2108,True,0,True,True,True,True
zn2309,zn,ok,23374,23374,True,0,True,True,True,True
pg2311,pg,ok,16932,16932,True,0,True,True,True,True
zn1803,zn,ok,23471,23471,True,0,True,True,True,True
au1911,au,ok,6519,6519,True,0,True,True,True,True
au1103,au,ok,11033,11033,True,0,True,True,True,True
l1707,l,ok,7074,7074,True,0,True,True,True,True
SM2003,SM,ok,10749,10749,True,0,True,True,True,True
j2103,j,ok,16201,16201,True,0,True,True,True,True
ag2006,ag,ok,23456,23456,True,0,True,True,True,True
SF1603,SF,ok,4644,4644,True,0,True,True,True,True
jd2310,jd,ok,11593,11593,True,0,True,True,True,True
wr2402,wr,ok,8095,8095,True,0,True,True,True,True
sn1612,sn,ok,2813,2813,True,0,True,True,True,True
lh2605,lh,ok,4608,4608,True,0,True,True,True,True
pg2211,pg,ok,16919,16919,True,0,True,True,True,True
sc2103,sc,ok,76228,76228,True,0,True,True,True,True
TS2512,TS,ok,7632,7632,True,0,True,True,True,True
SF1802,SF,ok,10846,10846,True,0,True,True,True,True
IF1701,IF,ok,2199,2199,True,0,True,True,True,True
ss2011,ss,ok,20035,20035,True,0,True,True,True,True
ss2305,ss,ok,23228,23228,True,0,True,True,True,True
ag2512,ag,ok,22713,22713,True,0,True,True,True,True
pp1607,pp,ok,7606,7606,True,0,True,True,True,True
PK2411,PK,ok,11603,11603,True,0,True,True,True,True
SH2503,SH,ok,17296,17296,True,0,True,True,True,True
CF1605,CF,ok,17666,17666,True,0,True,True,True,True
cu1310,cu,ok,11424,11424,True,0,True,True,True,True
al2005,al,ok,20336,20336,True,0,True,True,True,True
fb2103,fb,ok,3509,3509,True,0,True,True,True,True
pb2303,pb,ok,23228,23228,True,0,True,True,True,True
sp2304,sp,ok,17636,17636,True,0,True,True,True,True
i2406,i,ok,17434,17434,True,0,True,True,True,True
CJ2503,CJ,ok,11555,11555,True,0,True,True,True,True
j2601,j,ok,13015,13015,True,0,True,True,True,True
rb1101,rb,ok,11551,11551,True,0,True,True,True,True
si2507,si,ok,11616,11616,True,0,True,True,True,True
pp2501,pp,ok,17491,17491,True,0,True,True,True,True
al1111,al,ok,11568,11568,True,0,True,True,True,True
i2504,i,ok,17180,17180,True,0,True,True,True,True
CY2505,CY,ok,17194,17194,True,0,True,True,True,True
au1603,au,ok,3251,3251,True,0,True,True,True,True
TL2412,TL,ok,9883,9883,True,0,True,True,True,True
IH2205,IH,ok,2000,2000,True,0,True,True,True,True
nr2307,nr,ok,17448,17448,True,0,True,True,True,True
hc2106,hc,ok,17490,17490,True,0,True,True,True,True
ni2502,ni,ok,22937,22937,True,0,True,True,True,True
fb2308,fb,ok,9133,9133,True,0,True,True,True,True
UR2401,UR,ok,11616,11616,True,0,True,True,True,True
lu2311,lu,ok,17521,17521,True,0,True,True,True,True
wr1608,wr,ok,97,97,True,0,True,True,True,True
ni2102,ni,ok,20609,20609,True,0,True,True,True,True
PK2111,PK,ok,8934,8934,True,0,True,True,True,True
y1307,y,ok,8070,8070,True,0,True,True,True,True
IF2103,IF,ok,8150,8150,True,0,True,True,True,True
i1404,i,ok,4595,4595,True,0,True,True,True,True
FG1308,FG,ok,3542,3542,True,0,True,True,True,True
pg2304,pg,ok,17545,17545,True,0,True,True,True,True
hc1903,hc,ok,17189,17189,True,0,True,True,True,True
PM1507,PM,ok,7988,7988,True,0,True,True,True,True
j1502,j,ok,14715,14715,True,0,True,True,True,True
ni2301,ni,ok,23034,23034,True,0,True,True,True,True
TF1503,TF,ok,8481,8481,True,0,True,True,True,True
cu1612,cu,ok,23337,23337,True,0,True,True,True,True
rr2005,rr,ok,11255,11255,True,0,True,True,True,True
CJ2001,CJ,ok,8435,8435,True,0,True,True,True,True
j1206,j,ok,1752,1752,True,0,True,True,True,True
IF2005,IF,ok,1800,1800,True,0,True,True,True,True
ni2005,ni,ok,20324,20324,True,0,True,True,True,True
SR2001,SR,ok,17532,17532,True,0,True,True,True,True
au1501,au,ok,7112,7112,True,0,True,True,True,True
m1405,m,ok,11664,11664,True,0,True,True,True,True
pb1609,pb,ok,20133,20133,True,0,True,True,True,True
ru1107,ru,ok,11648,11648,True,0,True,True,True,True
sp2308,sp,ok,17563,17563,True,0,True,True,True,True
a2311,a,ok,17576,17576,True,0,True,True,True,True
SR2605,SR,ok,7396,7396,True,0,True,True,True,True
cu2011,cu,ok,20191,20191,True,0,True,True,True,True
a1607,a,ok,20575,20575,True,0,True,True,True,True
fu1204,fu,ok,11513,11513,True,0,True,True,True,True
b1201,b,ok,6706,6706,True,0,True,True,True,True
ag1306,ag,ok,11472,11472,True,0,True,True,True,True
lc2501,lc,ok,11616,11616,True,0,True,True,True,True
rb1301,rb,ok,11650,11650,True,0,True,True,True,True
SM1506,SM,ok,6376,6376,True,0,True,True,True,True
IF1608,IF,ok,2249,2249,True,0,True,True,True,True
eg2007,eg,ok,15000,15000,True,0,True,True,True,True
TA2007,TA,ok,16039,16039,True,0,True,True,True,True
RI2105,RI,ok,4569,4569,True,0,True,True,True,True
zn1903,zn,ok,23216,23216,True,0,True,True,True,True
ag1701,ag,ok,24622,24622,True,0,True,True,True,True
p1706,p,ok,9793,9793,True,0,True,True,True,True
ZC2210,ZC,ok,15163,15163,True,0,True,True,True,True
TA2603,TA,ok,10412,10412,True,0,True,True,True,True
ru1108,ru,ok,11600,11600,True,0,True,True,True,True
IH2310,IH,ok,1950,1950,True,0,True,True,True,True
IC2508,IC,ok,2000,2000,True,0,True,True,True,True
cu1108,cu,ok,11568,11568,True,0,True,True,True,True
TA2101,TA,ok,16064,16064,True,0,True,True,True,True
bu2603,bu,ok,27757,27757,True,0,True,True,True,True
pp2503,pp,ok,17418,17418,True,0,True,True,True,True
SR2211,SR,ok,17455,17455,True,0,True,True,True,True
bu2209,bu,ok,35055,35055,True,0,True,True,True,True
SA2508,SA,ok,17491,17491,True,0,True,True,True,True
wr1105,wr,ok,10684,10684,True,0,True,True,True,True
IF1606,IF,ok,8225,8225,True,0,True,True,True,True
j2412,j,ok,16761,16761,True,0,True,True,True,True
hc1604,hc,ok,12843,12843,True,0,True,True,True,True
sc2505,sc,ok,27361,27361,True,0,True,True,True,True
j1710,j,ok,16147,16147,True,0,True,True,True,True
cu1102,cu,ok,11408,11408,True,0,True,True,True,True
bb1805,bb,ok,4413,4413,True,0,True,True,True,True
RI1607,RI,ok,5099,5099,True,0,True,True,True,True
m1705,m,ok,17466,17466,True,0,True,True,True,True
hc1612,hc,ok,3839,3839,True,0,True,True,True,True
UR2606,UR,ok,3984,3984,True,0,True,True,True,True
ZC1908,ZC,ok,17189,17189,True,0,True,True,True,True
a2205,a,ok,17351,17351,True,0,True,True,True,True
ps2512,ps,ok,9312,9312,True,0,True,True,True,True
cu2103,cu,ok,21661,21661,True,0,True,True,True,True
bb2005,bb,ok,2086,2086,True,0,True,True,True,True
al1901,al,ok,23228,23228,True,0,True,True,True,True
fu2605,fu,ok,8101,8101,True,0,True,True,True,True
CY2412,CY,ok,16693,16693,True,0,True,True,True,True
pp2205,pp,ok,17418,17418,True,0,True,True,True,True
sn1909,sn,ok,22985,22985,True,0,True,True,True,True
sn2307,sn,ok,23227,23227,True,0,True,True,True,True
bb1810,bb,ok,6289,6289,True,0,True,True,True,True
SA2605,SA,ok,7396,7396,True,0,True,True,True,True
UR2301,UR,ok,11616,11616,True,0,True,True,True,True
CF1809,CF,ok,17735,17735,True,0,True,True,True,True
hc2101,hc,ok,16064,16064,True,0,True,True,True,True
MA1708,MA,ok,16937,16937,True,0,True,True,True,True
IC2008,IC,ok,2150,2150,True,0,True,True,True,True
fu2510,fu,ok,17589,17589,True,0,True,True,True,True
a2107,a,ok,17458,17458,True,0,True,True,True,True
wr1003,wr,ok,2195,2195,True,0,True,True,True,True
CY2307,CY,ok,17193,17193,True,0,True,True,True,True
zn2010,zn,ok,20276,20276,True,0,True,True,True,True
CY1904,CY,ok,15581,15581,True,0,True,True,True,True
nr2201,nr,ok,17519,17519,True,0,True,True,True,True
IF1605,IF,ok,2149,2149,True,0,True,True,True,True
au2307,au,ok,6658,6658,True,0,True,True,True,True
IC1506,IC,ok,2300,2300,True,0,True,True,True,True
ni2511,ni,ok,21240,21240,True,0,True,True,True,True
jd1501,jd,ok,11644,11644,True,0,True,True,True,True
sc2111,sc,ok,27311,27311,True,0,True,True,True,True
SR1207,SR,ok,8217,8217,True,0,True,True,True,True
nr2208,nr,ok,17360,17360,True,0,True,True,True,True
zn1512,zn,ok,23263,23263,True,0,True,True,True,True
jd1403,jd,ok,3760,3760,True,0,True,True,True,True
m2107,m,ok,17557,17557,True,0,True,True,True,True
m2301,m,ok,17491,17491,True,0,True,True,True,True
pb2409,pb,ok,23131,23131,True,0,True,True,True,True
AP2412,AP,ok,11568,11568,True,0,True,True,True,True
i2103,i,ok,16623,16623,True,0,True,True,True,True
au1203,au,ok,11536,11536,True,0,True,True,True,True
ag1906,ag,ok,27294,27294,True,0,True,True,True,True
c1011,c,ok,9220,9220,True,0,True,True,True,True
cs1707,cs,ok,8595,8595,True,0,True,True,True,True
ss2307,ss,ok,23202,23202,True,0,True,True,True,True
l1402,l,ok,11078,11078,True,0,True,True,True,True
AP1907,AP,ok,11584,11584,True,0,True,True,True,True
y2303,y,ok,17564,17564,True,0,True,True,True,True
SF1907,SF,ok,11268,11268,True,0,True,True,True,True
cu1801,cu,ok,23374,23374,True,0,True,True,True,True
jm1512,jm,ok,14103,14103,True,0,True,True,True,True
ag1412,ag,ok,27591,27591,True,0,True,True,True,True
IF2210,IF,ok,1950,1950,True,0,True,True,True,True
a1101,a,ok,11741,11741,True,0,True,True,True,True
c2405,c,ok,17503,17503,True,0,True,True,True,True
cs2111,cs,ok,17491,17491,True,0,True,True,True,True
fu1902,fu,ok,9264,9264,True,0,True,True,True,True
LR2201,LR,ok,4585,4585,True,0,True,True,True,True
ss2201,ss,ok,23147,23147,True,0,True,True,True,True
jm2506,jm,ok,17136,17136,True,0,True,True,True,True
ag2411,ag,ok,27361,27361,True,0,True,True,True,True
IH2104,IH,ok,1950,1950,True,0,True,True,True,True
lg2605,lg,ok,4608,4608,True,0,True,True,True,True
ni2604,ni,ok,11784,11784,True,0,True,True,True,True
fu1301,fu,ok,11399,11399,True,0,True,True,True,True
sc2207,sc,ok,27360,27360,True,0,True,True,True,True
jd1506,jd,ok,11455,11455,True,0,True,True,True,True
hc1802,hc,ok,17688,17688,True,0,True,True,True,True
IC2108,IC,ok,2250,2250,True,0,True,True,True,True
pb2205,pb,ok,23034,23034,True,0,True,True,True,True
bb1602,bb,ok,2798,2798,True,0,True,True,True,True
TC1402,TC,ok,2349,2349,True,0,True,True,True,True
zn2002,zn,ok,22738,22738,True,0,True,True,True,True
nr2504,nr,ok,17490,17490,True,0,True,True,True,True
si2509,si,ok,11568,11568,True,0,True,True,True,True
SM2201,SM,ok,11663,11663,True,0,True,True,True,True
LR2111,LR,ok,4584,4584,True,0,True,True,True,True
CY2009,CY,ok,15007,15007,True,0,True,True,True,True
TA2104,TA,ok,17265,17265,True,0,True,True,True,True
wr2501,wr,ok,10590,10590,True,0,True,True,True,True
IF1312,IF,ok,8100,8100,True,0,True,True,True,True
fb2304,fb,ok,11196,11196,True,0,True,True,True,True
y1111,y,ok,6820,6820,True,0,True,True,True,True
TF1809,TF,ok,9883,9883,True,0,True,True,True,True
WH1905,WH,ok,11482,11482,True,0,True,True,True,True
c1403,c,ok,11052,11052,True,0,True,True,True,True
TA1705,TA,ok,17466,17466,True,0,True,True,True,True
wr2102,wr,ok,7630,7630,True,0,True,True,True,True
pp2408,pp,ok,17589,17589,True,0,True,True,True,True
CF2109,CF,ok,17662,17662,True,0,True,True,True,True
SF2009,SF,ok,11615,11615,True,0,True,True,True,True
pg2106,pg,ok,17637,17637,True,0,True,True,True,True
ru1109,ru,ok,11488,11488,True,0,True,True,True,True
rb1509,rb,ok,15817,15817,True,0,True,True,True,True
j1601,j,ok,17276,17276,True,0,True,True,True,True
FG2207,FG,ok,17398,17398,True,0,True,True,True,True
ag1607,ag,ok,24791,24791,True,0,True,True,True,True
bb2106,bb,ok,937,937,True,0,True,True,True,True
rr2507,rr,ok,16848,16848,True,0,True,True,True,True
ru1709,ru,ok,17589,17589,True,0,True,True,True,True
CF2003,CF,ok,16809,16809,True,0,True,True,True,True
IC1801,IC,ok,2200,2200,True,0,True,True,True,True
i1703,i,ok,13702,13702,True,0,True,True,True,True
ZC2607,ZC,ok,1274,1274,True,0,True,True,True,True
lc2405,lc,ok,9504,9504,True,0,True,True,True,True
v1704,v,ok,3902,3902,True,0,True,True,True,True
FG2303,FG,ok,17551,17551,True,0,True,True,True,True
zn1208,zn,ok,11580,11580,True,0,True,True,True,True
AP2605,AP,ok,4896,4896,True,0,True,True,True,True
T2109,T,ok,9724,9724,True,0,True,True,True,True
fb1410,fb,ok,10056,10056,True,0,True,True,True,True
PF2211,PF,ok,17429,17429,True,0,True,True,True,True
i2502,i,ok,17126,17126,True,0,True,True,True,True
CF1403,CF,ok,7723,7723,True,0,True,True,True,True
PK2604,PK,ok,5904,5904,True,0,True,True,True,True
au2102,au,ok,25084,25084,True,0,True,True,True,True
zn2102,zn,ok,20633,20633,True,0,True,True,True,True
jd2503,jd,ok,11459,11459,True,0,True,True,True,True
IF1912,IF,ok,8250,8250,True,0,True,True,True,True
PM2605,PM,ok,1920,1920,True,0,True,True,True,True
b1311,b,ok,6967,6967,True,0,True,True,True,True
TA2111,TA,ok,17491,17491,True,0,True,True,True,True
TA1604,TA,ok,17608,17608,True,0,True,True,True,True
ni1703,ni,ok,12631,12631,True,0,True,True,True,True
rb2209,rb,ok,17367,17367,True,0,True,True,True,True
pb1411,pb,ok,22010,22010,True,0,True,True,True,True
CY2508,CY,ok,16921,16921,True,0,True,True,True,True
CJ2205,CJ,ok,11567,11567,True,0,True,True,True,True
sn1712,sn,ok,22701,22701,True,0,True,True,True,True
a1401,a,ok,17179,17179,True,0,True,True,True,True
IF2108,IF,ok,2250,2250,True,0,True,True,True,True
RS1908,RS,ok,10294,10294,True,0,True,True,True,True
au2406,au,ok,29891,29891,True,0,True,True,True,True
rb1006,rb,ok,5219,5219,True,0,True,True,True,True
IH1603,IH,ok,8075,8075,True,0,True,True,True,True
zn2606,zn,ok,8002,8002,True,0,True,True,True,True
IH2312,IH,ok,7950,7950,True,0,True,True,True,True
y2603,y,ok,10412,10412,True,0,True,True,True,True
rb2305,rb,ok,17564,17564,True,0,True,True,True,True
fb2210,fb,ok,10719,10719,True,0,True,True,True,True
m2109,m,ok,17662,17662,True,0,True,True,True,True
pb1512,pb,ok,23239,23239,True,0,True,True,True,True
SF2404,SF,ok,11567,11567,True,0,True,True,True,True
jd2102,jd,ok,11603,11603,True,0,True,True,True,True
j2306,j,ok,16931,16931,True,0,True,True,True,True
i1803,i,ok,17567,17567,True,0,True,True,True,True
FG2312,FG,ok,17588,17588,True,0,True,True,True,True
sp2504,sp,ok,17491,17491,True,0,True,True,True,True
al1210,al,ok,11615,11615,True,0,True,True,True,True
zn2206,zn,ok,23131,23131,True,0,True,True,True,True
ao2507,ao,ok,23112,23112,True,0,True,True,True,True
PM1909,PM,ok,8843,8843,True,0,True,True,True,True
ru1603,ru,ok,17455,17455,True,0,True,True,True,True
al2303,al,ok,23228,23228,True,0,True,True,True,True
IF1210,IF,ok,2000,2000,True,0,True,True,True,True
y1411,y,ok,11314,11314,True,0,True,True,True,True
SF1902,SF,ok,10846,10846,True,0,True,True,True,True
wr2110,wr,ok,10665,10665,True,0,True,True,True,True
l1202,l,ok,5822,5822,True,0,True,True,True,True
eg2309,eg,ok,17417,17417,True,0,True,True,True,True
SA2511,SA,ok,16129,16129,True,0,True,True,True,True
ZC1702,ZC,ok,16987,16987,True,0,True,True,True,True
rb1112,rb,ok,11306,11306,True,0,True,True,True,True
TS2406,TS,ok,9565,9565,True,0,True,True,True,True
UR2207,UR,ok,11532,11532,True,0,True,True,True,True
rr2603,rr,ok,10399,10399,True,0,True,True,True,True
ag2012,ag,ok,23311,23311,True,0,True,True,True,True
bu1408,bu,ok,5820,5820,True,0,True,True,True,True
CY2311,CY,ok,17230,17230,True,0,True,True,True,True
IF1510,IF,ok,1650,1650,True,0,True,True,True,True
IF2402,IF,ok,1950,1950,True,0,True,True,True,True
sp2605,sp,ok,7542,7542,True,0,True,True,True,True
SM2605,SM,ok,4896,4896,True,0,True,True,True,True
fb2310,fb,ok,10511,10511,True,0,True,True,True,True
au2112,au,ok,29811,29811,True,0,True,True,True,True
MA2008,MA,ok,15871,15871,True,0,True,True,True,True
SM1606,SM,ok,2280,2280,True,0,True,True,True,True
c2005,c,ok,16099,16099,True,0,True,True,True,True
bb1908,bb,ok,2351,2351,True,0,True,True,True,True
l2407,l,ok,17413,17413,True,0,True,True,True,True
bc2604,bc,ok,11784,11784,True,0,True,True,True,True
RM1405,RM,ok,439,439,True,0,True,True,True,True
FG1707,FG,ok,16982,16982,True,0,True,True,True,True
v1904,v,ok,11090,11090,True,0,True,True,True,True
ni2009,ni,ok,20264,20264,True,0,True,True,True,True
fu1007,fu,ok,5651,5651,True,0,True,True,True,True
CY2104,CY,ok,7182,7182,True,0,True,True,True,True
eg2511,eg,ok,15545,15545,True,0,True,True,True,True
m1605,m,ok,17502,17502,True,0,True,True,True,True
cu2309,cu,ok,23374,23374,True,0,True,True,True,True
rb2012,rb,ok,15600,15600,True,0,True,True,True,True
jd2006,jd,ok,11638,11638,True,0,True,True,True,True
au1005,au,ok,3808,3808,True,0,True,True,True,True
eb2112,eb,ok,17375,17375,True,0,True,True,True,True
cs2305,cs,ok,17535,17535,True,0,True,True,True,True
zn1304,zn,ok,11616,11616,True,0,True,True,True,True
p1110,p,ok,4163,4163,True,0,True,True,True,True
SA2502,SA,ok,17199,17199,True,0,True,True,True,True
i2405,i,ok,17484,17484,True,0,True,True,True,True
ss2003,ss,ok,9063,9063,True,0,True,True,True,True
WH1403,WH,ok,10001,10001,True,0,True,True,True,True
CF1611,CF,ok,17637,17637,True,0,True,True,True,True
rr2501,rr,ok,16811,16811,True,0,True,True,True,True
jm1602,jm,ok,15433,15433,True,0,True,True,True,True
j1611,j,ok,8848,8848,True,0,True,True,True,True
c2111,c,ok,17459,17459,True,0,True,True,True,True
ZC2408,ZC,ok,10558,10558,True,0,True,True,True,True
SA2210,SA,ok,17563,17563,True,0,True,True,True,True
cu2002,cu,ok,22738,22738,True,0,True,True,True,True
p2302,p,ok,17272,17272,True,0,True,True,True,True
c2307,c,ok,17564,17564,True,0,True,True,True,True
RI2203,RI,ok,4600,4600,True,0,True,True,True,True
jd2209,jd,ok,11664,11664,True,0,True,True,True,True
al2003,al,ok,21758,21758,True,0,True,True,True,True
PM1701,PM,ok,7447,7447,True,0,True,True,True,True
fb1806,fb,ok,2041,2041,True,0,True,True,True,True
PM1811,PM,ok,10817,10817,True,0,True,True,True,True
SH2408,SH,ok,15656,15656,True,0,True,True,True,True
zn1810,zn,ok,23228,23228,True,0,True,True,True,True
ni1810,ni,ok,23010,23010,True,0,True,True,True,True
fb2007,fb,ok,4216,4216,True,0,True,True,True,True
hc2406,hc,ok,17402,17402,True,0,True,True,True,True
rb2306,rb,ok,17735,17735,True,0,True,True,True,True
PF2505,PF,ok,17490,17490,True,0,True,True,True,True
RM2108,RM,ok,17432,17432,True,0,True,True,True,True
zn1907,zn,ok,23131,23131,True,0,True,True,True,True
l1112,l,ok,6012,6012,True,0,True,True,True,True
rb2211,rb,ok,17551,17551,True,0,True,True,True,True
cu2012,cu,ok,20191,20191,True,0,True,True,True,True
fu2202,fu,ok,17021,17021,True,0,True,True,True,True
cs2405,cs,ok,17468,17468,True,0,True,True,True,True
b1407,b,ok,9906,9906,True,0,True,True,True,True
fu1507,fu,ok,8273,8273,True,0,True,True,True,True
FG2606,FG,ok,6034,6034,True,0,True,True,True,True
p2508,p,ok,17418,17418,True,0,True,True,True,True
wr2005,wr,ok,7582,7582,True,0,True,True,True,True
i2301,i,ok,17491,17491,True,0,True,True,True,True
p2104,p,ok,16608,16608,True,0,True,True,True,True
TA2504,TA,ok,17418,17418,True,0,True,True,True,True
rr2404,rr,ok,16778,16778,True,0,True,True,True,True
eb2209,eb,ok,17487,17487,True,0,True,True,True,True
ZC2104,ZC,ok,17051,17051,True,0,True,True,True,True
bb2305,bb,ok,562,562,True,0,True,True,True,True
wr2012,wr,ok,7803,7803,True,0,True,True,True,True
bb2210,bb,ok,390,390,True,0,True,True,True,True
WS1101,WS,ok,238,238,True,0,True,True,True,True
IF2504,IF,ok,1950,1950,True,0,True,True,True,True
pb1507,pb,ok,23397,23397,True,0,True,True,True,True
al2507,al,ok,23131,23131,True,0,True,True,True,True
l2311,l,ok,17485,17485,True,0,True,True,True,True
wr1409,wr,ok,9926,9926,True,0,True,True,True,True
sc2101,sc,ok,23648,23648,True,0,True,True,True,True
TA2208,TA,ok,17418,17418,True,0,True,True,True,True
pb2411,pb,ok,23130,23130,True,0,True,True,True,True
IH1902,IH,ok,1650,1650,True,0,True,True,True,True
PR2602,PR,ok,11726,11726,True,0,True,True,True,True
m1611,m,ok,15110,15110,True,0,True,True,True,True
l2104,l,ok,17092,17092,True,0,True,True,True,True
FG1605,FG,ok,16777,16777,True,0,True,True,True,True
RM1401,RM,ok,397,397,True,0,True,True,True,True
fb2102,fb,ok,3658,3658,True,0,True,True,True,True
wr1502,wr,ok,9006,9006,True,0,True,True,True,True
sn2309,sn,ok,23373,23373,True,0,True,True,True,True
jd1706,jd,ok,9327,9327,True,0,True,True,True,True
ag2507,ag,ok,27361,27361,True,0,True,True,True,True
OI2605,OI,ok,7396,7396,True,0,True,True,True,True
bu2307,bu,ok,17531,17531,True,0,True,True,True,True
TS2106,TS,ok,9459,9459,True,0,True,True,True,True
IF2009,IF,ok,8150,8150,True,0,True,True,True,True
UR2001,UR,ok,4985,4985,True,0,True,True,True,True
pb2103,pb,ok,21661,21661,True,0,True,True,True,True
SA2009,SA,ok,12109,12109,True,0,True,True,True,True
hc1911,hc,ok,17474,17474,True,0,True,True,True,True
fu1809,fu,ok,3616,3616,True,0,True,True,True,True
jm2305,jm,ok,17551,17551,True,0,True,True,True,True
SR2601,SR,ok,13015,13015,True,0,True,True,True,True
p1406,p,ok,10940,10940,True,0,True,True,True,True
OI1603,OI,ok,15619,15619,True,0,True,True,True,True
l2109,l,ok,17662,17662,True,0,True,True,True,True
CJ2201,CJ,ok,11663,11663,True,0,True,True,True,True
TA1404,TA,ok,9220,9220,True,0,True,True,True,True
ZC2007,ZC,ok,16026,16026,True,0,True,True,True,True
b1203,b,ok,2159,2159,True,0,True,True,True,True
l2012,l,ok,15894,15894,True,0,True,True,True,True
pb1506,pb,ok,23434,23434,True,0,True,True,True,True
pb1910,pb,ok,23228,23228,True,0,True,True,True,True
y1908,y,ok,17009,17009,True,0,True,True,True,True
ss2405,ss,ok,23168,23168,True,0,True,True,True,True
IC2304,IC,ok,2200,2200,True,0,True,True,True,True
fu1605,fu,ok,9541,9541,True,0,True,True,True,True
SM2412,SM,ok,11568,11568,True,0,True,True,True,True
IH2208,IH,ok,2250,2250,True,0,True,True,True,True
au1510,au,ok,24519,24519,True,0,True,True,True,True
j2201,j,ok,17532,17532,True,0,True,True,True,True
jd1705,jd,ok,11816,11816,True,0,True,True,True,True
wr1810,wr,ok,3613,3613,True,0,True,True,True,True
ni1901,ni,ok,23216,23216,True,0,True,True,True,True
ZC2203,ZC,ok,17199,17199,True,0,True,True,True,True
ru1805,ru,ok,17662,17662,True,0,True,True,True,True
RM2308,RM,ok,17563,17563,True,0,True,True,True,True
sp2508,sp,ok,17399,17399,True,0,True,True,True,True
sc1809,sc,ok,12326,12326,True,0,True,True,True,True
cu2407,cu,ok,23083,23083,True,0,True,True,True,True
FG2206,FG,ok,17491,17491,True,0,True,True,True,True
nr2406,nr,ok,17372,17372,True,0,True,True,True,True
pb2603,pb,ok,13675,13675,True,0,True,True,True,True
SR1103,SR,ok,884,884,True,0,True,True,True,True
CY2201,CY,ok,17484,17484,True,0,True,True,True,True
UR2302,UR,ok,11440,11440,True,0,True,True,True,True
T2209,T,ok,9671,9671,True,0,True,True,True,True
ni1609,ni,ok,23518,23518,True,0,True,True,True,True
SR2107,SR,ok,17661,17661,True,0,True,True,True,True
eb2202,eb,ok,17469,17469,True,0,True,True,True,True
l1810,l,ok,11026,11026,True,0,True,True,True,True
FG2110,FG,ok,17490,17490,True,0,True,True,True,True
a1209,a,ok,17226,17226,True,0,True,True,True,True
SM2102,SM,ok,11472,11472,True,0,True,True,True,True
hc2312,hc,ok,17564,17564,True,0,True,True,True,True
i1408,i,ok,9299,9299,True,0,True,True,True,True
pp1501,pp,ok,10496,10496,True,0,True,True,True,True
bu2109,bu,ok,33713,33713,True,0,True,True,True,True
JR2409,JR,ok,4593,4593,True,0,True,True,True,True
RS2311,RS,ok,11168,11168,True,0,True,True,True,True
b2012,b,ok,15275,15275,True,0,True,True,True,True
al1801,al,ok,23373,23373,True,0,True,True,True,True
FG2505,FG,ok,17491,17491,True,0,True,True,True,True
au2005,au,ok,3004,3004,True,0,True,True,True,True
pg2307,pg,ok,17442,17442,True,0,True,True,True,True
pg2605,pg,ok,6958,6958,True,0,True,True,True,True
cu1910,cu,ok,23228,23228,True,0,True,True,True,True
au1302,au,ok,11609,11609,True,0,True,True,True,True
eb2502,eb,ok,16937,16937,True,0,True,True,True,True
SM2305,SM,ok,11664,11664,True,0,True,True,True,True
eg2407,eg,ok,17223,17223,True,0,True,True,True,True
b1009,b,ok,6013,6013,True,0,True,True,True,True
wr1112,wr,ok,8918,8918,True,0,True,True,True,True
JR2201,JR,ok,6162,6162,True,0,True,True,True,True
fb1710,fb,ok,42,42,True,0,True,True,True,True
SA2510,SA,ok,17443,17443,True,0,True,True,True,True
p1011,p,ok,7743,7743,True,0,True,True,True,True
ru2404,ru,ok,17370,17370,True,0,True,True,True,True
IF1408,IF,ok,2000,2000,True,0,True,True,True,True
RI2211,RI,ok,4658,4658,True,0,True,True,True,True
eb2512,eb,ok,13939,13939,True,0,True,True,True,True
a2105,a,ok,17509,17509,True,0,True,True,True,True
sc2310,sc,ok,28002,28002,True,0,True,True,True,True
j1912,j,ok,17379,17379,True,0,True,True,True,True
cu1407,cu,ok,18180,18180,True,0,True,True,True,True
lh2405,lh,ok,11133,11133,True,0,True,True,True,True
rr2512,rr,ok,14583,14583,True,0,True,True,True,True
eb2012,eb,ok,15837,15837,True,0,True,True,True,True
l2107,l,ok,17049,17049,True,0,True,True,True,True
zn1507,zn,ok,23397,23397,True,0,True,True,True,True
OI2209,OI,ok,17447,17447,True,0,True,True,True,True
IH2107,IH,ok,1950,1950,True,0,True,True,True,True
pp1805,pp,ok,11712,11712,True,0,True,True,True,True
b1601,b,ok,14084,14084,True,0,True,True,True,True
RS2111,RS,ok,10755,10755,True,0,True,True,True,True
cu2510,cu,ok,23277,23277,True,0,True,True,True,True
pp1707,pp,ok,7297,7297,True,0,True,True,True,True
CJ2303,CJ,ok,11664,11664,True,0,True,True,True,True
ru1210,ru,ok,11602,11602,True,0,True,True,True,True
SM2506,SM,ok,11568,11568,True,0,True,True,True,True
cu1512,cu,ok,23264,23264,True,0,True,True,True,True
IH1608,IH,ok,2249,2249,True,0,True,True,True,True
FG2208,FG,ok,17354,17354,True,0,True,True,True,True
wr2403,wr,ok,10458,10458,True,0,True,True,True,True
pb2508,pb,ok,22998,22998,True,0,True,True,True,True
SF2402,SF,ok,11904,11904,True,0,True,True,True,True
sc2410,sc,ok,27213,27213,True,0,True,True,True,True
IF1302,IF,ok,1650,1650,True,0,True,True,True,True
m2201,m,ok,17506,17506,True,0,True,True,True,True
RS2011,RS,ok,10134,10134,True,0,True,True,True,True
IF2403,IF,ok,7850,7850,True,0,True,True,True,True
wr2502,wr,ok,10266,10266,True,0,True,True,True,True
MA1607,MA,ok,17113,17113,True,0,True,True,True,True
pb1312,pb,ok,11311,11311,True,0,True,True,True,True
RM1911,RM,ok,17126,17126,True,0,True,True,True,True
wr2510,wr,ok,9942,9942,True,0,True,True,True,True
au2602,au,ok,20365,20365,True,0,True,True,True,True
l1511,l,ok,11234,11234,True,0,True,True,True,True
TA1408,TA,ok,9078,9078,True,0,True,True,True,True
bu1405,bu,ok,5707,5707,True,0,True,True,True,True
c1007,c,ok,5148,5148,True,0,True,True,True,True
sc2502,sc,ok,26888,26888,True,0,True,True,True,True
ZC1705,ZC,ok,17440,17440,True,0,True,True,True,True
fu2411,fu,ok,17411,17411,True,0,True,True,True,True
cu1505,cu,ok,23422,23422,True,0,True,True,True,True
WH1307,WH,ok,6339,6339,True,0,True,True,True,True
ag2505,ag,ok,27361,27361,True,0,True,True,True,True
si2603,si,ok,6912,6912,True,0,True,True,True,True
cu2308,cu,ok,23228,23228,True,0,True,True,True,True
m1909,m,ok,17418,17418,True,0,True,True,True,True
pb2512,pb,ok,19203,19203,True,0,True,True,True,True
p1509,p,ok,17697,17697,True,0,True,True,True,True
cs1609,cs,ok,11474,11474,True,0,True,True,True,True
al1705,al,ok,22354,22354,True,0,True,True,True,True
SM1709,SM,ok,11594,11594,True,0,True,True,True,True
OI1801,OI,ok,17637,17637,True,0,True,True,True,True
IF1411,IF,ok,2000,2000,True,0,True,True,True,True
y1112,y,ok,7606,7606,True,0,True,True,True,True
SR1205,SR,ok,2048,2048,True,0,True,True,True,True
bb1511,bb,ok,9657,9657,True,0,True,True,True,True
CJ2509,CJ,ok,11568,11568,True,0,True,True,True,True
j1405,j,ok,11663,11663,True,0,True,True,True,True
eg2308,eg,ok,17348,17348,True,0,True,True,True,True
RS1411,RS,ok,8620,8620,True,0,True,True,True,True
eb2504,eb,ok,17471,17471,True,0,True,True,True,True
v1101,v,ok,9864,9864,True,0,True,True,True,True
nr2010,nr,ok,15895,15895,True,0,True,True,True,True
j1302,j,ok,4037,4037,True,0,True,True,True,True
al2108,al,ok,23277,23277,True,0,True,True,True,True
b2209,b,ok,17053,17053,True,0,True,True,True,True
SM2508,SM,ok,11616,11616,True,0,True,True,True,True
pb2203,pb,ok,23228,23228,True,0,True,True,True,True
wr2311,wr,ok,9828,9828,True,0,True,True,True,True
IF2007,IF,ok,2150,2150,True,0,True,True,True,True
TA1811,TA,ok,17636,17636,True,0,True,True,True,True
p2009,p,ok,15978,15978,True,0,True,True,True,True
bu1901,bu,ok,8823,8823,True,0,True,True,True,True
SM1812,SM,ok,8733,8733,True,0,True,True,True,True
au1506,au,ok,25327,25327,True,0,True,True,True,True
hc2004,hc,ok,16304,16304,True,0,True,True,True,True
al2204,al,ok,23131,23131,True,0,True,True,True,True
SR1905,SR,ok,26338,26338,True,0,True,True,True,True
LR2107,LR,ok,4798,4798,True,0,True,True,True,True
bu1605,bu,ok,8593,8593,True,0,True,True,True,True
rb1205,rb,ok,11439,11439,True,0,True,True,True,True
RM2603,RM,ok,10412,10412,True,0,True,True,True,True
TA2505,TA,ok,17491,17491,True,0,True,True,True,True
fu1303,fu,ok,11074,11074,True,0,True,True,True,True
CY2401,CY,ok,17515,17515,True,0,True,True,True,True
pg2401,pg,ok,17750,17750,True,0,True,True,True,True
cs2103,cs,ok,16471,16471,True,0,True,True,True,True
jm2205,jm,ok,17405,17405,True,0,True,True,True,True
CJ2107,CJ,ok,11653,11653,True,0,True,True,True,True
FG2507,FG,ok,17491,17491,True,0,True,True,True,True
pb1807,pb,ok,23374,23374,True,0,True,True,True,True
WH1409,WH,ok,2576,2576,True,0,True,True,True,True
IH2302,IH,ok,1950,1950,True,0,True,True,True,True
ni1812,ni,ok,23269,23269,True,0,True,True,True,True
OI2011,OI,ok,15938,15938,True,0,True,True,True,True
bc2309,bc,ok,23082,23082,True,0,True,True,True,True
PF2208,PF,ok,17392,17392,True,0,True,True,True,True
jd2004,jd,ok,11660,11660,True,0,True,True,True,True
zn2310,zn,ok,23180,23180,True,0,True,True,True,True
p2206,p,ok,17443,17443,True,0,True,True,True,True
ag1311,ag,ok,17140,17140,True,0,True,True,True,True
JR1807,JR,ok,8072,8072,True,0,True,True,True,True
i1801,i,ok,17637,17637,True,0,True,True,True,True
SM1905,SM,ok,11695,11695,True,0,True,True,True,True
ME1412,ME,ok,7762,7762,True,0,True,True,True,True
l2511,l,ok,16129,16129,True,0,True,True,True,True
l1807,l,ok,11509,11509,True,0,True,True,True,True
ru1701,ru,ok,17637,17637,True,0,True,True,True,True
l1102,l,ok,4943,4943,True,0,True,True,True,True
nr2412,nr,ok,17273,17273,True,0,True,True,True,True
lu2206,lu,ok,17133,17133,True,0,True,True,True,True
pp2207,pp,ok,17471,17471,True,0,True,True,True,True
RI2403,RI,ok,4647,4647,True,0,True,True,True,True
WH1805,WH,ok,11525,11525,True,0,True,True,True,True
lu2501,lu,ok,17462,17462,True,0,True,True,True,True
al1607,al,ok,23359,23359,True,0,True,True,True,True
rb1406,rb,ok,11503,11503,True,0,True,True,True,True
lu2106,lu,ok,16456,16456,True,0,True,True,True,True
ru2411,ru,ok,17490,17490,True,0,True,True,True,True
MA1908,MA,ok,17226,17226,True,0,True,True,True,True
lc2510,lc,ok,11568,11568,True,0,True,True,True,True
TF1612,TF,ok,9674,9674,True,0,True,True,True,True
IF2104,IF,ok,1950,1950,True,0,True,True,True,True
ag2111,ag,ok,27361,27361,True,0,True,True,True,True
jm1801,jm,ok,17611,17611,True,0,True,True,True,True
sn2501,sn,ok,23130,23130,True,0,True,True,True,True
UR2505,UR,ok,11616,11616,True,0,True,True,True,True
bu1811,bu,ok,8467,8467,True,0,True,True,True,True
ru1411,ru,ok,11760,11760,True,0,True,True,True,True
rr2406,rr,ok,16786,16786,True,0,True,True,True,True
SA2509,SA,ok,17418,17418,True,0,True,True,True,True
jd2407,jd,ok,11523,11523,True,0,True,True,True,True
p1905,p,ok,17710,17710,True,0,True,True,True,True
SM1908,SM,ok,11258,11258,True,0,True,True,True,True
rb1106,rb,ok,11104,11104,True,0,True,True,True,True
c2011,c,ok,15962,15962,True,0,True,True,True,True
c2507,c,ok,17472,17472,True,0,True,True,True,True
fb1707,fb,ok,352,352,True,0,True,True,True,True
ZC2008,ZC,ok,15729,15729,True,0,True,True,True,True
MA2302,MA,ok,17226,17226,True,0,True,True,True,True
pb1605,pb,ok,22959,22959,True,0,True,True,True,True
jd1703,jd,ok,11672,11672,True,0,True,True,True,True
pp2305,pp,ok,17564,17564,True,0,True,True,True,True
FG1411,FG,ok,9838,9838,True,0,True,True,True,True
RS1409,RS,ok,5218,5218,True,0,True,True,True,True
RS2211,RS,ok,11278,11278,True,0,True,True,True,True
zn2405,zn,ok,23179,23179,True,0,True,True,True,True
ss2602,ss,ok,15615,15615,True,0,True,True,True,True
zn2302,zn,ok,23227,23227,True,0,True,True,True,True
i2106,i,ok,17513,17513,True,0,True,True,True,True
IF1509,IF,ok,8250,8250,True,0,True,True,True,True
p2210,p,ok,17545,17545,True,0,True,True,True,True
MA1712,MA,ok,17169,17169,True,0,True,True,True,True
i1507,i,ok,14723,14723,True,0,True,True,True,True
rb2202,rb,ok,17611,17611,True,0,True,True,True,True
ao2406,ao,ok,22840,22840,True,0,True,True,True,True
al1908,al,ok,23228,23228,True,0,True,True,True,True
IH1611,IH,ok,1948,1948,True,0,True,True,True,True
bb1902,bb,ok,1596,1596,True,0,True,True,True,True
IF1311,IF,ok,1700,1700,True,0,True,True,True,True
ag2107,ag,ok,27658,27658,True,0,True,True,True,True
PM2603,PM,ok,2718,2718,True,0,True,True,True,True
bb2408,bb,ok,16,16,True,0,True,True,True,True
zn1712,zn,ok,23471,23471,True,0,True,True,True,True
c1301,c,ok,11391,11391,True,0,True,True,True,True
bu2101,bu,ok,9075,9075,True,0,True,True,True,True
i2303,i,ok,17446,17446,True,0,True,True,True,True
OI2211,OI,ok,17564,17564,True,0,True,True,True,True
PM2005,PM,ok,6065,6065,True,0,True,True,True,True
b2303,b,ok,17429,17429,True,0,True,True,True,True
lu2307,lu,ok,17563,17563,True,0,True,True,True,True
RM2203,RM,ok,17526,17526,True,0,True,True,True,True
SF1903,SF,ok,10955,10955,True,0,True,True,True,True
TF1609,TF,ok,9432,9432,True,0,True,True,True,True
au1301,au,ok,11663,11663,True,0,True,True,True,True
hc1606,hc,ok,11443,11443,True,0,True,True,True,True
br2601,br,ok,13015,13015,True,0,True,True,True,True
c2101,c,ok,16064,16064,True,0,True,True,True,True
sn1611,sn,ok,3453,3453,True,0,True,True,True,True
SM2204,SM,ok,11663,11663,True,0,True,True,True,True
sn2301,sn,ok,23131,23131,True,0,True,True,True,True
bu1703,bu,ok,28486,28486,True,0,True,True,True,True
ru1407,ru,ok,11711,11711,True,0,True,True,True,True
j1504,j,ok,13631,13631,True,0,True,True,True,True
eg2510,eg,ok,17078,17078,True,0,True,True,True,True
b1603,b,ok,9987,9987,True,0,True,True,True,True
IH2008,IH,ok,2150,2150,True,0,True,True,True,True
hc2204,hc,ok,17490,17490,True,0,True,True,True,True
PM1511,PM,ok,8296,8296,True,0,True,True,True,True
v2003,v,ok,15774,15774,True,0,True,True,True,True
c1405,c,ok,11455,11455,True,0,True,True,True,True
b1709,b,ok,8949,8949,True,0,True,True,True,True
pb2605,pb,ok,9990,9990,True,0,True,True,True,True
TF2406,TF,ok,9565,9565,True,0,True,True,True,True
sp2204,sp,ok,17490,17490,True,0,True,True,True,True
au1012,au,ok,10960,10960,True,0,True,True,True,True
p1103,p,ok,6158,6158,True,0,True,True,True,True
m2111,m,ok,17462,17462,True,0,True,True,True,True
jm1812,jm,ok,16918,16918,True,0,True,True,True,True
hc2410,hc,ok,17418,17418,True,0,True,True,True,True
IF2207,IF,ok,1950,1950,True,0,True,True,True,True
hc2209,hc,ok,17374,17374,True,0,True,True,True,True
FG2604,FG,ok,8904,8904,True,0,True,True,True,True
IF1810,IF,ok,1950,1950,True,0,True,True,True,True
c2601,c,ok,13015,13015,True,0,True,True,True,True
al1001,al,ok,480,480,True,0,True,True,True,True
au1209,au,ok,11551,11551,True,0,True,True,True,True
al2012,al,ok,20191,20191,True,0,True,True,True,True
pp2508,pp,ok,17456,17456,True,0,True,True,True,True
wr1504,wr,ok,7299,7299,True,0,True,True,True,True
m1408,m,ok,11231,11231,True,0,True,True,True,True
a1205,a,ok,17194,17194,True,0,True,True,True,True
v1802,v,ok,11285,11285,True,0,True,True,True,True
m1808,m,ok,17005,17005,True,0,True,True,True,True
IF2008,IF,ok,2150,2150,True,0,True,True,True,True
RO1301,RO,ok,486,486,True,0,True,True,True,True
c1407,c,ok,11567,11567,True,0,True,True,True,True
MA2005,MA,ok,16112,16112,True,0,True,True,True,True
p2402,p,ok,17722,17722,True,0,True,True,True,True
j2210,j,ok,17228,17228,True,0,True,True,True,True
l1110,l,ok,7306,7306,True,0,True,True,True,True
cu2208,cu,ok,23034,23034,True,0,True,True,True,True
ER1201,ER,ok,261,261,True,0,True,True,True,True
rr2401,rr,ok,17105,17105,True,0,True,True,True,True
j2109,j,ok,17630,17630,True,0,True,True,True,True
al1312,al,ok,11376,11376,True,0,True,True,True,True
cu1608,cu,ok,23130,23130,True,0,True,True,True,True
rb1402,rb,ok,11446,11446,True,0,True,True,True,True
zn2101,zn,ok,20276,20276,True,0,True,True,True,True
UR2103,UR,ok,11397,11397,True,0,True,True,True,True
IF2509,IF,ok,8200,8200,True,0,True,True,True,True
m1903,m,ok,17258,17258,True,0,True,True,True,True
CJ2312,CJ,ok,11664,11664,True,0,True,True,True,True
ss2410,ss,ok,22960,22960,True,0,True,True,True,True
nr2005,nr,ok,11621,11621,True,0,True,True,True,True
CY2001,CY,ok,17056,17056,True,0,True,True,True,True
b1806,b,ok,10375,10375,True,0,True,True,True,True
OI2311,OI,ok,17588,17588,True,0,True,True,True,True
TA2311,TA,ok,17589,17589,True,0,True,True,True,True
p1601,p,ok,17419,17419,True,0,True,True,True,True
SA2207,SA,ok,17491,17491,True,0,True,True,True,True
au2101,au,ok,7063,7063,True,0,True,True,True,True
p1803,p,ok,17021,17021,True,0,True,True,True,True
zn1909,zn,ok,22985,22985,True,0,True,True,True,True
LR2309,LR,ok,4561,4561,True,0,True,True,True,True
fb2301,fb,ok,11461,11461,True,0,True,True,True,True
PM1707,PM,ok,6100,6100,True,0,True,True,True,True
p1908,p,ok,16709,16709,True,0,True,True,True,True
fb2503,fb,ok,10940,10940,True,0,True,True,True,True
y2107,y,ok,17662,17662,True,0,True,True,True,True
RI2409,RI,ok,4580,4580,True,0,True,True,True,True
RM2305,RM,ok,17564,17564,True,0,True,True,True,True
FG2101,FG,ok,16003,16003,True,0,True,True,True,True
WH1901,WH,ok,11380,11380,True,0,True,True,True,True
PM1601,PM,ok,10042,10042,True,0,True,True,True,True
fb1907,fb,ok,4427,4427,True,0,True,True,True,True
v2006,v,ok,15716,15716,True,0,True,True,True,True
al1708,al,ok,23008,23008,True,0,True,True,True,True
eb2308,eb,ok,17537,17537,True,0,True,True,True,True
i2212,i,ok,17548,17548,True,0,True,True,True,True
bb2402,bb,ok,15,15,True,0,True,True,True,True
IM2210,IM,ok,1950,1950,True,0,True,True,True,True
au1402,au,ok,20852,20852,True,0,True,True,True,True
au1912,au,ok,29861,29861,True,0,True,True,True,True
sc2110,sc,ok,27338,27338,True,0,True,True,True,True
al1302,al,ok,11711,11711,True,0,True,True,True,True
sc1905,sc,ok,27451,27451,True,0,True,True,True,True
au1003,au,ok,1987,1987,True,0,True,True,True,True
a1711,a,ok,18318,18318,True,0,True,True,True,True
m2307,m,ok,17564,17564,True,0,True,True,True,True
IF2409,IF,ok,8050,8050,True,0,True,True,True,True
pg2102,pg,ok,15287,15287,True,0,True,True,True,True
fu2601,fu,ok,13720,13720,True,0,True,True,True,True
rb2505,rb,ok,17491,17491,True,0,True,True,True,True
au1601,au,ok,6525,6525,True,0,True,True,True,True
sc2409,sc,ok,82264,82264,True,0,True,True,True,True
b2301,b,ok,17328,17328,True,0,True,True,True,True
ps2511,ps,ok,9312,9312,True,0,True,True,True,True
pb1308,pb,ok,11453,11453,True,0,True,True,True,True
TF1412,TF,ok,9348,9348,True,0,True,True,True,True
sc2503,sc,ok,82234,82234,True,0,True,True,True,True
OI1405,OI,ok,1321,1321,True,0,True,True,True,True
au2008,au,ok,25906,25906,True,0,True,True,True,True
i1611,i,ok,13032,13032,True,0,True,True,True,True
cu1810,cu,ok,23228,23228,True,0,True,True,True,True
pb1811,pb,ok,23300,23300,True,0,True,True,True,True
ad2601,ad,ok,9986,9986,True,0,True,True,True,True
cs2503,cs,ok,17242,17242,True,0,True,True,True,True
lc2410,lc,ok,11568,11568,True,0,True,True,True,True
sp2409,sp,ok,17491,17491,True,0,True,True,True,True
FG2109,FG,ok,17538,17538,True,0,True,True,True,True
cu2408,cu,ok,23277,23277,True,0,True,True,True,True
CF2409,CF,ok,17515,17515,True,0,True,True,True,True
AP2205,AP,ok,11568,11568,True,0,True,True,True,True
wr1908,wr,ok,4364,4364,True,0,True,True,True,True
PX2505,PX,ok,17353,17353,True,0,True,True,True,True
sc2203,sc,ok,78261,78261,True,0,True,True,True,True
a2511,a,ok,16129,16129,True,0,True,True,True,True
nr2506,nr,ok,17418,17418,True,0,True,True,True,True
fu1803,fu,ok,7715,7715,True,0,True,True,True,True
br2603,br,ok,10339,10339,True,0,True,True,True,True
rr2007,rr,ok,13287,13287,True,0,True,True,True,True
ru1011,ru,ok,9968,9968,True,0,True,True,True,True
al1802,al,ok,23617,23617,True,0,True,True,True,True
l1204,l,ok,6702,6702,True,0,True,True,True,True
jd1405,jd,ok,5936,5936,True,0,True,True,True,True
SA2209,SA,ok,17466,17466,True,0,True,True,True,True
SF2604,SF,ok,5904,5904,True,0,True,True,True,True
WH2005,WH,ok,10976,10976,True,0,True,True,True,True
fb1605,fb,ok,4853,4853,True,0,True,True,True,True
v2306,v,ok,17662,17662,True,0,True,True,True,True
y2211,y,ok,17564,17564,True,0,True,True,True,True
IF1104,IF,ok,1900,1900,True,0,True,True,True,True
MA2001,MA,ok,17637,17637,True,0,True,True,True,True
WH2207,WH,ok,6358,6358,True,0,True,True,True,True
ZC1912,ZC,ok,17175,17175,True,0,True,True,True,True
l1310,l,ok,9394,9394,True,0,True,True,True,True
v1807,v,ok,11106,11106,True,0,True,True,True,True
i2004,i,ok,16229,16229,True,0,True,True,True,True
fb2603,fb,ok,6880,6880,True,0,True,True,True,True
j1501,j,ok,14984,14984,True,0,True,True,True,True
p2208,p,ok,17418,17418,True,0,True,True,True,True
v2205,v,ok,17344,17344,True,0,True,True,True,True
fu1112,fu,ok,11516,11516,True,0,True,True,True,True
pb1502,pb,ok,23331,23331,True,0,True,True,True,True
p2012,p,ok,15677,15677,True,0,True,True,True,True
y1712,y,ok,17103,17103,True,0,True,True,True,True
jd2108,jd,ok,11699,11699,True,0,True,True,True,True
RM2605,RM,ok,7396,7396,True,0,True,True,True,True
b2401,b,ok,17352,17352,True,0,True,True,True,True
a2109,a,ok,17617,17617,True,0,True,True,True,True
br2410,br,ok,17349,17349,True,0,True,True,True,True
jd2403,jd,ok,11325,11325,True,0,True,True,True,True
bu1804,bu,ok,8655,8655,True,0,True,True,True,True
bb2012,bb,ok,2142,2142,True,0,True,True,True,True
au1308,au,ok,13230,13230,True,0,True,True,True,True
bu2003,bu,ok,34313,34313,True,0,True,True,True,True
jm2004,jm,ok,15736,15736,True,0,True,True,True,True
rb2304,rb,ok,17637,17637,True,0,True,True,True,True
bb1803,bb,ok,1507,1507,True,0,True,True,True,True
PF2302,PF,ok,17271,17271,True,0,True,True,True,True
j1705,j,ok,17222,17222,True,0,True,True,True,True
ag2302,ag,ok,27476,27476,True,0,True,True,True,True
v2405,v,ok,17516,17516,True,0,True,True,True,True
c1911,c,ok,15199,15199,True,0,True,True,True,True
OI1509,OI,ok,10259,10259,True,0,True,True,True,True
cu2007,cu,ok,20239,20239,True,0,True,True,True,True
IF1611,IF,ok,1949,1949,True,0,True,True,True,True
fb2008,fb,ok,3821,3821,True,0,True,True,True,True
cu1011,cu,ok,9968,9968,True,0,True,True,True,True
CY2112,CY,ok,13479,13479,True,0,True,True,True,True
ni2203,ni,ok,23187,23187,True,0,True,True,True,True
FG2201,FG,ok,17516,17516,True,0,True,True,True,True
cu1901,cu,ok,23228,23228,True,0,True,True,True,True
eb2010,eb,ok,15168,15168,True,0,True,True,True,True
bu2411,bu,ok,17491,17491,True,0,True,True,True,True
MA1709,MA,ok,17417,17417,True,0,True,True,True,True
sn1802,sn,ok,23339,23339,True,0,True,True,True,True
ME1408,ME,ok,6316,6316,True,0,True,True,True,True
jd2601,jd,ok,8400,8400,True,0,True,True,True,True
hc2107,hc,ok,17643,17643,True,0,True,True,True,True
v2509,v,ok,17418,17418,True,0,True,True,True,True
zn2005,zn,ok,20336,20336,True,0,True,True,True,True
fb2209,fb,ok,11291,11291,True,0,True,True,True,True
c2303,c,ok,17423,17423,True,0,True,True,True,True
b1307,b,ok,4950,4950,True,0,True,True,True,True
fu1708,fu,ok,5925,5925,True,0,True,True,True,True
j2203,j,ok,16964,16964,True,0,True,True,True,True
b1905,b,ok,17684,17684,True,0,True,True,True,True
T1709,T,ok,9671,9671,True,0,True,True,True,True
ru2204,ru,ok,17491,17491,True,0,True,True,True,True
RO1203,RO,ok,8066,8066,True,0,True,True,True,True
cu1409,cu,ok,20130,20130,True,0,True,True,True,True
c1309,c,ok,11471,11471,True,0,True,True,True,True
eb2401,eb,ok,17692,17692,True,0,True,True,True,True
IC1703,IC,ok,8099,8099,True,0,True,True,True,True
ru2301,ru,ok,17491,17491,True,0,True,True,True,True
l1508,l,ok,11730,11730,True,0,True,True,True,True
a2011,a,ok,15805,15805,True,0,True,True,True,True
TA2402,TA,ok,17954,17954,True,0,True,True,True,True
CF1901,CF,ok,17564,17564,True,0,True,True,True,True
IF2107,IF,ok,1950,1950,True,0,True,True,True,True
pb2104,pb,ok,22738,22738,True,0,True,True,True,True
bc2111,bc,ok,22616,22616,True,0,True,True,True,True
v2102,v,ok,16580,16580,True,0,True,True,True,True
pg2404,pg,ok,17376,17376,True,0,True,True,True,True
SM1811,SM,ok,8121,8121,True,0,True,True,True,True
wr1603,wr,ok,599,599,True,0,True,True,True,True
y1909,y,ok,17453,17453,True,0,True,True,True,True
pp2003,pp,ok,16278,16278,True,0,True,True,True,True
jd1811,jd,ok,11614,11614,True,0,True,True,True,True
fu2012,fu,ok,15952,15952,True,0,True,True,True,True
fb1608,fb,ok,536,536,True,0,True,True,True,True
ru2408,ru,ok,17493,17493,True,0,True,True,True,True
CF1111,CF,ok,1985,1985,True,0,True,True,True,True
c1307,c,ok,10770,10770,True,0,True,True,True,True
p1602,p,ok,15625,15625,True,0,True,True,True,True
wr1009,wr,ok,7875,7875,True,0,True,True,True,True
SF2104,SF,ok,11516,11516,True,0,True,True,True,True
sp2401,sp,ok,17516,17516,True,0,True,True,True,True
IF2203,IF,ok,8100,8100,True,0,True,True,True,True
AP2310,AP,ok,11616,11616,True,0,True,True,True,True
ni1808,ni,ok,23170,23170,True,0,True,True,True,True
p1712,p,ok,16883,16883,True,0,True,True,True,True
RM1808,RM,ok,17389,17389,True,0,True,True,True,True
pp1910,pp,ok,14208,14208,True,0,True,True,True,True
bc2605,bc,ok,9990,9990,True,0,True,True,True,True
UR2201,UR,ok,11663,11663,True,0,True,True,True,True
sp2311,sp,ok,17589,17589,True,0,True,True,True,True
au1009,au,ok,7993,7993,True,0,True,True,True,True
bu2006,bu,ok,33517,33517,True,0,True,True,True,True
jd2002,jd,ok,11542,11542,True,0,True,True,True,True
i2412,i,ok,17322,17322,True,0,True,True,True,True
jm2001,jm,ok,17637,17637,True,0,True,True,True,True
v1301,v,ok,11450,11450,True,0,True,True,True,True
wr2304,wr,ok,11385,11385,True,0,True,True,True,True
jd1908,jd,ok,11533,11533,True,0,True,True,True,True
SF2312,SF,ok,11664,11664,True,0,True,True,True,True
bb1501,bb,ok,11759,11759,True,0,True,True,True,True
UR2409,UR,ok,11616,11616,True,0,True,True,True,True
au1001,au,ok,58,58,True,0,True,True,True,True
ni1604,ni,ok,21483,21483,True,0,True,True,True,True
p1802,p,ok,17242,17242,True,0,True,True,True,True
l2101,l,ok,16064,16064,True,0,True,True,True,True
au1503,au,ok,6147,6147,True,0,True,True,True,True
IF2204,IF,ok,1900,1900,True,0,True,True,True,True
y1105,y,ok,11059,11059,True,0,True,True,True,True
cs2409,cs,ok,17244,17244,True,0,True,True,True,True
cu2505,cu,ok,23131,23131,True,0,True,True,True,True
WS1201,WS,ok,178,178,True,0,True,True,True,True
ZC2301,ZC,ok,13274,13274,True,0,True,True,True,True
cs1903,cs,ok,11208,11208,True,0,True,True,True,True
IC2309,IC,ok,7950,7950,True,0,True,True,True,True
SR2405,SR,ok,17490,17490,True,0,True,True,True,True
bu1607,bu,ok,5667,5667,True,0,True,True,True,True
TS2212,TS,ok,9671,9671,True,0,True,True,True,True
fu2203,fu,ok,17421,17421,True,0,True,True,True,True
rb1809,rb,ok,17671,17671,True,0,True,True,True,True
v2307,v,ok,17551,17551,True,0,True,True,True,True
IH1507,IH,ok,2200,2200,True,0,True,True,True,True
c1001,c,ok,65,65,True,0,True,True,True,True
PM1409,PM,ok,9258,9258,True,0,True,True,True,True
cu1403,cu,ok,14117,14117,True,0,True,True,True,True
b1801,b,ok,14180,14180,True,0,True,True,True,True
UR2009,UR,ok,11589,11589,True,0,True,True,True,True
fb1909,fb,ok,4175,4175,True,0,True,True,True,True
l1305,l,ok,11587,11587,True,0,True,True,True,True
SR1507,SR,ok,16721,16721,True,0,True,True,True,True
bc2507,bc,ok,22935,22935,True,0,True,True,True,True
jd2505,jd,ok,11491,11491,True,0,True,True,True,True
cs1811,cs,ok,11212,11212,True,0,True,True,True,True
SR2207,SR,ok,17477,17477,True,0,True,True,True,True
IH1709,IH,ok,8000,8000,True,0,True,True,True,True
zn1301,zn,ok,11663,11663,True,0,True,True,True,True
PM2301,PM,ok,5134,5134,True,0,True,True,True,True
bu1709,bu,ok,34161,34161,True,0,True,True,True,True
IC2001,IC,ok,2200,2200,True,0,True,True,True,True
bb1502,bb,ok,11621,11621,True,0,True,True,True,True
v2410,v,ok,17418,17418,True,0,True,True,True,True
IF1604,IF,ok,1950,1950,True,0,True,True,True,True
v2408,v,ok,17589,17589,True,0,True,True,True,True
ss2203,ss,ok,23215,23215,True,0,True,True,True,True
SM1903,SM,ok,9914,9914,True,0,True,True,True,True
eb2407,eb,ok,17370,17370,True,0,True,True,True,True
wr1912,wr,ok,4493,4493,True,0,True,True,True,True
RI2311,RI,ok,4721,4721,True,0,True,True,True,True
si2506,si,ok,11520,11520,True,0,True,True,True,True
wr2312,wr,ok,10453,10453,True,0,True,True,True,True
pb2307,pb,ok,23216,23216,True,0,True,True,True,True
pb2511,pb,ok,21240,21240,True,0,True,True,True,True
TA1304,TA,ok,7375,7375,True,0,True,True,True,True
ru1703,ru,ok,16478,16478,True,0,True,True,True,True
bc2207,bc,ok,22876,22876,True,0,True,True,True,True
lc2511,lc,ok,10704,10704,True,0,True,True,True,True
al1310,al,ok,11424,11424,True,0,True,True,True,True
j1407,j,ok,11039,11039,True,0,True,True,True,True
sc2508,sc,ok,27331,27331,True,0,True,True,True,True
ag2306,ag,ok,27773,27773,True,0,True,True,True,True
SM2502,SM,ok,11424,11424,True,0,True,True,True,True
cu1009,cu,ok,8304,8304,True,0,True,True,True,True
MA1511,MA,ok,15616,15616,True,0,True,True,True,True
SM2103,SM,ok,11251,11251,True,0,True,True,True,True
wr1405,wr,ok,9196,9196,True,0,True,True,True,True
cu1808,cu,ok,23471,23471,True,0,True,True,True,True
T2206,T,ok,9275,9275,True,0,True,True,True,True
v2512,v,ok,14596,14596,True,0,True,True,True,True
CY2308,CY,ok,17112,17112,True,0,True,True,True,True
pp1704,pp,ok,4591,4591,True,0,True,True,True,True
ru2101,ru,ok,16064,16064,True,0,True,True,True,True
RM1501,RM,ok,714,714,True,0,True,True,True,True
zn2603,zn,ok,13675,13675,True,0,True,True,True,True
ru1208,ru,ok,11599,11599,True,0,True,True,True,True
eg2603,eg,ok,9828,9828,True,0,True,True,True,True
UR2405,UR,ok,11616,11616,True,0,True,True,True,True
ME1405,ME,ok,1534,1534,True,0,True,True,True,True
WH2109,WH,ok,11235,11235,True,0,True,True,True,True
ni1911,ni,ok,23216,23216,True,0,True,True,True,True
fb2401,fb,ok,11603,11603,True,0,True,True,True,True
hc2105,hc,ok,17589,17589,True,0,True,True,True,True
fu1710,fu,ok,8829,8829,True,0,True,True,True,True
ru2505,ru,ok,17491,17491,True,0,True,True,True,True
RI1611,RI,ok,5186,5186,True,0,True,True,True,True
v2302,v,ok,17271,17271,True,0,True,True,True,True
AP2504,AP,ok,11381,11381,True,0,True,True,True,True
OI1503,OI,ok,10628,10628,True,0,True,True,True,True
v1705,v,ok,11615,11615,True,0,True,True,True,True
au1107,au,ok,11417,11417,True,0,True,True,True,True
JR1507,JR,ok,4543,4543,True,0,True,True,True,True
TA1403,TA,ok,9940,9940,True,0,True,True,True,True
MA1806,MA,ok,17274,17274,True,0,True,True,True,True
c1609,c,ok,11641,11641,True,0,True,True,True,True
al1502,al,ok,23284,23284,True,0,True,True,True,True
sc2303,sc,ok,79553,79553,True,0,True,True,True,True
bu1510,bu,ok,6946,6946,True,0,True,True,True,True
rb2405,rb,ok,17516,17516,True,0,True,True,True,True
bu2004,bu,ok,7654,7654,True,0,True,True,True,True
y1107,y,ok,6251,6251,True,0,True,True,True,True
TS2112,TS,ok,9671,9671,True,0,True,True,True,True
ag1708,ag,ok,26143,26143,True,0,True,True,True,True
ru1001,ru,ok,480,480,True,0,True,True,True,True
zn2305,zn,ok,23228,23228,True,0,True,True,True,True
LR1601,LR,ok,5401,5401,True,0,True,True,True,True
sp2509,sp,ok,17370,17370,True,0,True,True,True,True
CY1805,CY,ok,12136,12136,True,0,True,True,True,True
TC1506,TC,ok,5068,5068,True,0,True,True,True,True
sn1609,sn,ok,22867,22867,True,0,True,True,True,True
jd2103,jd,ok,11619,11619,True,0,True,True,True,True
p1203,p,ok,1898,1898,True,0,True,True,True,True
au1604,au,ok,24916,24916,True,0,True,True,True,True
jm2106,jm,ok,17492,17492,True,0,True,True,True,True
v1604,v,ok,8488,8488,True,0,True,True,True,True
wr1907,wr,ok,9049,9049,True,0,True,True,True,True
y1203,y,ok,6417,6417,True,0,True,True,True,True
cs1605,cs,ok,11468,11468,True,0,True,True,True,True
ao2511,ao,ok,21240,21240,True,0,True,True,True,True
i1905,i,ok,17710,17710,True,0,True,True,True,True
al2312,al,ok,23277,23277,True,0,True,True,True,True
wr1505,wr,ok,7954,7954,True,0,True,True,True,True
fb2312,fb,ok,9731,9731,True,0,True,True,True,True
pb2105,pb,ok,23277,23277,True,0,True,True,True,True
UR2312,UR,ok,11664,11664,True,0,True,True,True,True
b1103,b,ok,2028,2028,True,0,True,True,True,True
fb1908,fb,ok,5411,5411,True,0,True,True,True,True
wr2107,wr,ok,7749,7749,True,0,True,True,True,True
zn1109,zn,ok,11488,11488,True,0,True,True,True,True
cu2104,cu,ok,22738,22738,True,0,True,True,True,True
bu1907,bu,ok,8443,8443,True,0,True,True,True,True
l2402,l,ok,17953,17953,True,0,True,True,True,True
cu2311,cu,ok,23277,23277,True,0,True,True,True,True
b2309,b,ok,17263,17263,True,0,True,True,True,True
a1405,a,ok,17030,17030,True,0,True,True,True,True
hc2302,hc,ok,17563,17563,True,0,True,True,True,True
fu1405,fu,ok,7302,7302,True,0,True,True,True,True
br2411,br,ok,17470,17470,True,0,True,True,True,True
CJ2203,CJ,ok,11663,11663,True,0,True,True,True,True
jd2409,jd,ok,11542,11542,True,0,True,True,True,True
ZC2406,ZC,ok,10498,10498,True,0,True,True,True,True
SM1502,SM,ok,4764,4764,True,0,True,True,True,True
sp2107,sp,ok,17662,17662,True,0,True,True,True,True
fu1711,fu,ok,9599,9599,True,0,True,True,True,True
y1412,y,ok,11314,11314,True,0,True,True,True,True
bb1404,bb,ok,4077,4077,True,0,True,True,True,True
cu2010,cu,ok,20288,20288,True,0,True,True,True,True
SM2002,SM,ok,10360,10360,True,0,True,True,True,True
rb1904,rb,ok,17545,17545,True,0,True,True,True,True
FG1710,FG,ok,17118,17118,True,0,True,True,True,True
fu1011,fu,ok,9437,9437,True,0,True,True,True,True
pg2510,pg,ok,17078,17078,True,0,True,True,True,True
j1702,j,ok,7129,7129,True,0,True,True,True,True
ru2307,ru,ok,17564,17564,True,0,True,True,True,True
v2507,v,ok,17491,17491,True,0,True,True,True,True
UR2111,UR,ok,11385,11385,True,0,True,True,True,True
TA1510,TA,ok,15885,15885,True,0,True,True,True,True
IH2512,IH,ok,6000,6000,True,0,True,True,True,True
wr1410,wr,ok,10783,10783,True,0,True,True,True,True
sn2509,sn,ok,23083,23083,True,0,True,True,True,True
TS2309,TS,ok,9671,9671,True,0,True,True,True,True
pp1710,pp,ok,10636,10636,True,0,True,True,True,True
ni2211,ni,ok,23228,23228,True,0,True,True,True,True
IF2111,IF,ok,1900,1900,True,0,True,True,True,True
PX2503,PX,ok,17309,17309,True,0,True,True,True,True
ss2107,ss,ok,23373,23373,True,0,True,True,True,True
zn2404,zn,ok,22986,22986,True,0,True,True,True,True
sc1902,sc,ok,23092,23092,True,0,True,True,True,True
zn2312,zn,ok,23252,23252,True,0,True,True,True,True
TS2506,TS,ok,9300,9300,True,0,True,True,True,True
WH1411,WH,ok,10520,10520,True,0,True,True,True,True
TA1106,TA,ok,2161,2161,True,0,True,True,True,True
ss2604,ss,ok,11784,11784,True,0,True,True,True,True
al1207,al,ok,11487,11487,True,0,True,True,True,True
sc2309,sc,ok,82414,82414,True,0,True,True,True,True
l1002,l,ok,612,612,True,0,True,True,True,True
bu1912,bu,ok,35115,35115,True,0,True,True,True,True
UR2406,UR,ok,11616,11616,True,0,True,True,True,True
jm2008,jm,ok,15787,15787,True,0,True,True,True,True
IC2404,IC,ok,2100,2100,True,0,True,True,True,True
bu1507,bu,ok,6178,6178,True,0,True,True,True,True
au1605,au,ok,5888,5888,True,0,True,True,True,True
m1811,m,ok,17259,17259,True,0,True,True,True,True
nr2302,nr,ok,17515,17515,True,0,True,True,True,True
SM2511,SM,ok,10703,10703,True,0,True,True,True,True
cu1308,cu,ok,11520,11520,True,0,True,True,True,True
RM2501,RM,ok,17491,17491,True,0,True,True,True,True
CJ2212,CJ,ok,11645,11645,True,0,True,True,True,True
v1109,v,ok,10970,10970,True,0,True,True,True,True
AP2411,AP,ok,11616,11616,True,0,True,True,True,True
WH2011,WH,ok,8887,8887,True,0,True,True,True,True
rb1503,rb,ok,12839,12839,True,0,True,True,True,True
ZC1806,ZC,ok,17533,17533,True,0,True,True,True,True
wr2508,wr,ok,9017,9017,True,0,True,True,True,True
pp1908,pp,ok,13724,13724,True,0,True,True,True,True
c1211,c,ok,10754,10754,True,0,True,True,True,True
rr2209,rr,ok,16903,16903,True,0,True,True,True,True
sc2004,sc,ok,24844,24844,True,0,True,True,True,True
eg2307,eg,ok,16833,16833,True,0,True,True,True,True
zn1511,zn,ok,23179,23179,True,0,True,True,True,True
TS2203,TS,ok,9565,9565,True,0,True,True,True,True
JR1705,JR,ok,7001,7001,True,0,True,True,True,True
SA2107,SA,ok,17571,17571,True,0,True,True,True,True
eb2206,eb,ok,17459,17459,True,0,True,True,True,True
TA2406,TA,ok,17490,17490,True,0,True,True,True,True
eg2203,eg,ok,17474,17474,True,0,True,True,True,True
MA1907,MA,ok,16940,16940,True,0,True,True,True,True
jd2410,jd,ok,11590,11590,True,0,True,True,True,True
pb1303,pb,ok,11615,11615,True,0,True,True,True,True
fb2509,fb,ok,11074,11074,True,0,True,True,True,True
bc2602,bc,ok,15615,15615,True,0,True,True,True,True
ag1612,ag,ok,27706,27706,True,0,True,True,True,True
sn1706,sn,ok,11841,11841,True,0,True,True,True,True
v2401,v,ok,17516,17516,True,0,True,True,True,True
TC1405,TC,ok,67,67,True,0,True,True,True,True
IF2304,IF,ok,2200,2200,True,0,True,True,True,True
pg2606,pg,ok,5523,5523,True,0,True,True,True,True
rb1001,rb,ok,480,480,True,0,True,True,True,True
rr2602,rr,ok,11654,11654,True,0,True,True,True,True
j2304,j,ok,16858,16858,True,0,True,True,True,True
lh2203,lh,ok,11512,11512,True,0,True,True,True,True
lh2301,lh,ok,11168,11168,True,0,True,True,True,True
lu2406,lu,ok,17451,17451,True,0,True,True,True,True
au2303,au,ok,6469,6469,True,0,True,True,True,True
jd2502,jd,ok,11471,11471,True,0,True,True,True,True
hc2512,hc,ok,14523,14523,True,0,True,True,True,True
l1712,l,ok,11650,11650,True,0,True,True,True,True
bu2103,bu,ok,33530,33530,True,0,True,True,True,True
v2508,v,ok,17472,17472,True,0,True,True,True,True
bc2512,bc,ok,19203,19203,True,0,True,True,True,True
zn1107,zn,ok,11648,11648,True,0,True,True,True,True
ag2010,ag,ok,23456,23456,True,0,True,True,True,True
RM1805,RM,ok,17662,17662,True,0,True,True,True,True
v1601,v,ok,11467,11467,True,0,True,True,True,True
m2212,m,ok,17465,17465,True,0,True,True,True,True
rb1810,rb,ok,17564,17564,True,0,True,True,True,True
rb2605,rb,ok,7542,7542,True,0,True,True,True,True
hc2104,hc,ok,17314,17314,True,0,True,True,True,True
IF2212,IF,ok,8250,8250,True,0,True,True,True,True
nr2511,nr,ok,16056,16056,True,0,True,True,True,True
ni2504,ni,ok,23119,23119,True,0,True,True,True,True
ME1210,ME,ok,3767,3767,True,0,True,True,True,True
b1007,b,ok,2202,2202,True,0,True,True,True,True
pb2108,pb,ok,23277,23277,True,0,True,True,True,True
au1807,au,ok,6762,6762,True,0,True,True,True,True
rb1003,rb,ok,2208,2208,True,0,True,True,True,True
eb2105,eb,ok,17557,17557,True,0,True,True,True,True
l2206,l,ok,17491,17491,True,0,True,True,True,True
a1803,a,ok,22509,22509,True,0,True,True,True,True
y2401,y,ok,17407,17407,True,0,True,True,True,True
TA2009,TA,ok,15991,15991,True,0,True,True,True,True
ru1010,ru,ok,8976,8976,True,0,True,True,True,True
bu1805,bu,ok,8491,8491,True,0,True,True,True,True
m1105,m,ok,11205,11205,True,0,True,True,True,True
eg2011,eg,ok,15894,15894,True,0,True,True,True,True
v2605,v,ok,7396,7396,True,0,True,True,True,True
UR2307,UR,ok,11664,11664,True,0,True,True,True,True
fb1808,fb,ok,1880,1880,True,0,True,True,True,True
SM2110,SM,ok,11615,11615,True,0,True,True,True,True
si2309,si,ok,8592,8592,True,0,True,True,True,True
wr2504,wr,ok,11260,11260,True,0,True,True,True,True
wr1807,wr,ok,3056,3056,True,0,True,True,True,True
cu2503,cu,ok,23034,23034,True,0,True,True,True,True
c2301,c,ok,17491,17491,True,0,True,True,True,True
PM1903,PM,ok,10004,10004,True,0,True,True,True,True
SM2207,SM,ok,11615,11615,True,0,True,True,True,True
FG2503,FG,ok,17417,17417,True,0,True,True,True,True
l1512,l,ok,11276,11276,True,0,True,True,True,True
WH1407,WH,ok,9980,9980,True,0,True,True,True,True
m2005,m,ok,16112,16112,True,0,True,True,True,True
OI2401,OI,ok,17516,17516,True,0,True,True,True,True
pb1211,pb,ok,11711,11711,True,0,True,True,True,True
rb1511,rb,ok,16744,16744,True,0,True,True,True,True
SA2109,SA,ok,17662,17662,True,0,True,True,True,True
wr1303,wr,ok,6832,6832,True,0,True,True,True,True
TA1905,TA,ok,17710,17710,True,0,True,True,True,True
fu2212,fu,ok,17443,17443,True,0,True,True,True,True
fu2205,fu,ok,17418,17418,True,0,True,True,True,True
TF2409,TF,ok,9883,9883,True,0,True,True,True,True
ru1911,ru,ok,17564,17564,True,0,True,True,True,True
SR2101,SR,ok,16064,16064,True,0,True,True,True,True
PR2507,PR,ok,14855,14855,True,0,True,True,True,True
IH1601,IH,ok,1925,1925,True,0,True,True,True,True
IF1710,IF,ok,2000,2000,True,0,True,True,True,True
al1503,al,ok,23227,23227,True,0,True,True,True,True
ag2112,ag,ok,27476,27476,True,0,True,True,True,True
WH2301,WH,ok,5814,5814,True,0,True,True,True,True
MA1508,MA,ok,13311,13311,True,0,True,True,True,True
ss2005,ss,ok,11449,11449,True,0,True,True,True,True
zn1112,zn,ok,11568,11568,True,0,True,True,True,True
ag2511,ag,ok,25128,25128,True,0,True,True,True,True
CF2009,CF,ok,15991,15991,True,0,True,True,True,True
IC2502,IC,ok,1900,1900,True,0,True,True,True,True
pb2408,pb,ok,23265,23265,True,0,True,True,True,True
v1011,v,ok,6165,6165,True,0,True,True,True,True
v2101,v,ok,16064,16064,True,0,True,True,True,True
l1806,l,ok,11343,11343,True,0,True,True,True,True
CF2403,CF,ok,17589,17589,True,0,True,True,True,True
c2201,c,ok,17500,17500,True,0,True,True,True,True
j2509,j,ok,17345,17345,True,0,True,True,True,True
au1909,au,ok,7137,7137,True,0,True,True,True,True
SM1906,SM,ok,10818,10818,True,0,True,True,True,True
hc1711,hc,ok,16616,16616,True,0,True,True,True,True
b1401,b,ok,10540,10540,True,0,True,True,True,True
sn1601,sn,ok,18549,18549,True,0,True,True,True,True
wr1709,wr,ok,1864,1864,True,0,True,True,True,True
IC2208,IC,ok,2250,2250,True,0,True,True,True,True
SM1707,SM,ok,5085,5085,True,0,True,True,True,True
IC1509,IC,ok,5400,5400,True,0,True,True,True,True
lu2310,lu,ok,17776,17776,True,0,True,True,True,True
fu2104,fu,ok,17003,17003,True,0,True,True,True,True
ru1204,ru,ok,11600,11600,True,0,True,True,True,True
bb1912,bb,ok,3059,3059,True,0,True,True,True,True
b1904,b,ok,13888,13888,True,0,True,True,True,True
LR1811,LR,ok,5259,5259,True,0,True,True,True,True
nr2606,nr,ok,6034,6034,True,0,True,True,True,True
ni1811,ni,ok,23313,23313,True,0,True,True,True,True
y1511,y,ok,16483,16483,True,0,True,True,True,True
RM2211,RM,ok,17204,17204,True,0,True,True,True,True
RS1811,RS,ok,8924,8924,True,0,True,True,True,True
ZC1606,ZC,ok,16847,16847,True,0,True,True,True,True
PF2409,PF,ok,17480,17480,True,0,True,True,True,True
IC2505,IC,ok,1800,1800,True,0,True,True,True,True
wr1510,wr,ok,4095,4095,True,0,True,True,True,True
cu1707,cu,ok,22810,22810,True,0,True,True,True,True
ao2504,ao,ok,23119,23119,True,0,True,True,True,True
i2308,i,ok,17468,17468,True,0,True,True,True,True
PF2402,PF,ok,17953,17953,True,0,True,True,True,True
bb1512,bb,ok,3815,3815,True,0,True,True,True,True
WH2501,WH,ok,4577,4577,True,0,True,True,True,True
zn1704,zn,ok,20542,20542,True,0,True,True,True,True
al2506,al,ok,23034,23034,True,0,True,True,True,True
j2008,j,ok,15333,15333,True,0,True,True,True,True
lu2312,lu,ok,17441,17441,True,0,True,True,True,True
PF2203,PF,ok,17483,17483,True,0,True,True,True,True
SF1504,SF,ok,5558,5558,True,0,True,True,True,True
ag1408,ag,ok,27590,27590,True,0,True,True,True,True
rb1111,rb,ok,11203,11203,True,0,True,True,True,True
l1602,l,ok,10345,10345,True,0,True,True,True,True
l1111,l,ok,5828,5828,True,0,True,True,True,True
jm2401,jm,ok,17471,17471,True,0,True,True,True,True
WT1201,WT,ok,852,852,True,0,True,True,True,True
IF2206,IF,ok,8150,8150,True,0,True,True,True,True
IF1205,IF,ok,2000,2000,True,0,True,True,True,True
j2004,j,ok,15906,15906,True,0,True,True,True,True
a2211,a,ok,17436,17436,True,0,True,True,True,True
hc1610,hc,ok,17492,17492,True,0,True,True,True,True
wr1806,wr,ok,2778,2778,True,0,True,True,True,True
bb2302,bb,ok,50,50,True,0,True,True,True,True
RI1609,RI,ok,9140,9140,True,0,True,True,True,True
jm2403,jm,ok,17291,17291,True,0,True,True,True,True
pg2406,pg,ok,17158,17158,True,0,True,True,True,True
fu2002,fu,ok,17033,17033,True,0,True,True,True,True
UR2209,UR,ok,11616,11616,True,0,True,True,True,True
ag2004,ag,ok,24241,24241,True,0,True,True,True,True
cu2606,cu,ok,8002,8002,True,0,True,True,True,True
bu1402,bu,ok,4211,4211,True,0,True,True,True,True
au2106,au,ok,29690,29690,True,0,True,True,True,True
al2604,al,ok,11784,11784,True,0,True,True,True,True
ao2412,ao,ok,23034,23034,True,0,True,True,True,True
PF2311,PF,ok,17514,17514,True,0,True,True,True,True
SA2403,SA,ok,17589,17589,True,0,True,True,True,True
p1804,p,ok,16866,16866,True,0,True,True,True,True
hc1703,hc,ok,5200,5200,True,0,True,True,True,True
TA1504,TA,ok,11408,11408,True,0,True,True,True,True
p1702,p,ok,5782,5782,True,0,True,True,True,True
v1912,v,ok,14646,14646,True,0,True,True,True,True
UR2604,UR,ok,5904,5904,True,0,True,True,True,True
jm1601,jm,ok,17383,17383,True,0,True,True,True,True
p1910,p,ok,16795,16795,True,0,True,True,True,True
p2604,p,ok,8904,8904,True,0,True,True,True,True
pp2101,pp,ok,16051,16051,True,0,True,True,True,True
j2312,j,ok,17239,17239,True,0,True,True,True,True
cu1008,cu,ok,7248,7248,True,0,True,True,True,True
al2405,al,ok,23180,23180,True,0,True,True,True,True
p1411,p,ok,12448,12448,True,0,True,True,True,True
ag2001,ag,ok,27561,27561,True,0,True,True,True,True
IH1811,IH,ok,1700,1700,True,0,True,True,True,True
ZC2006,ZC,ok,15507,15507,True,0,True,True,True,True
l2110,l,ok,17491,17491,True,0,True,True,True,True
jd1808,jd,ok,11708,11708,True,0,True,True,True,True
UR2404,UR,ok,11568,11568,True,0,True,True,True,True
j1508,j,ok,16898,16898,True,0,True,True,True,True
PM2103,PM,ok,8139,8139,True,0,True,True,True,True
bu2210,bu,ok,10241,10241,True,0,True,True,True,True
ZC1905,ZC,ok,17691,17691,True,0,True,True,True,True
jd1412,jd,ok,11422,11422,True,0,True,True,True,True
au1801,au,ok,7043,7043,True,0,True,True,True,True
p1208,p,ok,3260,3260,True,0,True,True,True,True
y1507,y,ok,14004,14004,True,0,True,True,True,True
bb1903,bb,ok,6838,6838,True,0,True,True,True,True
au2501,au,ok,7348,7348,True,0,True,True,True,True
a1303,a,ok,12484,12484,True,0,True,True,True,True
JR1703,JR,ok,4874,4874,True,0,True,True,True,True
hc1812,hc,ok,17521,17521,True,0,True,True,True,True
T2312,T,ok,9671,9671,True,0,True,True,True,True
SR1611,SR,ok,26392,26392,True,0,True,True,True,True
al1209,al,ok,11692,11692,True,0,True,True,True,True
ag1305,ag,ok,11616,11616,True,0,True,True,True,True
TF1812,TF,ok,9641,9641,True,0,True,True,True,True
j1607,j,ok,11264,11264,True,0,True,True,True,True
UR2512,UR,ok,9696,9696,True,0,True,True,True,True
PM1411,PM,ok,7534,7534,True,0,True,True,True,True
JR1711,JR,ok,6885,6885,True,0,True,True,True,True
jm2409,jm,ok,17516,17516,True,0,True,True,True,True
pg2602,pg,ok,11361,11361,True,0,True,True,True,True
fu1402,fu,ok,9382,9382,True,0,True,True,True,True
al2605,al,ok,9990,9990,True,0,True,True,True,True
jd1410,jd,ok,10653,10653,True,0,True,True,True,True
MA1612,MA,ok,17089,17089,True,0,True,True,True,True
MA2509,MA,ok,17345,17345,True,0,True,True,True,True
IF1809,IF,ok,8250,8250,True,0,True,True,True,True
fb2506,fb,ok,11103,11103,True,0,True,True,True,True
j1207,j,ok,1212,1212,True,0,True,True,True,True
TC1406,TC,ok,3723,3723,True,0,True,True,True,True
zn2506,zn,ok,23034,23034,True,0,True,True,True,True
CJ2101,CJ,ok,11663,11663,True,0,True,True,True,True
rr2003,rr,ok,8347,8347,True,0,True,True,True,True
pp2206,pp,ok,17491,17491,True,0,True,True,True,True
ME1505,ME,ok,6027,6027,True,0,True,True,True,True
l1205,l,ok,11234,11234,True,0,True,True,True,True
sc2205,sc,ok,27245,27245,True,0,True,True,True,True
CF1807,CF,ok,17642,17642,True,0,True,True,True,True
sp2108,sp,ok,17588,17588,True,0,True,True,True,True
l2305,l,ok,17522,17522,True,0,True,True,True,True
bu2606,bu,ok,23452,23452,True,0,True,True,True,True
y1201,y,ok,11269,11269,True,0,True,True,True,True
rr2411,rr,ok,16859,16859,True,0,True,True,True,True
sc2202,sc,ok,26707,26707,True,0,True,True,True,True
CF2405,CF,ok,17516,17516,True,0,True,True,True,True
PM1807,PM,ok,11012,11012,True,0,True,True,True,True
IH2502,IH,ok,1900,1900,True,0,True,True,True,True
eg2412,eg,ok,16231,16231,True,0,True,True,True,True
rb1207,rb,ok,11417,11417,True,0,True,True,True,True
bu2503,bu,ok,34988,34988,True,0,True,True,True,True
IH1511,IH,ok,2000,2000,True,0,True,True,True,True
SM2107,SM,ok,11711,11711,True,0,True,True,True,True
SM1804,SM,ok,7149,7149,True,0,True,True,True,True
TA1308,TA,ok,7003,7003,True,0,True,True,True,True
j1412,j,ok,13471,13471,True,0,True,True,True,True
bu1508,bu,ok,7116,7116,True,0,True,True,True,True
PF2503,PF,ok,17344,17344,True,0,True,True,True,True
SF2409,SF,ok,11616,11616,True,0,True,True,True,True
fb2004,fb,ok,1662,1662,True,0,True,True,True,True
sc1812,sc,ok,19033,19033,True,0,True,True,True,True
y1611,y,ok,5890,5890,True,0,True,True,True,True
v1002,v,ok,1277,1277,True,0,True,True,True,True
IM2412,IM,ok,8200,8200,True,0,True,True,True,True
SM2308,SM,ok,11664,11664,True,0,True,True,True,True
p2407,p,ok,16814,16814,True,0,True,True,True,True
wr2412,wr,ok,9974,9974,True,0,True,True,True,True
RI2101,RI,ok,5143,5143,True,0,True,True,True,True
rb1605,rb,ok,17558,17558,True,0,True,True,True,True
fu1703,fu,ok,1583,1583,True,0,True,True,True,True
SR1407,SR,ok,9075,9075,True,0,True,True,True,True
ru1510,ru,ok,16312,16312,True,0,True,True,True,True
bb2201,bb,ok,64,64,True,0,True,True,True,True
jd2511,jd,ok,10320,10320,True,0,True,True,True,True
PX2405,PX,ok,11242,11242,True,0,True,True,True,True
IF1909,IF,ok,8200,8200,True,0,True,True,True,True
FG2307,FG,ok,17564,17564,True,0,True,True,True,True
cu1611,cu,ok,23191,23191,True,0,True,True,True,True
SM2005,SM,ok,11711,11711,True,0,True,True,True,True
wr1702,wr,ok,235,235,True,0,True,True,True,True
rb1607,rb,ok,16939,16939,True,0,True,True,True,True
l1012,l,ok,6493,6493,True,0,True,True,True,True
ME1209,ME,ok,915,915,True,0,True,True,True,True
CF2203,CF,ok,17563,17563,True,0,True,True,True,True
ZC1708,ZC,ok,17203,17203,True,0,True,True,True,True
v1909,v,ok,14390,14390,True,0,True,True,True,True
SA2106,SA,ok,17563,17563,True,0,True,True,True,True
MA2510,MA,ok,17443,17443,True,0,True,True,True,True
WH2001,WH,ok,11531,11531,True,0,True,True,True,True
IC1912,IC,ok,8250,8250,True,0,True,True,True,True
sp1911,sp,ok,16929,16929,True,0,True,True,True,True
b1805,b,ok,16905,16905,True,0,True,True,True,True
m2203,m,ok,17503,17503,True,0,True,True,True,True
RI1401,RI,ok,2672,2672,True,0,True,True,True,True
au1310,au,ok,15173,15173,True,0,True,True,True,True
ZC1903,ZC,ok,17491,17491,True,0,True,True,True,True
fu1806,fu,ok,6448,6448,True,0,True,True,True,True
y1011,y,ok,8786,8786,True,0,True,True,True,True
TF1903,TF,ok,9413,9413,True,0,True,True,True,True
IF1807,IF,ok,2200,2200,True,0,True,True,True,True
jm2105,jm,ok,17547,17547,True,0,True,True,True,True
SM2503,SM,ok,11568,11568,True,0,True,True,True,True
b2208,b,ok,17215,17215,True,0,True,True,True,True
m1201,m,ok,11189,11189,True,0,True,True,True,True
FG2204,FG,ok,17564,17564,True,0,True,True,True,True
b1509,b,ok,15194,15194,True,0,True,True,True,True
l1904,l,ok,11135,11135,True,0,True,True,True,True
i2112,i,ok,17532,17532,True,0,True,True,True,True
IH1506,IH,ok,2300,2300,True,0,True,True,True,True
IC2410,IC,ok,1900,1900,True,0,True,True,True,True
ME1312,ME,ok,3167,3167,True,0,True,True,True,True
JR2303,JR,ok,4568,4568,True,0,True,True,True,True
SR1101,SR,ok,199,199,True,0,True,True,True,True
sp2205,sp,ok,17418,17418,True,0,True,True,True,True
fb2204,fb,ok,6536,6536,True,0,True,True,True,True
fu2302,fu,ok,17199,17199,True,0,True,True,True,True
sn1711,sn,ok,20595,20595,True,0,True,True,True,True
IH1806,IH,ok,8000,8000,True,0,True,True,True,True
ad2605,ad,ok,9986,9986,True,0,True,True,True,True
OI1903,OI,ok,17023,17023,True,0,True,True,True,True
PM2505,PM,ok,4561,4561,True,0,True,True,True,True
pp1804,pp,ok,11660,11660,True,0,True,True,True,True
IF1908,IF,ok,2000,2000,True,0,True,True,True,True
PF2308,PF,ok,17515,17515,True,0,True,True,True,True
j2511,j,ok,16129,16129,True,0,True,True,True,True
y2108,y,ok,16958,16958,True,0,True,True,True,True
pp1901,pp,ok,11663,11663,True,0,True,True,True,True
ZC2409,ZC,ok,10527,10527,True,0,True,True,True,True
PF2212,PF,ok,17547,17547,True,0,True,True,True,True
IF1011,IF,ok,1850,1850,True,0,True,True,True,True
p2007,p,ok,15309,15309,True,0,True,True,True,True
SF2605,SF,ok,4896,4896,True,0,True,True,True,True
RM1909,RM,ok,17414,17414,True,0,True,True,True,True
pg2506,pg,ok,17360,17360,True,0,True,True,True,True
au2107,au,ok,6759,6759,True,0,True,True,True,True
j2007,j,ok,15709,15709,True,0,True,True,True,True
jd1712,jd,ok,11922,11922,True,0,True,True,True,True
jd1810,jd,ok,11712,11712,True,0,True,True,True,True
sp2007,sp,ok,15772,15772,True,0,True,True,True,True
sn1811,sn,ok,23072,23072,True,0,True,True,True,True
ao2505,ao,ok,23131,23131,True,0,True,True,True,True
MA1604,MA,ok,16248,16248,True,0,True,True,True,True
pb2404,pb,ok,22974,22974,True,0,True,True,True,True
c1809,c,ok,11696,11696,True,0,True,True,True,True
sp2101,sp,ok,16035,16035,True,0,True,True,True,True
SM1505,SM,ok,6367,6367,True,0,True,True,True,True
hc1407,hc,ok,3066,3066,True,0,True,True,True,True
lh2307,lh,ok,11389,11389,True,0,True,True,True,True
ru2510,ru,ok,17589,17589,True,0,True,True,True,True
TF2206,TF,ok,9300,9300,True,0,True,True,True,True
rb1812,rb,ok,17496,17496,True,0,True,True,True,True
RI1505,RI,ok,8151,8151,True,0,True,True,True,True
pp2011,pp,ok,15796,15796,True,0,True,True,True,True
bu1412,bu,ok,13910,13910,True,0,True,True,True,True
ZC2105,ZC,ok,17588,17588,True,0,True,True,True,True
fu1812,fu,ok,2224,2224,True,0,True,True,True,True
au1505,au,ok,6084,6084,True,0,True,True,True,True
pb1612,pb,ok,17600,17600,True,0,True,True,True,True
MA1906,MA,ok,17274,17274,True,0,True,True,True,True
nr2407,nr,ok,17427,17427,True,0,True,True,True,True
IH1505,IH,ok,1050,1050,True,0,True,True,True,True
FG1508,FG,ok,10334,10334,True,0,True,True,True,True
j2310,j,ok,17252,17252,True,0,True,True,True,True
UR2104,UR,ok,11357,11357,True,0,True,True,True,True
v1703,v,ok,3525,3525,True,0,True,True,True,True
WH2507,WH,ok,4580,4580,True,0,True,True,True,True
a2305,a,ok,17287,17287,True,0,True,True,True,True
eg2101,eg,ok,16127,16127,True,0,True,True,True,True
i1909,i,ok,17466,17466,True,0,True,True,True,True
jd2504,jd,ok,11506,11506,True,0,True,True,True,True
rr2402,rr,ok,17482,17482,True,0,True,True,True,True
TA2509,TA,ok,17418,17418,True,0,True,True,True,True
WH2211,WH,ok,6709,6709,True,0,True,True,True,True
p2307,p,ok,17564,17564,True,0,True,True,True,True
hc2201,hc,ok,17564,17564,True,0,True,True,True,True
p2202,p,ok,17465,17465,True,0,True,True,True,True
UR2106,UR,ok,11356,11356,True,0,True,True,True,True
fb1901,fb,ok,3887,3887,True,0,True,True,True,True
TF1909,TF,ok,9648,9648,True,0,True,True,True,True
SR2005,SR,ok,15949,15949,True,0,True,True,True,True
sc2510,sc,ok,27658,27658,True,0,True,True,True,True
eb2203,eb,ok,17525,17525,True,0,True,True,True,True
ru2011,ru,ok,15991,15991,True,0,True,True,True,True
wr2307,wr,ok,10034,10034,True,0,True,True,True,True
v2301,v,ok,17491,17491,True,0,True,True,True,True
ag1402,ag,ok,21047,21047,True,0,True,True,True,True
IC2205,IC,ok,2000,2000,True,0,True,True,True,True
TS1903,TS,ok,6912,6912,True,0,True,True,True,True
v1811,v,ok,11228,11228,True,0,True,True,True,True
bb1712,bb,ok,1378,1378,True,0,True,True,True,True
p2003,p,ok,16586,16586,True,0,True,True,True,True
ru1604,ru,ok,17111,17111,True,0,True,True,True,True
fb2412,fb,ok,10955,10955,True,0,True,True,True,True
ag2510,ag,ok,27543,27543,True,0,True,True,True,True
a1311,a,ok,14774,14774,True,0,True,True,True,True
b2103,b,ok,16151,16151,True,0,True,True,True,True
MA1902,MA,ok,17230,17230,True,0,True,True,True,True
PX2412,PX,ok,16930,16930,True,0,True,True,True,True
ss2505,ss,ok,23119,23119,True,0,True,True,True,True
rb2506,rb,ok,17373,17373,True,0,True,True,True,True
UR2101,UR,ok,11631,11631,True,0,True,True,True,True
SM2507,SM,ok,11616,11616,True,0,True,True,True,True
sn2005,sn,ok,20324,20324,True,0,True,True,True,True
IH2110,IH,ok,1650,1650,True,0,True,True,True,True
bc2603,bc,ok,13675,13675,True,0,True,True,True,True
IC1704,IC,ok,2150,2150,True,0,True,True,True,True
fu2409,fu,ok,17516,17516,True,0,True,True,True,True
ao2601,ao,ok,17215,17215,True,0,True,True,True,True
SM2112,SM,ok,11663,11663,True,0,True,True,True,True
ag1510,ag,ok,27463,27463,True,0,True,True,True,True
p1607,p,ok,9653,9653,True,0,True,True,True,True
cs1701,cs,ok,11667,11667,True,0,True,True,True,True
jm1702,jm,ok,5058,5058,True,0,True,True,True,True
j2002,j,ok,16493,16493,True,0,True,True,True,True
fu1604,fu,ok,9740,9740,True,0,True,True,True,True
SM2606,SM,ok,3984,3984,True,0,True,True,True,True
SF2401,SF,ok,11616,11616,True,0,True,True,True,True
FG2209,FG,ok,17453,17453,True,0,True,True,True,True
bu1606,bu,ok,27851,27851,True,0,True,True,True,True
lh2501,lh,ok,11385,11385,True,0,True,True,True,True
nr2408,nr,ok,17473,17473,True,0,True,True,True,True
c1511,c,ok,11237,11237,True,0,True,True,True,True
sc1901,sc,ok,21303,21303,True,0,True,True,True,True
bu1504,bu,ok,1384,1384,True,0,True,True,True,True
a1611,a,ok,18417,18417,True,0,True,True,True,True
MA1705,MA,ok,17348,17348,True,0,True,True,True,True
IF1006,IF,ok,2100,2100,True,0,True,True,True,True
sn2602,sn,ok,15615,15615,True,0,True,True,True,True
ni2506,ni,ok,23034,23034,True,0,True,True,True,True
zn2504,zn,ok,23131,23131,True,0,True,True,True,True
p1301,p,ok,11633,11633,True,0,True,True,True,True
l2605,l,ok,7396,7396,True,0,True,True,True,True
l2606,l,ok,6034,6034,True,0,True,True,True,True
ag1507,ag,ok,27603,27603,True,0,True,True,True,True
c2007,c,ok,15616,15616,True,0,True,True,True,True
IC1606,IC,ok,8225,8225,True,0,True,True,True,True
jm1908,jm,ok,16781,16781,True,0,True,True,True,True
zn1305,zn,ok,11616,11616,True,0,True,True,True,True
zn1211,zn,ok,11711,11711,True,0,True,True,True,True
lu2309,lu,ok,17506,17506,True,0,True,True,True,True
fu1509,fu,ok,10255,10255,True,0,True,True,True,True
CY2509,CY,ok,17325,17325,True,0,True,True,True,True
CF1201,CF,ok,1136,1136,True,0,True,True,True,True
wr2203,wr,ok,9407,9407,True,0,True,True,True,True
RM1409,RM,ok,314,314,True,0,True,True,True,True
zn2204,zn,ok,23131,23131,True,0,True,True,True,True
wr2306,wr,ok,10611,10611,True,0,True,True,True,True
ru2601,ru,ok,13015,13015,True,0,True,True,True,True
cu1510,cu,ok,23276,23276,True,0,True,True,True,True
AP1903,AP,ok,11631,11631,True,0,True,True,True,True
j2507,j,ok,16801,16801,True,0,True,True,True,True
ru1809,ru,ok,17735,17735,True,0,True,True,True,True
RI2009,RI,ok,8664,8664,True,0,True,True,True,True
rr2004,rr,ok,9187,9187,True,0,True,True,True,True
fu2103,fu,ok,16453,16453,True,0,True,True,True,True
SR2009,SR,ok,15991,15991,True,0,True,True,True,True
IC2005,IC,ok,1800,1800,True,0,True,True,True,True
l1606,l,ok,9117,9117,True,0,True,True,True,True
i2005,i,ok,16112,16112,True,0,True,True,True,True
eg1909,eg,ok,12039,12039,True,0,True,True,True,True
nr2409,nr,ok,17410,17410,True,0,True,True,True,True
IM2306,IM,ok,8000,8000,True,0,True,True,True,True
FG2111,FG,ok,17341,17341,True,0,True,True,True,True
pp2603,pp,ok,10412,10412,True,0,True,True,True,True
a2309,a,ok,17496,17496,True,0,True,True,True,True
wr2112,wr,ok,8576,8576,True,0,True,True,True,True
PK2401,PK,ok,11603,11603,True,0,True,True,True,True
rb1510,rb,ok,16312,16312,True,0,True,True,True,True
T2512,T,ok,7632,7632,True,0,True,True,True,True
i2404,i,ok,17115,17115,True,0,True,True,True,True
SA2304,SA,ok,17563,17563,True,0,True,True,True,True
PM1709,PM,ok,8294,8294,True,0,True,True,True,True
pb2206,pb,ok,23131,23131,True,0,True,True,True,True
pb1805,pb,ok,23277,23277,True,0,True,True,True,True
rb2201,rb,ok,17564,17564,True,0,True,True,True,True
v2110,v,ok,17471,17471,True,0,True,True,True,True
fu1908,fu,ok,17457,17457,True,0,True,True,True,True
rb1309,rb,ok,11472,11472,True,0,True,True,True,True
TS2303,TS,ok,9671,9671,True,0,True,True,True,True
ni2008,ni,ok,20227,20227,True,0,True,True,True,True
bu1612,bu,ok,33176,33176,True,0,True,True,True,True
wr1707,wr,ok,106,106,True,0,True,True,True,True
hc1608,hc,ok,7901,7901,True,0,True,True,True,True
SF2603,SF,ok,6912,6912,True,0,True,True,True,True
jm1809,jm,ok,17687,17687,True,0,True,True,True,True
SM1608,SM,ok,4870,4870,True,0,True,True,True,True
UR2603,UR,ok,6912,6912,True,0,True,True,True,True
al2411,al,ok,23131,23131,True,0,True,True,True,True
bb1911,bb,ok,2301,2301,True,0,True,True,True,True
IC2312,IC,ok,7950,7950,True,0,True,True,True,True
ao2411,ao,ok,23130,23130,True,0,True,True,True,True
v2001,v,ok,16403,16403,True,0,True,True,True,True
fb1509,fb,ok,11275,11275,True,0,True,True,True,True
br2401,br,ok,8320,8320,True,0,True,True,True,True
jd1711,jd,ok,11460,11460,True,0,True,True,True,True
JR2505,JR,ok,4596,4596,True,0,True,True,True,True
ag2003,ag,ok,25466,25466,True,0,True,True,True,True
LR2005,LR,ok,7572,7572,True,0,True,True,True,True
jm2202,jm,ok,16801,16801,True,0,True,True,True,True
jd2210,jd,ok,11651,11651,True,0,True,True,True,True
eb2106,eb,ok,17515,17515,True,0,True,True,True,True
TA1108,TA,ok,3621,3621,True,0,True,True,True,True
TF2403,TF,ok,9512,9512,True,0,True,True,True,True
i2605,i,ok,7396,7396,True,0,True,True,True,True
v1403,v,ok,10613,10613,True,0,True,True,True,True
ZC2404,ZC,ok,10454,10454,True,0,True,True,True,True
OI2003,OI,ok,16539,16539,True,0,True,True,True,True
cu1405,cu,ok,16063,16063,True,0,True,True,True,True
fu1012,fu,ok,10477,10477,True,0,True,True,True,True
l1510,l,ok,11287,11287,True,0,True,True,True,True
pb2406,pb,ok,23010,23010,True,0,True,True,True,True
rb2606,rb,ok,6034,6034,True,0,True,True,True,True
IF1007,IF,ok,1850,1850,True,0,True,True,True,True
FG1810,FG,ok,16997,16997,True,0,True,True,True,True
zn1410,zn,ok,21058,21058,True,0,True,True,True,True
i1411,i,ok,11096,11096,True,0,True,True,True,True
j2204,j,ok,16870,16870,True,0,True,True,True,True
ao2501,ao,ok,23119,23119,True,0,True,True,True,True
TA1607,TA,ok,17657,17657,True,0,True,True,True,True
PM2303,PM,ok,4575,4575,True,0,True,True,True,True
l2211,l,ok,17532,17532,True,0,True,True,True,True
p2606,p,ok,6034,6034,True,0,True,True,True,True
MA2202,MA,ok,17491,17491,True,0,True,True,True,True
y1001,y,ok,175,175,True,0,True,True,True,True
rb2312,rb,ok,17465,17465,True,0,True,True,True,True
ni1712,ni,ok,23346,23346,True,0,True,True,True,True
RM2107,RM,ok,17337,17337,True,0,True,True,True,True
IF1703,IF,ok,8099,8099,True,0,True,True,True,True
rb1803,rb,ok,17639,17639,True,0,True,True,True,True
RS1408,RS,ok,6442,6442,True,0,True,True,True,True
SF1909,SF,ok,11615,11615,True,0,True,True,True,True
sp2312,sp,ok,17588,17588,True,0,True,True,True,True
rb1706,rb,ok,17279,17279,True,0,True,True,True,True
a1003,a,ok,1214,1214,True,0,True,True,True,True
MA1603,MA,ok,16606,16606,True,0,True,True,True,True
IF1704,IF,ok,2150,2150,True,0,True,True,True,True
b1807,b,ok,14817,14817,True,0,True,True,True,True
OI1307,OI,ok,8591,8591,True,0,True,True,True,True
pp1605,pp,ok,11759,11759,True,0,True,True,True,True
zn1206,zn,ok,11567,11567,True,0,True,True,True,True
eb2205,eb,ok,17180,17180,True,0,True,True,True,True
IM2211,IM,ok,2000,2000,True,0,True,True,True,True
zn1805,zn,ok,23374,23374,True,0,True,True,True,True
RI2507,RI,ok,4644,4644,True,0,True,True,True,True
ru1707,ru,ok,14501,14501,True,0,True,True,True,True
b2508,b,ok,17217,17217,True,0,True,True,True,True
cs2011,cs,ok,15703,15703,True,0,True,True,True,True
FG2102,FG,ok,16062,16062,True,0,True,True,True,True
lu2402,lu,ok,18372,18372,True,0,True,True,True,True
TF2012,TF,ok,9671,9671,True,0,True,True,True,True
IF1502,IF,ok,2050,2050,True,0,True,True,True,True
ni2501,ni,ok,23131,23131,True,0,True,True,True,True
br2405,br,ok,13793,13793,True,0,True,True,True,True
bb2603,bb,ok,3089,3089,True,0,True,True,True,True
fu1709,fu,ok,7452,7452,True,0,True,True,True,True
i1511,i,ok,16220,16220,True,0,True,True,True,True
zn1606,zn,ok,23226,23226,True,0,True,True,True,True
TC1603,TC,ok,4464,4464,True,0,True,True,True,True
FG1305,FG,ok,509,509,True,0,True,True,True,True
IF2305,IF,ok,2050,2050,True,0,True,True,True,True
m2209,m,ok,17466,17466,True,0,True,True,True,True
hc2111,hc,ok,17341,17341,True,0,True,True,True,True
wr1005,wr,ok,4272,4272,True,0,True,True,True,True
ru1007,ru,ok,6192,6192,True,0,True,True,True,True
IC2306,IC,ok,8000,8000,True,0,True,True,True,True
p2511,p,ok,16129,16129,True,0,True,True,True,True
rb1201,rb,ok,11392,11392,True,0,True,True,True,True
SR1703,SR,ok,26078,26078,True,0,True,True,True,True
SR1603,SR,ok,23849,23849,True,0,True,True,True,True
ao2503,ao,ok,23034,23034,True,0,True,True,True,True
TF2412,TF,ok,9883,9883,True,0,True,True,True,True
RS1807,RS,ok,10863,10863,True,0,True,True,True,True
l1909,l,ok,14390,14390,True,0,True,True,True,True
eg2110,eg,ok,17379,17379,True,0,True,True,True,True
ZC2001,ZC,ok,17637,17637,True,0,True,True,True,True
cu1501,cu,ok,23325,23325,True,0,True,True,True,True
y2305,y,ok,17564,17564,True,0,True,True,True,True
hc2212,hc,ok,17494,17494,True,0,True,True,True,True
pp2009,pp,ok,15991,15991,True,0,True,True,True,True
fb1706,fb,ok,59,59,True,0,True,True,True,True
ss2506,ss,ok,23022,23022,True,0,True,True,True,True
ni2010,ni,ok,20288,20288,True,0,True,True,True,True
cs1709,cs,ok,11664,11664,True,0,True,True,True,True
al1106,al,ok,11456,11456,True,0,True,True,True,True
FG1702,FG,ok,17032,17032,True,0,True,True,True,True
SA2405,SA,ok,17516,17516,True,0,True,True,True,True
bb1812,bb,ok,239,239,True,0,True,True,True,True
SM2310,SM,ok,11603,11603,True,0,True,True,True,True
RI1409,RI,ok,4308,4308,True,0,True,True,True,True
al2112,al,ok,23228,23228,True,0,True,True,True,True
fu2005,fu,ok,16112,16112,True,0,True,True,True,True
j1811,j,ok,17004,17004,True,0,True,True,True,True
eb2605,eb,ok,6958,6958,True,0,True,True,True,True
fu1412,fu,ok,7898,7898,True,0,True,True,True,True
rr2205,rr,ok,17079,17079,True,0,True,True,True,True
ru1608,ru,ok,15639,15639,True,0,True,True,True,True
l1308,l,ok,7520,7520,True,0,True,True,True,True
cu1112,cu,ok,11549,11549,True,0,True,True,True,True
jm2109,jm,ok,17617,17617,True,0,True,True,True,True
au2011,au,ok,6465,6465,True,0,True,True,True,True
SM1808,SM,ok,7872,7872,True,0,True,True,True,True
eb2208,eb,ok,17478,17478,True,0,True,True,True,True
jm2503,jm,ok,16874,16874,True,0,True,True,True,True
FG1912,FG,ok,17013,17013,True,0,True,True,True,True
TA1909,TA,ok,17466,17466,True,0,True,True,True,True
l2001,l,ok,16449,16449,True,0,True,True,True,True
RI1507,RI,ok,8714,8714,True,0,True,True,True,True
rb1608,rb,ok,16425,16425,True,0,True,True,True,True
ag1909,ag,ok,27149,27149,True,0,True,True,True,True
hc2412,hc,ok,17405,17405,True,0,True,True,True,True
jm2310,jm,ok,17470,17470,True,0,True,True,True,True
ps2603,ps,ok,6912,6912,True,0,True,True,True,True
jd2606,jd,ok,3648,3648,True,0,True,True,True,True
IH2003,IH,ok,8100,8100,True,0,True,True,True,True
cs1603,cs,ok,10170,10170,True,0,True,True,True,True
bc2205,bc,ok,22836,22836,True,0,True,True,True,True
ru1907,ru,ok,17449,17449,True,0,True,True,True,True
rb1308,rb,ok,11024,11024,True,0,True,True,True,True
bb1707,bb,ok,1390,1390,True,0,True,True,True,True
RS2409,RS,ok,11355,11355,True,0,True,True,True,True
SF2510,SF,ok,11567,11567,True,0,True,True,True,True
IH1606,IH,ok,8097,8097,True,0,True,True,True,True
cu1404,cu,ok,15096,15096,True,0,True,True,True,True
v2207,v,ok,17477,17477,True,0,True,True,True,True
wr2401,wr,ok,10832,10832,True,0,True,True,True,True
y1508,y,ok,14728,14728,True,0,True,True,True,True
ZC2502,ZC,ok,8247,8247,True,0,True,True,True,True
nr2207,nr,ok,17314,17314,True,0,True,True,True,True
p1701,p,ok,17637,17637,True,0,True,True,True,True
hc1906,hc,ok,17145,17145,True,0,True,True,True,True
zn1901,zn,ok,23227,23227,True,0,True,True,True,True
pb1112,pb,ok,8576,8576,True,0,True,True,True,True
pg2011,pg,ok,11084,11084,True,0,True,True,True,True
si2401,si,ok,11579,11579,True,0,True,True,True,True
FG1504,FG,ok,10632,10632,True,0,True,True,True,True
SF2601,SF,ok,8640,8640,True,0,True,True,True,True
IF1910,IF,ok,1950,1950,True,0,True,True,True,True
a1507,a,ok,20273,20273,True,0,True,True,True,True
SR2311,SR,ok,17588,17588,True,0,True,True,True,True
j1512,j,ok,15708,15708,True,0,True,True,True,True
FG1807,FG,ok,17457,17457,True,0,True,True,True,True
ME1411,ME,ok,6951,6951,True,0,True,True,True,True
SM2001,SM,ok,11685,11685,True,0,True,True,True,True
lu2601,lu,ok,13720,13720,True,0,True,True,True,True
au2206,au,ok,29514,29514,True,0,True,True,True,True
wr1808,wr,ok,3408,3408,True,0,True,True,True,True
bb2409,bb,ok,33,33,True,0,True,True,True,True
rr2311,rr,ok,16983,16983,True,0,True,True,True,True
fu1005,fu,ok,3734,3734,True,0,True,True,True,True
c1003,c,ok,1296,1296,True,0,True,True,True,True
l1703,l,ok,3823,3823,True,0,True,True,True,True
ag2409,ag,ok,27361,27361,True,0,True,True,True,True
bc2209,bc,ok,22901,22901,True,0,True,True,True,True
au1811,au,ok,6512,6512,True,0,True,True,True,True
AP2512,AP,ok,9696,9696,True,0,True,True,True,True
au1105,au,ok,11104,11104,True,0,True,True,True,True
CF2501,CF,ok,17491,17491,True,0,True,True,True,True
cu2211,cu,ok,23228,23228,True,0,True,True,True,True
sp2404,sp,ok,17344,17344,True,0,True,True,True,True
IC2210,IC,ok,1950,1950,True,0,True,True,True,True
MA1512,MA,ok,15754,15754,True,0,True,True,True,True
ni1702,ni,ok,15568,15568,True,0,True,True,True,True
hc2409,hc,ok,17491,17491,True,0,True,True,True,True
IF2411,IF,ok,1750,1750,True,0,True,True,True,True
SM2212,SM,ok,11619,11619,True,0,True,True,True,True
sc2304,sc,ok,27475,27475,True,0,True,True,True,True
wr2208,wr,ok,10047,10047,True,0,True,True,True,True
lu2403,lu,ok,17556,17556,True,0,True,True,True,True
b1303,b,ok,2675,2675,True,0,True,True,True,True
v2112,v,ok,17518,17518,True,0,True,True,True,True
zn2601,zn,ok,17215,17215,True,0,True,True,True,True
j2205,j,ok,17373,17373,True,0,True,True,True,True
eg2403,eg,ok,16899,16899,True,0,True,True,True,True
fb2110,fb,ok,3851,3851,True,0,True,True,True,True
wr2002,wr,ok,4830,4830,True,0,True,True,True,True
jm1607,jm,ok,8605,8605,True,0,True,True,True,True
TA1309,TA,ok,1276,1276,True,0,True,True,True,True
jd1812,jd,ok,11598,11598,True,0,True,True,True,True
wr2007,wr,ok,5321,5321,True,0,True,True,True,True
RI2401,RI,ok,4622,4622,True,0,True,True,True,True
bu1806,bu,ok,34934,34934,True,0,True,True,True,True
m2105,m,ok,17570,17570,True,0,True,True,True,True
CF2201,CF,ok,17564,17564,True,0,True,True,True,True
b1701,b,ok,4670,4670,True,0,True,True,True,True
TF2509,TF,ok,9671,9671,True,0,True,True,True,True
v1311,v,ok,9362,9362,True,0,True,True,True,True
zn1209,zn,ok,11711,11711,True,0,True,True,True,True
CY2005,CY,ok,15003,15003,True,0,True,True,True,True
l1607,l,ok,6352,6352,True,0,True,True,True,True
ni2412,ni,ok,23034,23034,True,0,True,True,True,True
IF2507,IF,ok,2200,2200,True,0,True,True,True,True
IF1706,IF,ok,7950,7950,True,0,True,True,True,True
au1104,au,ok,11158,11158,True,0,True,True,True,True
cu1212,cu,ok,11711,11711,True,0,True,True,True,True
PK2505,PK,ok,11123,11123,True,0,True,True,True,True
jd1605,jd,ok,11440,11440,True,0,True,True,True,True
SF1807,SF,ok,7137,7137,True,0,True,True,True,True
ru1909,ru,ok,17393,17393,True,0,True,True,True,True
v2504,v,ok,17360,17360,True,0,True,True,True,True
FG2011,FG,ok,15503,15503,True,0,True,True,True,True
IM2308,IM,ok,2150,2150,True,0,True,True,True,True
bu2311,bu,ok,17575,17575,True,0,True,True,True,True
UR2403,UR,ok,11664,11664,True,0,True,True,True,True
pb1403,pb,ok,14061,14061,True,0,True,True,True,True
bu2407,bu,ok,17346,17346,True,0,True,True,True,True
bb1709,bb,ok,3964,3964,True,0,True,True,True,True
lu2509,lu,ok,17405,17405,True,0,True,True,True,True
RM1509,RM,ok,12481,12481,True,0,True,True,True,True
SM2303,SM,ok,11664,11664,True,0,True,True,True,True
zn2304,zn,ok,23325,23325,True,0,True,True,True,True
RI1709,RI,ok,10544,10544,True,0,True,True,True,True
UR2601,UR,ok,8640,8640,True,0,True,True,True,True
l2404,l,ok,17410,17410,True,0,True,True,True,True
ru2109,ru,ok,17662,17662,True,0,True,True,True,True
fu1103,fu,ok,11587,11587,True,0,True,True,True,True
PM1503,PM,ok,6084,6084,True,0,True,True,True,True
zn2106,zn,ok,23131,23131,True,0,True,True,True,True
zn1509,zn,ok,23324,23324,True,0,True,True,True,True
eg2103,eg,ok,16326,16326,True,0,True,True,True,True
sn2101,sn,ok,20288,20288,True,0,True,True,True,True
zn1802,zn,ok,23616,23616,True,0,True,True,True,True
nr2310,nr,ok,17381,17381,True,0,True,True,True,True
v2510,v,ok,17443,17443,True,0,True,True,True,True
PM2207,PM,ok,6642,6642,True,0,True,True,True,True
m1508,m,ok,15240,15240,True,0,True,True,True,True
cs2603,cs,ok,10412,10412,True,0,True,True,True,True
v1210,v,ok,2431,2431,True,0,True,True,True,True
CY2511,CY,ok,16128,16128,True,0,True,True,True,True
PM1309,PM,ok,7553,7553,True,0,True,True,True,True
SF1503,SF,ok,5095,5095,True,0,True,True,True,True
sn1710,sn,ok,19182,19182,True,0,True,True,True,True
ME1403,ME,ok,2320,2320,True,0,True,True,True,True
au2311,au,ok,6730,6730,True,0,True,True,True,True
RI2005,RI,ok,7722,7722,True,0,True,True,True,True
rb2102,rb,ok,16193,16193,True,0,True,True,True,True
fb2109,fb,ok,10608,10608,True,0,True,True,True,True
SF2512,SF,ok,9695,9695,True,0,True,True,True,True
ni2206,ni,ok,23034,23034,True,0,True,True,True,True
l2009,l,ok,15962,15962,True,0,True,True,True,True
SF2109,SF,ok,11711,11711,True,0,True,True,True,True
v2403,v,ok,17589,17589,True,0,True,True,True,True
AP2010,AP,ok,11686,11686,True,0,True,True,True,True
sp2212,sp,ok,17564,17564,True,0,True,True,True,True
wr2602,wr,ok,7699,7699,True,0,True,True,True,True
pg2502,pg,ok,17193,17193,True,0,True,True,True,True
a1505,a,ok,19716,19716,True,0,True,True,True,True
jm1905,jm,ok,17662,17662,True,0,True,True,True,True
ME1504,ME,ok,7934,7934,True,0,True,True,True,True
si2405,si,ok,7583,7583,True,0,True,True,True,True
TA2302,TA,ok,17271,17271,True,0,True,True,True,True
b2511,b,ok,16129,16129,True,0,True,True,True,True
zn2403,zn,ok,23265,23265,True,0,True,True,True,True
SR2603,SR,ok,10412,10412,True,0,True,True,True,True
lh2309,lh,ok,11488,11488,True,0,True,True,True,True
fu2506,fu,ok,17248,17248,True,0,True,True,True,True
OI2007,OI,ok,15910,15910,True,0,True,True,True,True
zn2602,zn,ok,15615,15615,True,0,True,True,True,True
PK2303,PK,ok,11531,11531,True,0,True,True,True,True
eb2510,eb,ok,17078,17078,True,0,True,True,True,True
fb2202,fb,ok,3673,3673,True,0,True,True,True,True
SM1604,SM,ok,4886,4886,True,0,True,True,True,True
ss2503,ss,ok,23034,23034,True,0,True,True,True,True
cu1704,cu,ok,22929,22929,True,0,True,True,True,True
y2503,y,ok,17332,17332,True,0,True,True,True,True
y2412,y,ok,17402,17402,True,0,True,True,True,True
pp2402,pp,ok,17914,17914,True,0,True,True,True,True
zn2202,zn,ok,23276,23276,True,0,True,True,True,True
si2311,si,ok,10368,10368,True,0,True,True,True,True
SF2403,SF,ok,11664,11664,True,0,True,True,True,True
l2502,l,ok,17198,17198,True,0,True,True,True,True
OI1401,OI,ok,1791,1791,True,0,True,True,True,True
sc1912,sc,ok,46338,46338,True,0,True,True,True,True
pb1301,pb,ok,11663,11663,True,0,True,True,True,True
CF1601,CF,ok,17593,17593,True,0,True,True,True,True
ZC2106,ZC,ok,17557,17557,True,0,True,True,True,True
eb2307,eb,ok,17502,17502,True,0,True,True,True,True
bb2307,bb,ok,87,87,True,0,True,True,True,True
IC1709,IC,ok,8000,8000,True,0,True,True,True,True
hc1507,hc,ok,13038,13038,True,0,True,True,True,True
pp1604,pp,ok,9719,9719,True,0,True,True,True,True
sn1603,sn,ok,18186,18186,True,0,True,True,True,True
p1603,p,ok,14524,14524,True,0,True,True,True,True
b2109,b,ok,17323,17323,True,0,True,True,True,True
sn2212,sn,ok,23228,23228,True,0,True,True,True,True
fu2312,fu,ok,17541,17541,True,0,True,True,True,True
sc2412,sc,ok,82265,82265,True,0,True,True,True,True
UR2004,UR,ok,7739,7739,True,0,True,True,True,True
au1303,au,ok,11577,11577,True,0,True,True,True,True
p2405,p,ok,17468,17468,True,0,True,True,True,True
l1902,l,ok,11150,11150,True,0,True,True,True,True
bc2502,bc,ok,22868,22868,True,0,True,True,True,True
al1305,al,ok,11616,11616,True,0,True,True,True,True
RO1105,RO,ok,231,231,True,0,True,True,True,True
ru2306,ru,ok,17722,17722,True,0,True,True,True,True
PF2112,PF,ok,17558,17558,True,0,True,True,True,True
sn2211,sn,ok,23227,23227,True,0,True,True,True,True
zn2203,zn,ok,23228,23228,True,0,True,True,True,True
RS2009,RS,ok,9770,9770,True,0,True,True,True,True
al1910,al,ok,23228,23228,True,0,True,True,True,True
SF1711,SF,ok,5438,5438,True,0,True,True,True,True
IF1603,IF,ok,8075,8075,True,0,True,True,True,True
lc2604,lc,ok,5904,5904,True,0,True,True,True,True
WH2309,WH,ok,4774,4774,True,0,True,True,True,True
m1308,m,ok,11218,11218,True,0,True,True,True,True
IF2501,IF,ok,2200,2200,True,0,True,True,True,True
wr1308,wr,ok,9054,9054,True,0,True,True,True,True
IH1808,IH,ok,2200,2200,True,0,True,True,True,True
CY2108,CY,ok,9640,9640,True,0,True,True,True,True
b2308,b,ok,17409,17409,True,0,True,True,True,True
m1305,m,ok,11603,11603,True,0,True,True,True,True
ZC2402,ZC,ok,10350,10350,True,0,True,True,True,True
rb2006,rb,ok,15595,15595,True,0,True,True,True,True
bu1702,bu,ok,6332,6332,True,0,True,True,True,True
bb2010,bb,ok,4069,4069,True,0,True,True,True,True
al1909,al,ok,22985,22985,True,0,True,True,True,True
rr2010,rr,ok,15655,15655,True,0,True,True,True,True
ru2308,ru,ok,17551,17551,True,0,True,True,True,True
fb1503,fb,ok,11476,11476,True,0,True,True,True,True
sn2007,sn,ok,20095,20095,True,0,True,True,True,True
IF1403,IF,ok,8100,8100,True,0,True,True,True,True
SR2509,SR,ok,17418,17418,True,0,True,True,True,True
au2402,au,ok,29516,29516,True,0,True,True,True,True
IF1108,IF,ok,2250,2250,True,0,True,True,True,True
al2602,al,ok,15615,15615,True,0,True,True,True,True
i1606,i,ok,16945,16945,True,0,True,True,True,True
fb1510,fb,ok,4695,4695,True,0,True,True,True,True
au2001,au,ok,7151,7151,True,0,True,True,True,True
bb2207,bb,ok,344,344,True,0,True,True,True,True
zn2111,zn,ok,23131,23131,True,0,True,True,True,True
jm2005,jm,ok,16080,16080,True,0,True,True,True,True
pp1510,pp,ok,11365,11365,True,0,True,True,True,True
pb1501,pb,ok,23100,23100,True,0,True,True,True,True
ss2110,ss,ok,23215,23215,True,0,True,True,True,True
l1608,l,ok,6322,6322,True,0,True,True,True,True
sc1906,sc,ok,32388,32388,True,0,True,True,True,True
ru2111,ru,ok,17491,17491,True,0,True,True,True,True
ss2408,ss,ok,23241,23241,True,0,True,True,True,True
wr2603,wr,ok,6192,6192,True,0,True,True,True,True
l1410,l,ok,11589,11589,True,0,True,True,True,True
SF2407,SF,ok,11568,11568,True,0,True,True,True,True
OI1809,OI,ok,17735,17735,True,0,True,True,True,True
sn1602,sn,ok,17601,17601,True,0,True,True,True,True
y2111,y,ok,17313,17313,True,0,True,True,True,True
MA1904,MA,ok,16975,16975,True,0,True,True,True,True
pb2201,pb,ok,23228,23228,True,0,True,True,True,True
al2311,al,ok,23277,23277,True,0,True,True,True,True
rb1211,rb,ok,11628,11628,True,0,True,True,True,True
RO1111,RO,ok,6850,6850,True,0,True,True,True,True
SA2406,SA,ok,17491,17491,True,0,True,True,True,True
i1601,i,ok,17533,17533,True,0,True,True,True,True
MA2211,MA,ok,17564,17564,True,0,True,True,True,True
T1809,T,ok,9963,9963,True,0,True,True,True,True
SM1910,SM,ok,10902,10902,True,0,True,True,True,True
l1311,l,ok,9652,9652,True,0,True,True,True,True
ME1410,ME,ok,6523,6523,True,0,True,True,True,True
m1708,m,ok,16113,16113,True,0,True,True,True,True
TC1604,TC,ok,2588,2588,True,0,True,True,True,True
CF1411,CF,ok,2912,2912,True,0,True,True,True,True
hc1602,hc,ok,15151,15151,True,0,True,True,True,True
wr1107,wr,ok,9606,9606,True,0,True,True,True,True
UR2511,UR,ok,10704,10704,True,0,True,True,True,True
AP2111,AP,ok,11542,11542,True,0,True,True,True,True
nr2403,nr,ok,17442,17442,True,0,True,True,True,True
a1011,a,ok,8938,8938,True,0,True,True,True,True
IF1911,IF,ok,1750,1750,True,0,True,True,True,True
sc2301,sc,ok,27360,27360,True,0,True,True,True,True
ag2005,ag,ok,23444,23444,True,0,True,True,True,True
pb2309,pb,ok,23373,23373,True,0,True,True,True,True
RM1705,RM,ok,17441,17441,True,0,True,True,True,True
bc2203,bc,ok,22902,22902,True,0,True,True,True,True
cu2306,cu,ok,23471,23471,True,0,True,True,True,True
SH2601,SH,ok,13015,13015,True,0,True,True,True,True
ru1306,ru,ok,11459,11459,True,0,True,True,True,True
RI2503,RI,ok,4606,4606,True,0,True,True,True,True
sp2602,sp,ok,11799,11799,True,0,True,True,True,True
T1706,T,ok,9225,9225,True,0,True,True,True,True
m1901,m,ok,17487,17487,True,0,True,True,True,True
WH2601,WH,ok,3402,3402,True,0,True,True,True,True
TA1904,TA,ok,17139,17139,True,0,True,True,True,True
fu1410,fu,ok,7044,7044,True,0,True,True,True,True
cs2003,cs,ok,16092,16092,True,0,True,True,True,True
m1008,m,ok,6183,6183,True,0,True,True,True,True
MA2405,MA,ok,17516,17516,True,0,True,True,True,True
SF2408,SF,ok,11663,11663,True,0,True,True,True,True
wr1904,wr,ok,4283,4283,True,0,True,True,True,True
nr2311,nr,ok,17575,17575,True,0,True,True,True,True
au1906,au,ok,29836,29836,True,0,True,True,True,True
WH2401,WH,ok,4574,4574,True,0,True,True,True,True
TA1401,TA,ok,959,959,True,0,True,True,True,True
ru2203,ru,ok,17564,17564,True,0,True,True,True,True
FG1507,FG,ok,8780,8780,True,0,True,True,True,True
IH2012,IH,ok,8200,8200,True,0,True,True,True,True
pg2306,pg,ok,17445,17445,True,0,True,True,True,True
cu1601,cu,ok,23373,23373,True,0,True,True,True,True
pp1802,pp,ok,11631,11631,True,0,True,True,True,True
p1212,p,ok,2361,2361,True,0,True,True,True,True
ao2506,ao,ok,23034,23034,True,0,True,True,True,True
RM2201,RM,ok,17529,17529,True,0,True,True,True,True
MA2007,MA,ok,16039,16039,True,0,True,True,True,True
ni1605,ni,ok,23360,23360,True,0,True,True,True,True
CY2206,CY,ok,16538,16538,True,0,True,True,True,True
CF1509,CF,ok,12818,12818,True,0,True,True,True,True
pb2212,pb,ok,23228,23228,True,0,True,True,True,True
jd2101,jd,ok,11808,11808,True,0,True,True,True,True
j1402,j,ok,10869,10869,True,0,True,True,True,True
IF1109,IF,ok,8000,8000,True,0,True,True,True,True
fu1312,fu,ok,6486,6486,True,0,True,True,True,True
ZC2208,ZC,ok,13981,13981,True,0,True,True,True,True
zn2003,zn,ok,21758,21758,True,0,True,True,True,True
ru1811,ru,ok,17637,17637,True,0,True,True,True,True
eg2207,eg,ok,17417,17417,True,0,True,True,True,True
ZC2411,ZC,ok,9923,9923,True,0,True,True,True,True
pg2303,pg,ok,16968,16968,True,0,True,True,True,True
MA2204,MA,ok,17564,17564,True,0,True,True,True,True
sp2206,sp,ok,17478,17478,True,0,True,True,True,True
bu1503,bu,ok,15701,15701,True,0,True,True,True,True
fu2309,fu,ok,17564,17564,True,0,True,True,True,True
ss2209,ss,ok,22960,22960,True,0,True,True,True,True
eg2602,eg,ok,11361,11361,True,0,True,True,True,True
ag1904,ag,ok,27446,27446,True,0,True,True,True,True
TA2306,TA,ok,17662,17662,True,0,True,True,True,True
RS2508,RS,ok,11270,11270,True,0,True,True,True,True
v2002,v,ok,15675,15675,True,0,True,True,True,True
JR1907,JR,ok,11122,11122,True,0,True,True,True,True
ME1211,ME,ok,2716,2716,True,0,True,True,True,True
ME1310,ME,ok,3611,3611,True,0,True,True,True,True
zn2402,zn,ok,23349,23349,True,0,True,True,True,True
ss2409,ss,ok,23119,23119,True,0,True,True,True,True
CJ2305,CJ,ok,11663,11663,True,0,True,True,True,True
jd1904,jd,ok,11534,11534,True,0,True,True,True,True
PM1703,PM,ok,10525,10525,True,0,True,True,True,True
FG1309,FG,ok,583,583,True,0,True,True,True,True
TA1502,TA,ok,10324,10324,True,0,True,True,True,True
b2601,b,ok,13015,13015,True,0,True,True,True,True
a1511,a,ok,22076,22076,True,0,True,True,True,True
au2509,au,ok,7475,7475,True,0,True,True,True,True
bb1408,bb,ok,8056,8056,True,0,True,True,True,True
sc2302,sc,ok,26900,26900,True,0,True,True,True,True
IC2105,IC,ok,2050,2050,True,0,True,True,True,True
PF2307,PF,ok,17563,17563,True,0,True,True,True,True
lc2601,lc,ok,8640,8640,True,0,True,True,True,True
CJ2005,CJ,ok,12208,12208,True,0,True,True,True,True
cu1110,cu,ok,11533,11533,True,0,True,True,True,True
RM1407,RM,ok,3721,3721,True,0,True,True,True,True
zn1710,zn,ok,23257,23257,True,0,True,True,True,True
bu2305,bu,ok,17537,17537,True,0,True,True,True,True
WH2003,WH,ok,8268,8268,True,0,True,True,True,True
ag1801,ag,ok,27579,27579,True,0,True,True,True,True
ru1804,ru,ok,17516,17516,True,0,True,True,True,True
RM2103,RM,ok,16629,16629,True,0,True,True,True,True
SR1811,SR,ok,26528,26528,True,0,True,True,True,True
pp1903,pp,ok,11164,11164,True,0,True,True,True,True
ss2501,ss,ok,23046,23046,True,0,True,True,True,True
cu2602,cu,ok,15615,15615,True,0,True,True,True,True
rb2204,rb,ok,17478,17478,True,0,True,True,True,True
fu1403,fu,ok,6128,6128,True,0,True,True,True,True
al2006,al,ok,20264,20264,True,0,True,True,True,True
pb1906,pb,ok,23082,23082,True,0,True,True,True,True
cs1807,cs,ok,11254,11254,True,0,True,True,True,True
TF2006,TF,ok,9406,9406,True,0,True,True,True,True
fu2008,fu,ok,16039,16039,True,0,True,True,True,True
IC2409,IC,ok,8050,8050,True,0,True,True,True,True
TA1903,TA,ok,17563,17563,True,0,True,True,True,True
FG2309,FG,ok,17589,17589,True,0,True,True,True,True
pg2408,pg,ok,16579,16579,True,0,True,True,True,True
au1511,au,ok,6039,6039,True,0,True,True,True,True
UR2602,UR,ok,7776,7776,True,0,True,True,True,True
PM2109,PM,ok,10353,10353,True,0,True,True,True,True
sn2603,sn,ok,13675,13675,True,0,True,True,True,True
p2410,p,ok,17418,17418,True,0,True,True,True,True
SR1107,SR,ok,2093,2093,True,0,True,True,True,True
fb2403,fb,ok,11547,11547,True,0,True,True,True,True
TS2206,TS,ok,9275,9275,True,0,True,True,True,True
pb1904,pb,ok,23203,23203,True,0,True,True,True,True
SM1611,SM,ok,5150,5150,True,0,True,True,True,True
pp1407,pp,ok,4253,4253,True,0,True,True,True,True
PF2604,PF,ok,8904,8904,True,0,True,True,True,True
ru1206,ru,ok,11602,11602,True,0,True,True,True,True
CY2604,CY,ok,8903,8903,True,0,True,True,True,True
ag2601,ag,ok,20365,20365,True,0,True,True,True,True
ag1303,ag,ok,9984,9984,True,0,True,True,True,True
sp2506,sp,ok,17399,17399,True,0,True,True,True,True
pb1404,pb,ok,15047,15047,True,0,True,True,True,True
j2505,j,ok,17459,17459,True,0,True,True,True,True
bc2408,bc,ok,23128,23128,True,0,True,True,True,True
CJ2501,CJ,ok,11616,11616,True,0,True,True,True,True
SF2103,SF,ok,11358,11358,True,0,True,True,True,True
MA2403,MA,ok,17589,17589,True,0,True,True,True,True
IC1812,IC,ok,8300,8300,True,0,True,True,True,True
j1307,j,ok,7034,7034,True,0,True,True,True,True
m1511,m,ok,16169,16169,True,0,True,True,True,True
fu2001,fu,ok,17126,17126,True,0,True,True,True,True
p1512,p,ok,16746,16746,True,0,True,True,True,True
au1806,au,ok,30273,30273,True,0,True,True,True,True
jm2402,jm,ok,17712,17712,True,0,True,True,True,True
fb1604,fb,ok,6002,6002,True,0,True,True,True,True
pp1907,pp,ok,12560,12560,True,0,True,True,True,True
CJ2505,CJ,ok,11616,11616,True,0,True,True,True,True
IH2102,IH,ok,1950,1950,True,0,True,True,True,True
zn2301,zn,ok,23131,23131,True,0,True,True,True,True
bb2501,bb,ok,7953,7953,True,0,True,True,True,True
TA1809,TA,ok,17722,17722,True,0,True,True,True,True
SA2308,SA,ok,17551,17551,True,0,True,True,True,True
b1911,b,ok,16894,16894,True,0,True,True,True,True
ME1409,ME,ok,1230,1230,True,0,True,True,True,True
fu1110,fu,ok,11417,11417,True,0,True,True,True,True
ni1905,ni,ok,23216,23216,True,0,True,True,True,True
al2301,al,ok,23131,23131,True,0,True,True,True,True
pb2311,pb,ok,23264,23264,True,0,True,True,True,True
FG1607,FG,ok,17400,17400,True,0,True,True,True,True
PF2303,PF,ok,17563,17563,True,0,True,True,True,True
TC1510,TC,ok,6430,6430,True,0,True,True,True,True
TA2506,TA,ok,17417,17417,True,0,True,True,True,True
jm1910,jm,ok,16806,16806,True,0,True,True,True,True
MA2206,MA,ok,17491,17491,True,0,True,True,True,True
i2009,i,ok,15991,15991,True,0,True,True,True,True
RS1311,RS,ok,5197,5197,True,0,True,True,True,True
IH2103,IH,ok,8150,8150,True,0,True,True,True,True
p1205,p,ok,11303,11303,True,0,True,True,True,True
wr1804,wr,ok,2096,2096,True,0,True,True,True,True
b2408,b,ok,17229,17229,True,0,True,True,True,True
bc2302,bc,ok,23024,23024,True,0,True,True,True,True
IC2110,IC,ok,1650,1650,True,0,True,True,True,True
bu2111,bu,ok,8757,8757,True,0,True,True,True,True
nr2105,nr,ok,17527,17527,True,0,True,True,True,True
FG1905,FG,ok,17457,17457,True,0,True,True,True,True
c2309,c,ok,17515,17515,True,0,True,True,True,True
si2511,si,ok,10704,10704,True,0,True,True,True,True
wr2105,wr,ok,9437,9437,True,0,True,True,True,True
au1712,au,ok,30087,30087,True,0,True,True,True,True
SA2505,SA,ok,17491,17491,True,0,True,True,True,True
p1312,p,ok,10328,10328,True,0,True,True,True,True
b1107,b,ok,1740,1740,True,0,True,True,True,True
j2605,j,ok,7396,7396,True,0,True,True,True,True
LR2105,LR,ok,3964,3964,True,0,True,True,True,True
bb2001,bb,ok,1260,1260,True,0,True,True,True,True
l1702,l,ok,3184,3184,True,0,True,True,True,True
i1901,i,ok,17564,17564,True,0,True,True,True,True
cu1001,cu,ok,480,480,True,0,True,True,True,True
MA1812,MA,ok,17124,17124,True,0,True,True,True,True
p1105,p,ok,10986,10986,True,0,True,True,True,True
m1911,m,ok,16980,16980,True,0,True,True,True,True
SA2007,SA,ok,8781,8781,True,0,True,True,True,True
ag1302,ag,ok,9072,9072,True,0,True,True,True,True
p1308,p,ok,7364,7364,True,0,True,True,True,True
SA2604,SA,ok,8904,8904,True,0,True,True,True,True
l2002,l,ok,16137,16137,True,0,True,True,True,True
cu2202,cu,ok,23276,23276,True,0,True,True,True,True
ag2002,ag,ok,26776,26776,True,0,True,True,True,True
fu1511,fu,ok,9726,9726,True,0,True,True,True,True
au1509,au,ok,6746,6746,True,0,True,True,True,True
y1809,y,ok,17735,17735,True,0,True,True,True,True
eb2008,eb,ok,13838,13838,True,0,True,True,True,True
hc1412,hc,ok,8099,8099,True,0,True,True,True,True
l1003,l,ok,1559,1559,True,0,True,True,True,True
JR2103,JR,ok,5911,5911,True,0,True,True,True,True
fu1409,fu,ok,9743,9743,True,0,True,True,True,True
b1109,b,ok,6135,6135,True,0,True,True,True,True
OI2203,OI,ok,17522,17522,True,0,True,True,True,True
SA2307,SA,ok,17564,17564,True,0,True,True,True,True
pb2509,pb,ok,23083,23083,True,0,True,True,True,True
IH2204,IH,ok,1900,1900,True,0,True,True,True,True
i2111,i,ok,17300,17300,True,0,True,True,True,True
SR1601,SR,ok,19725,19725,True,0,True,True,True,True
ru1101,ru,ok,11600,11600,True,0,True,True,True,True
fu2512,fu,ok,15326,15326,True,0,True,True,True,True
au1703,au,ok,6160,6160,True,0,True,True,True,True
sn2409,sn,ok,23130,23130,True,0,True,True,True,True
ss2210,ss,ok,23215,23215,True,0,True,True,True,True
zn1407,zn,ok,18168,18168,True,0,True,True,True,True
ME1311,ME,ok,2294,2294,True,0,True,True,True,True
ru2309,ru,ok,17649,17649,True,0,True,True,True,True
m1109,m,ok,11247,11247,True,0,True,True,True,True
m2508,m,ok,17491,17491,True,0,True,True,True,True
fu2108,fu,ok,17471,17471,True,0,True,True,True,True
i1604,i,ok,16369,16369,True,0,True,True,True,True
PF2406,PF,ok,17490,17490,True,0,True,True,True,True
PF2408,PF,ok,17588,17588,True,0,True,True,True,True
TA1606,TA,ok,17706,17706,True,0,True,True,True,True
PF2507,PF,ok,17490,17490,True,0,True,True,True,True
ru1409,ru,ok,11616,11616,True,0,True,True,True,True
SR1403,SR,ok,10081,10081,True,0,True,True,True,True
MA2205,MA,ok,17418,17418,True,0,True,True,True,True
RM1403,RM,ok,3845,3845,True,0,True,True,True,True
IM2406,IM,ok,8100,8100,True,0,True,True,True,True
bb1504,bb,ok,9685,9685,True,0,True,True,True,True
TS2003,TS,ok,9618,9618,True,0,True,True,True,True
bb2407,bb,ok,50,50,True,0,True,True,True,True
TA2211,TA,ok,17551,17551,True,0,True,True,True,True
wr2008,wr,ok,6192,6192,True,0,True,True,True,True
RS1307,RS,ok,4146,4146,True,0,True,True,True,True
SM1706,SM,ok,4909,4909,True,0,True,True,True,True
MA2105,MA,ok,17589,17589,True,0,True,True,True,True
al2110,al,ok,23228,23228,True,0,True,True,True,True
jm2504,jm,ok,17282,17282,True,0,True,True,True,True
IM2309,IM,ok,7950,7950,True,0,True,True,True,True
zn1103,zn,ok,11552,11552,True,0,True,True,True,True
eg2404,eg,ok,16991,16991,True,0,True,True,True,True
JR2407,JR,ok,4561,4561,True,0,True,True,True,True
nr2011,nr,ok,15615,15615,True,0,True,True,True,True
cu1003,cu,ok,2208,2208,True,0,True,True,True,True
JR2405,JR,ok,4580,4580,True,0,True,True,True,True
SF1803,SF,ok,7711,7711,True,0,True,True,True,True
IC2107,IC,ok,1950,1950,True,0,True,True,True,True
sp1908,sp,ok,12557,12557,True,0,True,True,True,True
rr2305,rr,ok,16985,16985,True,0,True,True,True,True
pb2506,pb,ok,23034,23034,True,0,True,True,True,True
al2001,al,ok,23325,23325,True,0,True,True,True,True
al2203,al,ok,23228,23228,True,0,True,True,True,True
RI2309,RI,ok,4878,4878,True,0,True,True,True,True
JR2509,JR,ok,4561,4561,True,0,True,True,True,True
bb1610,bb,ok,110,110,True,0,True,True,True,True
IM2409,IM,ok,8050,8050,True,0,True,True,True,True
al2106,al,ok,23131,23131,True,0,True,True,True,True
MA1707,MA,ok,16998,16998,True,0,True,True,True,True
i2011,i,ok,15991,15991,True,0,True,True,True,True
SM1501,SM,ok,1173,1173,True,0,True,True,True,True
fu1506,fu,ok,8203,8203,True,0,True,True,True,True
WH1811,WH,ok,9336,9336,True,0,True,True,True,True
ru2410,ru,ok,17405,17405,True,0,True,True,True,True
IH2209,IH,ok,7900,7900,True,0,True,True,True,True
PF2310,PF,ok,17515,17515,True,0,True,True,True,True
SR1211,SR,ok,6630,6630,True,0,True,True,True,True
lc2603,lc,ok,6912,6912,True,0,True,True,True,True
zn1203,zn,ok,11616,11616,True,0,True,True,True,True
ER1301,ER,ok,583,583,True,0,True,True,True,True
p2404,p,ok,17443,17443,True,0,True,True,True,True
PF2110,PF,ok,17490,17490,True,0,True,True,True,True
IH1602,IH,ok,1922,1922,True,0,True,True,True,True
bu2211,bu,ok,11684,11684,True,0,True,True,True,True
ni2407,ni,ok,23082,23082,True,0,True,True,True,True
zn2210,zn,ok,23228,23228,True,0,True,True,True,True
m2603,m,ok,10412,10412,True,0,True,True,True,True
IH2006,IH,ok,8200,8200,True,0,True,True,True,True
sn2407,sn,ok,23082,23082,True,0,True,True,True,True
TL2512,TL,ok,7632,7632,True,0,True,True,True,True
ag2210,ag,ok,27476,27476,True,0,True,True,True,True
wr1202,wr,ok,8423,8423,True,0,True,True,True,True
IC2512,IC,ok,6000,6000,True,0,True,True,True,True
ZC2311,ZC,ok,8553,8553,True,0,True,True,True,True
wr1412,wr,ok,9312,9312,True,0,True,True,True,True
bb1509,bb,ok,11656,11656,True,0,True,True,True,True
jd2009,jd,ok,11686,11686,True,0,True,True,True,True
sn1809,sn,ok,23446,23446,True,0,True,True,True,True
zn1405,zn,ok,16051,16051,True,0,True,True,True,True
j1804,j,ok,16981,16981,True,0,True,True,True,True
jm2602,jm,ok,11726,11726,True,0,True,True,True,True
nr2301,nr,ok,17378,17378,True,0,True,True,True,True
SM1907,SM,ok,10987,10987,True,0,True,True,True,True
TA1103,TA,ok,1067,1067,True,0,True,True,True,True
IC2103,IC,ok,8150,8150,True,0,True,True,True,True
IF1110,IF,ok,1950,1950,True,0,True,True,True,True
jd2211,jd,ok,11638,11638,True,0,True,True,True,True
fb1512,fb,ok,2666,2666,True,0,True,True,True,True
eb2603,eb,ok,9828,9828,True,0,True,True,True,True
IC2503,IC,ok,8000,8000,True,0,True,True,True,True
WH1907,WH,ok,9419,9419,True,0,True,True,True,True
hc1806,hc,ok,17484,17484,True,0,True,True,True,True
lu2502,lu,ok,17122,17122,True,0,True,True,True,True
ss2605,ss,ok,9990,9990,True,0,True,True,True,True
l2509,l,ok,17418,17418,True,0,True,True,True,True
au1205,au,ok,11228,11228,True,0,True,True,True,True
si2412,si,ok,7776,7776,True,0,True,True,True,True
wr2001,wr,ok,6560,6560,True,0,True,True,True,True
p1710,p,ok,15032,15032,True,0,True,True,True,True
b2001,b,ok,17221,17221,True,0,True,True,True,True
m2012,m,ok,15629,15629,True,0,True,True,True,True
TF2212,TF,ok,9671,9671,True,0,True,True,True,True
ni2508,ni,ok,23131,23131,True,0,True,True,True,True
hc1503,hc,ok,10692,10692,True,0,True,True,True,True
rr2201,rr,ok,16952,16952,True,0,True,True,True,True
b1901,b,ok,17401,17401,True,0,True,True,True,True
OI2507,OI,ok,17433,17433,True,0,True,True,True,True
ag2110,ag,ok,27446,27446,True,0,True,True,True,True
a1211,a,ok,10074,10074,True,0,True,True,True,True
PM2307,PM,ok,4561,4561,True,0,True,True,True,True
PK2511,PK,ok,10704,10704,True,0,True,True,True,True
i2210,i,ok,17484,17484,True,0,True,True,True,True
PF2106,PF,ok,11968,11968,True,0,True,True,True,True
IC2009,IC,ok,8150,8150,True,0,True,True,True,True
CF1205,CF,ok,1152,1152,True,0,True,True,True,True
p2010,p,ok,15533,15533,True,0,True,True,True,True
fu1907,fu,ok,16598,16598,True,0,True,True,True,True
sp2201,sp,ok,17564,17564,True,0,True,True,True,True
OI1709,OI,ok,17538,17538,True,0,True,True,True,True
eb2009,eb,ok,15483,15483,True,0,True,True,True,True
wr1705,wr,ok,1565,1565,True,0,True,True,True,True
sn2210,sn,ok,23216,23216,True,0,True,True,True,True
cu1206,cu,ok,11583,11583,True,0,True,True,True,True
v1607,v,ok,5524,5524,True,0,True,True,True,True
ag2208,ag,ok,27216,27216,True,0,True,True,True,True
v1803,v,ok,11260,11260,True,0,True,True,True,True
pp1506,pp,ok,11493,11493,True,0,True,True,True,True
TA1501,TA,ok,1316,1316,True,0,True,True,True,True
j2402,j,ok,17649,17649,True,0,True,True,True,True
LR1607,LR,ok,4841,4841,True,0,True,True,True,True
IF1201,IF,ok,2150,2150,True,0,True,True,True,True
cs1611,cs,ok,6486,6486,True,0,True,True,True,True
hc1411,hc,ok,7058,7058,True,0,True,True,True,True
hc1504,hc,ok,10905,10905,True,0,True,True,True,True
SF1910,SF,ok,10857,10857,True,0,True,True,True,True
fb2307,fb,ok,9351,9351,True,0,True,True,True,True
IC2006,IC,ok,8200,8200,True,0,True,True,True,True
v1107,v,ok,2763,2763,True,0,True,True,True,True
rr2505,rr,ok,16687,16687,True,0,True,True,True,True
v2406,v,ok,17491,17491,True,0,True,True,True,True
CF1405,CF,ok,1337,1337,True,0,True,True,True,True
fb2511,fb,ok,10672,10672,True,0,True,True,True,True
p1112,p,ok,3340,3340,True,0,True,True,True,True
TL2503,TL,ok,9565,9565,True,0,True,True,True,True
MA2107,MA,ok,17236,17236,True,0,True,True,True,True
CY2506,CY,ok,16847,16847,True,0,True,True,True,True
JR2401,JR,ok,4561,4561,True,0,True,True,True,True
FG2003,FG,ok,16529,16529,True,0,True,True,True,True
TL2603,TL,ok,4452,4452,True,0,True,True,True,True
pp2510,pp,ok,17370,17370,True,0,True,True,True,True
cu1012,cu,ok,11024,11024,True,0,True,True,True,True
l1903,l,ok,11164,11164,True,0,True,True,True,True
OI2407,OI,ok,17429,17429,True,0,True,True,True,True
UR2202,UR,ok,11406,11406,True,0,True,True,True,True
TC1502,TC,ok,6443,6443,True,0,True,True,True,True
eg2605,eg,ok,6958,6958,True,0,True,True,True,True
l1609,l,ok,11746,11746,True,0,True,True,True,True
JR1805,JR,ok,7140,7140,True,0,True,True,True,True
fu2110,fu,ok,17418,17418,True,0,True,True,True,True
i1810,i,ok,17132,17132,True,0,True,True,True,True
jm2108,jm,ok,17498,17498,True,0,True,True,True,True
TA1111,TA,ok,5681,5681,True,0,True,True,True,True
bb1811,bb,ok,962,962,True,0,True,True,True,True
rb1805,rb,ok,17643,17643,True,0,True,True,True,True
rb2502,rb,ok,17332,17332,True,0,True,True,True,True
v1112,v,ok,2800,2800,True,0,True,True,True,True
fu2311,fu,ok,17564,17564,True,0,True,True,True,True
SM1705,SM,ok,10404,10404,True,0,True,True,True,True
al2205,al,ok,23034,23034,True,0,True,True,True,True
IH1908,IH,ok,2000,2000,True,0,True,True,True,True
hc1409,hc,ok,5331,5331,True,0,True,True,True,True
wr1301,wr,ok,9054,9054,True,0,True,True,True,True
cs1507,cs,ok,5824,5824,True,0,True,True,True,True
ru2003,ru,ok,16628,16628,True,0,True,True,True,True
ni1707,ni,ok,15565,15565,True,0,True,True,True,True
IF2408,IF,ok,2000,2000,True,0,True,True,True,True
SF1804,SF,ok,9472,9472,True,0,True,True,True,True
b2003,b,ok,16012,16012,True,0,True,True,True,True
lu2511,lu,ok,16859,16859,True,0,True,True,True,True
TF1712,TF,ok,9618,9618,True,0,True,True,True,True
AP2210,AP,ok,11651,11651,True,0,True,True,True,True
IC2102,IC,ok,1950,1950,True,0,True,True,True,True
l2008,l,ok,15990,15990,True,0,True,True,True,True
j2010,j,ok,16063,16063,True,0,True,True,True,True
IC2504,IC,ok,1950,1950,True,0,True,True,True,True
ec2604,ec,ok,5472,5472,True,0,True,True,True,True
pg2104,pg,ok,17328,17328,True,0,True,True,True,True
cu2605,cu,ok,9990,9990,True,0,True,True,True,True
JR1405,JR,ok,1905,1905,True,0,True,True,True,True
jd2202,jd,ok,11632,11632,True,0,True,True,True,True
bb1703,bb,ok,1941,1941,True,0,True,True,True,True
rb1209,rb,ok,11314,11314,True,0,True,True,True,True
WT1103,WT,ok,799,799,True,0,True,True,True,True
AP2405,AP,ok,11513,11513,True,0,True,True,True,True
PF2306,PF,ok,17539,17539,True,0,True,True,True,True
ni1602,ni,ok,20089,20089,True,0,True,True,True,True
SH2409,SH,ok,17320,17320,True,0,True,True,True,True
ni1910,ni,ok,23228,23228,True,0,True,True,True,True
RM2503,RM,ok,17418,17418,True,0,True,True,True,True
hc1708,hc,ok,12115,12115,True,0,True,True,True,True
wr2104,wr,ok,7984,7984,True,0,True,True,True,True
wr1801,wr,ok,3442,3442,True,0,True,True,True,True
lc2605,lc,ok,4896,4896,True,0,True,True,True,True
ss2511,ss,ok,21240,21240,True,0,True,True,True,True
sp2507,sp,ok,17491,17491,True,0,True,True,True,True
ru1704,ru,ok,15528,15528,True,0,True,True,True,True
au1901,au,ok,7027,7027,True,0,True,True,True,True
wr2605,wr,ok,4992,4992,True,0,True,True,True,True
eg2201,eg,ok,17491,17491,True,0,True,True,True,True
IC2302,IC,ok,1950,1950,True,0,True,True,True,True
m1005,m,ok,4099,4099,True,0,True,True,True,True
TA1608,TA,ok,17513,17513,True,0,True,True,True,True
zn1609,zn,ok,23468,23468,True,0,True,True,True,True
LR1909,LR,ok,8065,8065,True,0,True,True,True,True
bu2008,bu,ok,7483,7483,True,0,True,True,True,True
SA2412,SA,ok,17418,17418,True,0,True,True,True,True
sp2510,sp,ok,17541,17541,True,0,True,True,True,True
TA1211,TA,ok,8327,8327,True,0,True,True,True,True
ss2104,ss,ok,22726,22726,True,0,True,True,True,True
al1511,al,ok,23167,23167,True,0,True,True,True,True
pp1706,pp,ok,6914,6914,True,0,True,True,True,True
WT1107,WT,ok,1239,1239,True,0,True,True,True,True
rb2009,rb,ok,16064,16064,True,0,True,True,True,True
ru1310,ru,ok,11424,11424,True,0,True,True,True,True
TA2501,TA,ok,17491,17491,True,0,True,True,True,True
fb2207,fb,ok,8116,8116,True,0,True,True,True,True
MA2404,MA,ok,17268,17268,True,0,True,True,True,True
ME1501,ME,ok,830,830,True,0,True,True,True,True
SA2306,SA,ok,17661,17661,True,0,True,True,True,True
au2403,au,ok,6446,6446,True,0,True,True,True,True
fu2602,fu,ok,12431,12431,True,0,True,True,True,True
TL2403,TL,ok,9512,9512,True,0,True,True,True,True
sn1805,sn,ok,23253,23253,True,0,True,True,True,True
jm2508,jm,ok,17417,17417,True,0,True,True,True,True
RS2509,RS,ok,11310,11310,True,0,True,True,True,True
IF1406,IF,ok,8250,8250,True,0,True,True,True,True
pb2401,pb,ok,23168,23168,True,0,True,True,True,True
OI1701,OI,ok,17637,17637,True,0,True,True,True,True
au2103,au,ok,6303,6303,True,0,True,True,True,True
c2409,c,ok,17455,17455,True,0,True,True,True,True
SA2208,SA,ok,17418,17418,True,0,True,True,True,True
CF2507,CF,ok,17487,17487,True,0,True,True,True,True
rb2001,rb,ok,17637,17637,True,0,True,True,True,True
FG1512,FG,ok,14050,14050,True,0,True,True,True,True
pb1401,pb,ok,12199,12199,True,0,True,True,True,True
cu1506,cu,ok,23471,23471,True,0,True,True,True,True
l2409,l,ok,17407,17407,True,0,True,True,True,True
i2501,i,ok,17491,17491,True,0,True,True,True,True
ad2512,ad,ok,9986,9986,True,0,True,True,True,True
sn2404,sn,ok,22986,22986,True,0,True,True,True,True
lu2212,lu,ok,17505,17505,True,0,True,True,True,True
bb2211,bb,ok,1613,1613,True,0,True,True,True,True
pg2101,pg,ok,14192,14192,True,0,True,True,True,True
l1906,l,ok,12269,12269,True,0,True,True,True,True
MA2002,MA,ok,16925,16925,True,0,True,True,True,True
eb2108,eb,ok,17336,17336,True,0,True,True,True,True
cu2009,cu,ok,20276,20276,True,0,True,True,True,True
SR1903,SR,ok,25914,25914,True,0,True,True,True,True
v1306,v,ok,5130,5130,True,0,True,True,True,True
CF1301,CF,ok,960,960,True,0,True,True,True,True
OI1711,OI,ok,17220,17220,True,0,True,True,True,True
ZC1807,ZC,ok,17531,17531,True,0,True,True,True,True
y2001,y,ok,17519,17519,True,0,True,True,True,True
IF1410,IF,ok,1950,1950,True,0,True,True,True,True
ME1204,ME,ok,2370,2370,True,0,True,True,True,True
p2305,p,ok,17564,17564,True,0,True,True,True,True
FG2212,FG,ok,17564,17564,True,0,True,True,True,True
sn2006,sn,ok,20179,20179,True,0,True,True,True,True
PF2209,PF,ok,17361,17361,True,0,True,True,True,True
wr1703,wr,ok,53,53,True,0,True,True,True,True
bb2308,bb,ok,93,93,True,0,True,True,True,True
zn2105,zn,ok,23276,23276,True,0,True,True,True,True
WS1107,WS,ok,789,789,True,0,True,True,True,True
lu2308,lu,ok,17430,17430,True,0,True,True,True,True
ps2510,ps,ok,9312,9312,True,0,True,True,True,True
ss2208,ss,ok,23009,23009,True,0,True,True,True,True
SR1701,SR,ok,26662,26662,True,0,True,True,True,True
cu1208,cu,ok,11567,11567,True,0,True,True,True,True
lh2201,lh,ok,12042,12042,True,0,True,True,True,True
fu1805,fu,ok,6266,6266,True,0,True,True,True,True
UR2210,UR,ok,11664,11664,True,0,True,True,True,True
ZC2201,ZC,ok,17532,17532,True,0,True,True,True,True
jd1803,jd,ok,12015,12015,True,0,True,True,True,True
nr2104,nr,ok,17231,17231,True,0,True,True,True,True
SR2011,SR,ok,15972,15972,True,0,True,True,True,True
OI1511,OI,ok,13378,13378,True,0,True,True,True,True
b2604,b,ok,8904,8904,True,0,True,True,True,True
IC1901,IC,ok,2150,2150,True,0,True,True,True,True
SH2602,SH,ok,11726,11726,True,0,True,True,True,True
bb2101,bb,ok,1845,1845,True,0,True,True,True,True
fb1501,fb,ok,11701,11701,True,0,True,True,True,True
j2001,j,ok,17637,17637,True,0,True,True,True,True
ss2301,ss,ok,23131,23131,True,0,True,True,True,True
m2311,m,ok,17515,17515,True,0,True,True,True,True
al2209,al,ok,22985,22985,True,0,True,True,True,True
IF1507,IF,ok,2200,2200,True,0,True,True,True,True
IH2405,IH,ok,2000,2000,True,0,True,True,True,True
TS1906,TS,ok,10363,10363,True,0,True,True,True,True
FG2305,FG,ok,17500,17500,True,0,True,True,True,True
AP2203,AP,ok,11650,11650,True,0,True,True,True,True
ag2007,ag,ok,23389,23389,True,0,True,True,True,True
au2404,au,ok,29661,29661,True,0,True,True,True,True
zn1309,zn,ok,11472,11472,True,0,True,True,True,True
PF2509,PF,ok,17348,17348,True,0,True,True,True,True
CF1507,CF,ok,11286,11286,True,0,True,True,True,True
rb2407,rb,ok,17379,17379,True,0,True,True,True,True
ec2404,ec,ok,8016,8016,True,0,True,True,True,True
TA1101,TA,ok,160,160,True,0,True,True,True,True
UR2503,UR,ok,11520,11520,True,0,True,True,True,True
MA1704,MA,ok,16793,16793,True,0,True,True,True,True
bu2510,bu,ok,17589,17589,True,0,True,True,True,True
al1706,al,ok,21720,21720,True,0,True,True,True,True
ru1806,ru,ok,17721,17721,True,0,True,True,True,True
pp1811,pp,ok,11304,11304,True,0,True,True,True,True
LR1509,LR,ok,6392,6392,True,0,True,True,True,True
MA2602,MA,ok,11726,11726,True,0,True,True,True,True
pp1911,pp,ok,14601,14601,True,0,True,True,True,True
SA2010,SA,ok,13625,13625,True,0,True,True,True,True
pb2102,pb,ok,20621,20621,True,0,True,True,True,True
rb1603,rb,ok,17289,17289,True,0,True,True,True,True
PM2203,PM,ok,8717,8717,True,0,True,True,True,True
i1701,i,ok,17608,17608,True,0,True,True,True,True
ag2401,ag,ok,27428,27428,True,0,True,True,True,True
ru1706,ru,ok,15836,15836,True,0,True,True,True,True
j1902,j,ok,16904,16904,True,0,True,True,True,True
ag2311,ag,ok,27453,27453,True,0,True,True,True,True
hc1803,hc,ok,17447,17447,True,0,True,True,True,True
PK2304,PK,ok,11612,11612,True,0,True,True,True,True
ZC2509,ZC,ok,4979,4979,True,0,True,True,True,True
FG1412,FG,ok,9130,9130,True,0,True,True,True,True
pp2310,pp,ok,17515,17515,True,0,True,True,True,True
al2208,al,ok,23034,23034,True,0,True,True,True,True
jd2208,jd,ok,11551,11551,True,0,True,True,True,True
pg2201,pg,ok,17491,17491,True,0,True,True,True,True
SM1512,SM,ok,4550,4550,True,0,True,True,True,True
sp2606,sp,ok,6034,6034,True,0,True,True,True,True
al1008,al,ok,7248,7248,True,0,True,True,True,True
cu2310,cu,ok,23180,23180,True,0,True,True,True,True
CY2507,CY,ok,17125,17125,True,0,True,True,True,True
eb2508,eb,ok,17248,17248,True,0,True,True,True,True
v1007,v,ok,3141,3141,True,0,True,True,True,True
p1606,p,ok,12715,12715,True,0,True,True,True,True
ni2410,ni,ok,23034,23034,True,0,True,True,True,True
p2506,p,ok,17126,17126,True,0,True,True,True,True
WS1301,WS,ok,953,953,True,0,True,True,True,True
rb1504,rb,ok,13221,13221,True,0,True,True,True,True
sc2405,sc,ok,27428,27428,True,0,True,True,True,True
SF2301,SF,ok,11616,11616,True,0,True,True,True,True
bz2604,bz,ok,4914,4914,True,0,True,True,True,True
ss2006,ss,ok,13462,13462,True,0,True,True,True,True
IF1107,IF,ok,1950,1950,True,0,True,True,True,True
wr2408,wr,ok,10342,10342,True,0,True,True,True,True
SH2606,SH,ok,6034,6034,True,0,True,True,True,True
y1103,y,ok,7612,7612,True,0,True,True,True,True
RM1709,RM,ok,17539,17539,True,0,True,True,True,True
JR1709,JR,ok,5127,5127,True,0,True,True,True,True
fu1508,fu,ok,8774,8774,True,0,True,True,True,True
bc2501,bc,ok,23035,23035,True,0,True,True,True,True
WS1105,WS,ok,182,182,True,0,True,True,True,True
sn2508,sn,ok,23131,23131,True,0,True,True,True,True
hc2112,hc,ok,17411,17411,True,0,True,True,True,True
SA2204,SA,ok,17564,17564,True,0,True,True,True,True
au2412,au,ok,29776,29776,True,0,True,True,True,True
SF1911,SF,ok,11197,11197,True,0,True,True,True,True
WH1809,WH,ok,11487,11487,True,0,True,True,True,True
ru1511,ru,ok,16814,16814,True,0,True,True,True,True
rr2009,rr,ok,15496,15496,True,0,True,True,True,True
fb2404,fb,ok,10777,10777,True,0,True,True,True,True
jd2301,jd,ok,11427,11427,True,0,True,True,True,True
OI2201,OI,ok,17564,17564,True,0,True,True,True,True
y1801,y,ok,17637,17637,True,0,True,True,True,True
ec2412,ec,ok,15840,15840,True,0,True,True,True,True
IH2402,IH,ok,1950,1950,True,0,True,True,True,True
y1007,y,ok,4048,4048,True,0,True,True,True,True
rb1107,rb,ok,11522,11522,True,0,True,True,True,True
l1211,l,ok,3643,3643,True,0,True,True,True,True
a1305,a,ok,17276,17276,True,0,True,True,True,True
au1403,au,ok,22319,22319,True,0,True,True,True,True
fb1703,fb,ok,461,461,True,0,True,True,True,True
v2201,v,ok,17564,17564,True,0,True,True,True,True
IC2402,IC,ok,1950,1950,True,0,True,True,True,True
TA1207,TA,ok,7292,7292,True,0,True,True,True,True
nr2507,nr,ok,17491,17491,True,0,True,True,True,True
IF1708,IF,ok,2250,2250,True,0,True,True,True,True
PM2209,PM,ok,7462,7462,True,0,True,True,True,True
p1504,p,ok,15170,15170,True,0,True,True,True,True
hc2303,hc,ok,17545,17545,True,0,True,True,True,True
UR2002,UR,ok,5660,5660,True,0,True,True,True,True
cs2207,cs,ok,17392,17392,True,0,True,True,True,True
PK2504,PK,ok,11555,11555,True,0,True,True,True,True
wr1011,wr,ok,9699,9699,True,0,True,True,True,True
hc1508,hc,ok,13629,13629,True,0,True,True,True,True
rb1612,rb,ok,17505,17505,True,0,True,True,True,True
PF2508,PF,ok,17404,17404,True,0,True,True,True,True
fu1207,fu,ok,11432,11432,True,0,True,True,True,True
CY2209,CY,ok,17399,17399,True,0,True,True,True,True
cu1502,cu,ok,23362,23362,True,0,True,True,True,True
pg2111,pg,ok,17306,17306,True,0,True,True,True,True
TA2012,TA,ok,15990,15990,True,0,True,True,True,True
ZC1611,ZC,ok,16588,16588,True,0,True,True,True,True
fu2210,fu,ok,17563,17563,True,0,True,True,True,True
l2111,l,ok,17491,17491,True,0,True,True,True,True
sc2102,sc,ok,24461,24461,True,0,True,True,True,True
jm2201,jm,ok,17551,17551,True,0,True,True,True,True
SM2408,SM,ok,11664,11664,True,0,True,True,True,True
ni2305,ni,ok,23228,23228,True,0,True,True,True,True
rr2207,rr,ok,16983,16983,True,0,True,True,True,True
y1607,y,ok,9874,9874,True,0,True,True,True,True
SM2402,SM,ok,11904,11904,True,0,True,True,True,True
ME1503,ME,ok,6125,6125,True,0,True,True,True,True
sc2007,sc,ok,23370,23370,True,0,True,True,True,True
fu2403,fu,ok,17589,17589,True,0,True,True,True,True
zn1611,zn,ok,21314,21314,True,0,True,True,True,True
ni2605,ni,ok,9990,9990,True,0,True,True,True,True
TA1312,TA,ok,8180,8180,True,0,True,True,True,True
CJ2009,CJ,ok,11503,11503,True,0,True,True,True,True
fu1208,fu,ok,11093,11093,True,0,True,True,True,True
al1007,al,ok,6192,6192,True,0,True,True,True,True
wr2407,wr,ok,11010,11010,True,0,True,True,True,True
b1810,b,ok,10158,10158,True,0,True,True,True,True
lc2509,lc,ok,11568,11568,True,0,True,True,True,True
fu2207,fu,ok,17338,17338,True,0,True,True,True,True
CY1909,CY,ok,15973,15973,True,0,True,True,True,True
a1007,a,ok,5476,5476,True,0,True,True,True,True
MA2604,MA,ok,8904,8904,True,0,True,True,True,True
m1905,m,ok,17710,17710,True,0,True,True,True,True
ao2405,ao,ok,20760,20760,True,0,True,True,True,True
sc2209,sc,ok,78250,78250,True,0,True,True,True,True
y1305,y,ok,11615,11615,True,0,True,True,True,True
v1104,v,ok,3222,3222,True,0,True,True,True,True
PK2510,PK,ok,11568,11568,True,0,True,True,True,True
MA1809,MA,ok,17668,17668,True,0,True,True,True,True
lu2305,lu,ok,17454,17454,True,0,True,True,True,True
SR1307,SR,ok,7996,7996,True,0,True,True,True,True
IH2509,IH,ok,8200,8200,True,0,True,True,True,True
WH1903,WH,ok,10870,10870,True,0,True,True,True,True
cu1211,cu,ok,11711,11711,True,0,True,True,True,True
cu2406,cu,ok,23034,23034,True,0,True,True,True,True
au1602,au,ok,24566,24566,True,0,True,True,True,True
fb2512,fb,ok,9663,9663,True,0,True,True,True,True
SA2410,SA,ok,17418,17418,True,0,True,True,True,True
lc2406,lc,ok,10451,10451,True,0,True,True,True,True
nr2304,nr,ok,17572,17572,True,0,True,True,True,True
l1401,l,ok,11397,11397,True,0,True,True,True,True
ZC2501,ZC,ok,8898,8898,True,0,True,True,True,True
sn1507,sn,ok,7140,7140,True,0,True,True,True,True
SF2305,SF,ok,11664,11664,True,0,True,True,True,True
IF2410,IF,ok,1900,1900,True,0,True,True,True,True
IF2405,IF,ok,2000,2000,True,0,True,True,True,True
TF2109,TF,ok,9724,9724,True,0,True,True,True,True
v1003,v,ok,2109,2109,True,0,True,True,True,True
sn2308,sn,ok,23227,23227,True,0,True,True,True,True
nr2306,nr,ok,17689,17689,True,0,True,True,True,True
RI1909,RI,ok,8860,8860,True,0,True,True,True,True
sn2401,sn,ok,23179,23179,True,0,True,True,True,True
pb2601,pb,ok,17215,17215,True,0,True,True,True,True
l1404,l,ok,11314,11314,True,0,True,True,True,True
CY1809,CY,ok,16779,16779,True,0,True,True,True,True
UR2011,UR,ok,11441,11441,True,0,True,True,True,True
IH1911,IH,ok,1750,1750,True,0,True,True,True,True
y2008,y,ok,15463,15463,True,0,True,True,True,True
cs1901,cs,ok,11580,11580,True,0,True,True,True,True
AP2404,AP,ok,11555,11555,True,0,True,True,True,True
ag1604,ag,ok,26178,26178,True,0,True,True,True,True
WH2007,WH,ok,7972,7972,True,0,True,True,True,True
c1711,c,ok,11380,11380,True,0,True,True,True,True
IH1901,IH,ok,2150,2150,True,0,True,True,True,True
IM2407,IM,ok,2200,2200,True,0,True,True,True,True
MA1901,MA,ok,17539,17539,True,0,True,True,True,True
cs1803,cs,ok,11276,11276,True,0,True,True,True,True
SF2511,SF,ok,10656,10656,True,0,True,True,True,True
rb1202,rb,ok,11462,11462,True,0,True,True,True,True
RI1905,RI,ok,5735,5735,True,0,True,True,True,True
SF1710,SF,ok,7168,7168,True,0,True,True,True,True
IF1901,IF,ok,2150,2150,True,0,True,True,True,True
y1407,y,ok,11493,11493,True,0,True,True,True,True
sn1702,sn,ok,4924,4924,True,0,True,True,True,True
IC1510,IC,ok,1650,1650,True,0,True,True,True,True
SF1810,SF,ok,8425,8425,True,0,True,True,True,True
IC2301,IC,ok,2200,2200,True,0,True,True,True,True
y2605,y,ok,7396,7396,True,0,True,True,True,True
sc2703,sc,ok,44688,44688,True,0,True,True,True,True
cu2102,cu,ok,20633,20633,True,0,True,True,True,True
IF1306,IF,ok,7950,7950,True,0,True,True,True,True
WH1603,WH,ok,11256,11256,True,0,True,True,True,True
ni1907,ni,ok,23131,23131,True,0,True,True,True,True
j2503,j,ok,16906,16906,True,0,True,True,True,True
rb1303,rb,ok,11577,11577,True,0,True,True,True,True
i1808,i,ok,17018,17018,True,0,True,True,True,True
sn2604,sn,ok,11784,11784,True,0,True,True,True,True
TS2412,TS,ok,9883,9883,True,0,True,True,True,True
al1407,al,ok,18168,18168,True,0,True,True,True,True
WT1211,WT,ok,5308,5308,True,0,True,True,True,True
wr1110,wr,ok,11008,11008,True,0,True,True,True,True
MA2603,MA,ok,10412,10412,True,0,True,True,True,True
ru1705,ru,ok,17490,17490,True,0,True,True,True,True
p2111,p,ok,17270,17270,True,0,True,True,True,True
MA2402,MA,ok,17908,17908,True,0,True,True,True,True
RO1205,RO,ok,339,339,True,0,True,True,True,True
si2410,si,ok,7612,7612,True,0,True,True,True,True
pp1408,pp,ok,5056,5056,True,0,True,True,True,True
jd2305,jd,ok,11641,11641,True,0,True,True,True,True
j1312,j,ok,10761,10761,True,0,True,True,True,True
bb2208,bb,ok,308,308,True,0,True,True,True,True
pb2007,pb,ok,20227,20227,True,0,True,True,True,True
v1108,v,ok,3779,3779,True,0,True,True,True,True
bu2310,bu,ok,17496,17496,True,0,True,True,True,True
l1912,l,ok,15840,15840,True,0,True,True,True,True
T1612,T,ok,9593,9593,True,0,True,True,True,True
v1812,v,ok,11028,11028,True,0,True,True,True,True
y1311,y,ok,10150,10150,True,0,True,True,True,True
jd1606,jd,ok,11313,11313,True,0,True,True,True,True
PM1307,PM,ok,7587,7587,True,0,True,True,True,True
p2204,p,ok,17564,17564,True,0,True,True,True,True
c1005,c,ok,3827,3827,True,0,True,True,True,True
al1009,al,ok,8304,8304,True,0,True,True,True,True
TA1610,TA,ok,17709,17709,True,0,True,True,True,True
IM2501,IM,ok,2200,2200,True,0,True,True,True,True
sn1510,sn,ok,12630,12630,True,0,True,True,True,True
IF1404,IF,ok,1950,1950,True,0,True,True,True,True
MA2201,MA,ok,17564,17564,True,0,True,True,True,True
IC2403,IC,ok,7850,7850,True,0,True,True,True,True
ni1711,ni,ok,22286,22286,True,0,True,True,True,True
zn1608,zn,ok,23069,23069,True,0,True,True,True,True
m1011,m,ok,9330,9330,True,0,True,True,True,True
FG1303,FG,ok,1325,1325,True,0,True,True,True,True
pp1902,pp,ok,11180,11180,True,0,True,True,True,True
OI1907,OI,ok,16950,16950,True,0,True,True,True,True
CF2111,CF,ok,17417,17417,True,0,True,True,True,True
fu1712,fu,ok,9203,9203,True,0,True,True,True,True
CY2606,CY,ok,6033,6033,True,0,True,True,True,True
fu1105,fu,ok,11430,11430,True,0,True,True,True,True
hc2506,hc,ok,17364,17364,True,0,True,True,True,True
jm2312,jm,ok,17475,17475,True,0,True,True,True,True
pb2302,pb,ok,23227,23227,True,0,True,True,True,True
LR2001,LR,ok,7837,7837,True,0,True,True,True,True
pp1601,pp,ok,11711,11711,True,0,True,True,True,True
AP2410,AP,ok,11568,11568,True,0,True,True,True,True
T2309,T,ok,9671,9671,True,0,True,True,True,True
T2203,T,ok,9565,9565,True,0,True,True,True,True
IC1609,IC,ok,8249,8249,True,0,True,True,True,True
T2603,T,ok,4452,4452,True,0,True,True,True,True
cu1906,cu,ok,23082,23082,True,0,True,True,True,True
ZC2410,ZC,ok,10345,10345,True,0,True,True,True,True
FG2506,FG,ok,17418,17418,True,0,True,True,True,True
fu2604,fu,ok,9609,9609,True,0,True,True,True,True
l1412,l,ok,10747,10747,True,0,True,True,True,True
p1508,p,ok,16421,16421,True,0,True,True,True,True
SH2505,SH,ok,17300,17300,True,0,True,True,True,True
bu1710,bu,ok,8792,8792,True,0,True,True,True,True
RM1511,RM,ok,15117,15117,True,0,True,True,True,True
ag1501,ag,ok,27561,27561,True,0,True,True,True,True
cu1905,cu,ok,23228,23228,True,0,True,True,True,True
fb2502,fb,ok,10726,10726,True,0,True,True,True,True
IM2408,IM,ok,2000,2000,True,0,True,True,True,True
RI1807,RI,ok,9162,9162,True,0,True,True,True,True
SR1301,SR,ok,2483,2483,True,0,True,True,True,True
jd2507,jd,ok,11414,11414,True,0,True,True,True,True
TA1412,TA,ok,9219,9219,True,0,True,True,True,True
bu2309,bu,ok,35039,35039,True,0,True,True,True,True
RS1707,RS,ok,10804,10804,True,0,True,True,True,True
ru1307,ru,ok,11472,11472,True,0,True,True,True,True
SR1711,SR,ok,26054,26054,True,0,True,True,True,True
wr2004,wr,ok,6449,6449,True,0,True,True,True,True
p1502,p,ok,13975,13975,True,0,True,True,True,True
p1904,p,ok,16794,16794,True,0,True,True,True,True
SF1808,SF,ok,7575,7575,True,0,True,True,True,True
LR2103,LR,ok,3088,3088,True,0,True,True,True,True
rb1802,rb,ok,17791,17791,True,0,True,True,True,True
m2512,m,ok,14596,14596,True,0,True,True,True,True
MA1912,MA,ok,16972,16972,True,0,True,True,True,True
pg2509,pg,ok,17435,17435,True,0,True,True,True,True
lu2204,lu,ok,17397,17397,True,0,True,True,True,True
au1706,au,ok,29483,29483,True,0,True,True,True,True
RI1405,RI,ok,2461,2461,True,0,True,True,True,True
l2010,l,ok,16136,16136,True,0,True,True,True,True
CY2411,CY,ok,16830,16830,True,0,True,True,True,True
SH2502,SH,ok,17049,17049,True,0,True,True,True,True
au2202,au,ok,29219,29219,True,0,True,True,True,True
cu1101,cu,ok,11600,11600,True,0,True,True,True,True
CJ2407,CJ,ok,11568,11568,True,0,True,True,True,True
FG2203,FG,ok,17519,17519,True,0,True,True,True,True
CJ2412,CJ,ok,11529,11529,True,0,True,True,True,True
IF2002,IF,ok,1900,1900,True,0,True,True,True,True
SF1610,SF,ok,4935,4935,True,0,True,True,True,True
rb2501,rb,ok,17491,17491,True,0,True,True,True,True
ag1212,ag,ok,7296,7296,True,0,True,True,True,True
y2103,y,ok,16264,16264,True,0,True,True,True,True
cu1402,cu,ok,13089,13089,True,0,True,True,True,True
ru1910,ru,ok,17497,17497,True,0,True,True,True,True
p2510,p,ok,17443,17443,True,0,True,True,True,True
SF1705,SF,ok,10857,10857,True,0,True,True,True,True
jm1509,jm,ok,15906,15906,True,0,True,True,True,True
RM1411,RM,ok,1760,1760,True,0,True,True,True,True
fu1404,fu,ok,8664,8664,True,0,True,True,True,True
IC2412,IC,ok,8200,8200,True,0,True,True,True,True
TA1509,TA,ok,12855,12855,True,0,True,True,True,True
CF1209,CF,ok,1072,1072,True,0,True,True,True,True
pb1607,pb,ok,19658,19658,True,0,True,True,True,True
jm2210,jm,ok,16817,16817,True,0,True,True,True,True
CF1401,CF,ok,1462,1462,True,0,True,True,True,True
zn1005,zn,ok,4272,4272,True,0,True,True,True,True
j2504,j,ok,16712,16712,True,0,True,True,True,True
al1505,al,ok,23410,23410,True,0,True,True,True,True
bc2212,bc,ok,22936,22936,True,0,True,True,True,True
SF1805,SF,ok,11631,11631,True,0,True,True,True,True
pp2006,pp,ok,15929,15929,True,0,True,True,True,True
br2506,br,ok,17405,17405,True,0,True,True,True,True
y2203,y,ok,17023,17023,True,0,True,True,True,True
cu2512,cu,ok,19203,19203,True,0,True,True,True,True
rb2112,rb,ok,17500,17500,True,0,True,True,True,True
ER1207,ER,ok,3003,3003,True,0,True,True,True,True
eg2003,eg,ok,15776,15776,True,0,True,True,True,True
fu1108,fu,ok,11203,11203,True,0,True,True,True,True
ZC2407,ZC,ok,10483,10483,True,0,True,True,True,True
sn2002,sn,ok,22402,22402,True,0,True,True,True,True
IC2007,IC,ok,2150,2150,True,0,True,True,True,True
al1506,al,ok,23458,23458,True,0,True,True,True,True
si2411,si,ok,7775,7775,True,0,True,True,True,True
cu1207,cu,ok,11487,11487,True,0,True,True,True,True
eb2406,eb,ok,17248,17248,True,0,True,True,True,True
CF2001,CF,ok,17637,17637,True,0,True,True,True,True
FG1609,FG,ok,17468,17468,True,0,True,True,True,True
jm1810,jm,ok,16822,16822,True,0,True,True,True,True
au1108,au,ok,11430,11430,True,0,True,True,True,True
i1812,i,ok,17311,17311,True,0,True,True,True,True
v1709,v,ok,11647,11647,True,0,True,True,True,True
p1806,p,ok,17118,17118,True,0,True,True,True,True
IH1906,IH,ok,8150,8150,True,0,True,True,True,True
ag2404,ag,ok,27198,27198,True,0,True,True,True,True
RI2301,RI,ok,4621,4621,True,0,True,True,True,True
ag2503,ag,ok,27246,27246,True,0,True,True,True,True
b1403,b,ok,9736,9736,True,0,True,True,True,True
v1411,v,ok,10484,10484,True,0,True,True,True,True
ZC2103,ZC,ok,16506,16506,True,0,True,True,True,True
SM2109,SM,ok,11711,11711,True,0,True,True,True,True
l1506,l,ok,11621,11621,True,0,True,True,True,True
m1411,m,ok,11347,11347,True,0,True,True,True,True
v1502,v,ok,10204,10204,True,0,True,True,True,True
l2204,l,ok,17551,17551,True,0,True,True,True,True
jm2507,jm,ok,17451,17451,True,0,True,True,True,True
bb2105,bb,ok,842,842,True,0,True,True,True,True
p1304,p,ok,5644,5644,True,0,True,True,True,True
i1712,i,ok,16979,16979,True,0,True,True,True,True
zn1711,zn,ok,23466,23466,True,0,True,True,True,True
SM1504,SM,ok,5534,5534,True,0,True,True,True,True
v2502,v,ok,17199,17199,True,0,True,True,True,True
SA2401,SA,ok,17516,17516,True,0,True,True,True,True
SM1809,SM,ok,11685,11685,True,0,True,True,True,True
cu1107,cu,ok,11648,11648,True,0,True,True,True,True
T2306,T,ok,9459,9459,True,0,True,True,True,True
j2409,j,ok,17484,17484,True,0,True,True,True,True
OI2509,OI,ok,17345,17345,True,0,True,True,True,True
p2406,p,ok,17402,17402,True,0,True,True,True,True
SA2206,SA,ok,17491,17491,True,0,True,True,True,True
wr1212,wr,ok,5075,5075,True,0,True,True,True,True
bb1510,bb,ok,6571,6571,True,0,True,True,True,True
rb2310,rb,ok,17516,17516,True,0,True,True,True,True
cs1905,cs,ok,12407,12407,True,0,True,True,True,True
wr2106,wr,ok,9580,9580,True,0,True,True,True,True
FG2006,FG,ok,15570,15570,True,0,True,True,True,True
jd2401,jd,ok,11878,11878,True,0,True,True,True,True
a1105,a,ok,15589,15589,True,0,True,True,True,True
ni1511,ni,ok,14788,14788,True,0,True,True,True,True
IH1607,IH,ok,1899,1899,True,0,True,True,True,True
fb1611,fb,ok,26,26,True,0,True,True,True,True
RM2101,RM,ok,15858,15858,True,0,True,True,True,True
ag1702,ag,ok,20812,20812,True,0,True,True,True,True
i1607,i,ok,13181,13181,True,0,True,True,True,True
hc1712,hc,ok,17577,17577,True,0,True,True,True,True
j1712,j,ok,17115,17115,True,0,True,True,True,True
ZC2111,ZC,ok,17403,17403,True,0,True,True,True,True
y1711,y,ok,16206,16206,True,0,True,True,True,True
l2312,l,ok,17505,17505,True,0,True,True,True,True
MA2010,MA,ok,15880,15880,True,0,True,True,True,True
cs1511,cs,ok,9769,9769,True,0,True,True,True,True
jm1906,jm,ok,16867,16867,True,0,True,True,True,True
SA2103,SA,ok,16625,16625,True,0,True,True,True,True
y1205,y,ok,11248,11248,True,0,True,True,True,True
al1504,al,ok,23313,23313,True,0,True,True,True,True
zn1603,zn,ok,23361,23361,True,0,True,True,True,True
rb1808,rb,ok,17591,17591,True,0,True,True,True,True
fb1807,fb,ok,1258,1258,True,0,True,True,True,True
rb1104,rb,ok,11424,11424,True,0,True,True,True,True
CY1901,CY,ok,15689,15689,True,0,True,True,True,True
sc2509,sc,ok,82149,82149,True,0,True,True,True,True
bu2508,bu,ok,17271,17271,True,0,True,True,True,True
wr2011,wr,ok,7199,7199,True,0,True,True,True,True
sn2505,sn,ok,23131,23131,True,0,True,True,True,True
ag1811,ag,ok,27441,27441,True,0,True,True,True,True
i2509,i,ok,17405,17405,True,0,True,True,True,True
IF1508,IF,ok,2200,2200,True,0,True,True,True,True
p2102,p,ok,16525,16525,True,0,True,True,True,True
jm2007,jm,ok,15552,15552,True,0,True,True,True,True
p1709,p,ok,17538,17538,True,0,True,True,True,True
sc2009,sc,ok,62927,62927,True,0,True,True,True,True
CY2408,CY,ok,17087,17087,True,0,True,True,True,True
v1307,v,ok,6157,6157,True,0,True,True,True,True
IH2201,IH,ok,2200,2200,True,0,True,True,True,True
ag2407,ag,ok,27313,27313,True,0,True,True,True,True
pb1205,pb,ok,11570,11570,True,0,True,True,True,True
FG1809,FG,ok,17480,17480,True,0,True,True,True,True
FG2104,FG,ok,17263,17263,True,0,True,True,True,True
cs2001,cs,ok,16358,16358,True,0,True,True,True,True
i1409,i,ok,10835,10835,True,0,True,True,True,True
ag1404,ag,ok,23769,23769,True,0,True,True,True,True
RI1901,RI,ok,5802,5802,True,0,True,True,True,True
j2106,j,ok,16981,16981,True,0,True,True,True,True
hc2206,hc,ok,17491,17491,True,0,True,True,True,True
bc2202,bc,ok,22965,22965,True,0,True,True,True,True
IC1505,IC,ok,1050,1050,True,0,True,True,True,True
zn1001,zn,ok,480,480,True,0,True,True,True,True
a2307,a,ok,17506,17506,True,0,True,True,True,True
v1308,v,ok,6578,6578,True,0,True,True,True,True
RS1308,RS,ok,5419,5419,True,0,True,True,True,True
pg2112,pg,ok,17462,17462,True,0,True,True,True,True
CF2209,CF,ok,17466,17466,True,0,True,True,True,True
p2504,p,ok,16763,16763,True,0,True,True,True,True
m2511,m,ok,16129,16129,True,0,True,True,True,True
ZC2108,ZC,ok,17330,17330,True,0,True,True,True,True
pb2306,pb,ok,23459,23459,True,0,True,True,True,True
PF2305,PF,ok,17534,17534,True,0,True,True,True,True
hc2210,hc,ok,17564,17564,True,0,True,True,True,True
SM2505,SM,ok,11616,11616,True,0,True,True,True,True
ER1205,ER,ok,237,237,True,0,True,True,True,True
CY2403,CY,ok,17243,17243,True,0,True,True,True,True
sc2002,sc,ok,26726,26726,True,0,True,True,True,True
wr2006,wr,ok,6905,6905,True,0,True,True,True,True
j1210,j,ok,924,924,True,0,True,True,True,True
y1703,y,ok,7044,7044,True,0,True,True,True,True
y1812,y,ok,16850,16850,True,0,True,True,True,True
a1701,a,ok,26483,26483,True,0,True,True,True,True
PF2107,PF,ok,13501,13501,True,0,True,True,True,True
j2011,j,ok,15333,15333,True,0,True,True,True,True
al1208,al,ok,11631,11631,True,0,True,True,True,True
lh2311,lh,ok,11337,11337,True,0,True,True,True,True
ao2410,ao,ok,23033,23033,True,0,True,True,True,True
fb1603,fb,ok,7440,7440,True,0,True,True,True,True
ag2206,ag,ok,27361,27361,True,0,True,True,True,True
pb2005,pb,ok,20336,20336,True,0,True,True,True,True
RI2107,RI,ok,4622,4622,True,0,True,True,True,True
au1401,au,ok,19850,19850,True,0,True,True,True,True
CF1703,CF,ok,17601,17601,True,0,True,True,True,True
bu1809,bu,ok,35319,35319,True,0,True,True,True,True
bc2404,bc,ok,22765,22765,True,0,True,True,True,True
l2003,l,ok,16067,16067,True,0,True,True,True,True
au2310,au,ok,29316,29316,True,0,True,True,True,True
v2411,v,ok,17491,17491,True,0,True,True,True,True
zn1904,zn,ok,23215,23215,True,0,True,True,True,True
rb1102,rb,ok,11379,11379,True,0,True,True,True,True
IF2503,IF,ok,8050,8050,True,0,True,True,True,True
pp2004,pp,ok,16213,16213,True,0,True,True,True,True
v2107,v,ok,17349,17349,True,0,True,True,True,True
l1008,l,ok,3912,3912,True,0,True,True,True,True
pp2111,pp,ok,17491,17491,True,0,True,True,True,True
sn2205,sn,ok,23033,23033,True,0,True,True,True,True
FG1708,FG,ok,17124,17124,True,0,True,True,True,True
al2105,al,ok,23277,23277,True,0,True,True,True,True
pg2309,pg,ok,16956,16956,True,0,True,True,True,True
jm2101,jm,ok,16022,16022,True,0,True,True,True,True
TA2010,TA,ok,16117,16117,True,0,True,True,True,True
UR2007,UR,ok,10472,10472,True,0,True,True,True,True
WS1205,WS,ok,357,357,True,0,True,True,True,True
TA1807,TA,ok,17661,17661,True,0,True,True,True,True
CY1905,CY,ok,17381,17381,True,0,True,True,True,True
pb1812,pb,ok,23301,23301,True,0,True,True,True,True
TF1703,TF,ok,9455,9455,True,0,True,True,True,True
hc1607,hc,ok,8758,8758,True,0,True,True,True,True
bu1411,bu,ok,4588,4588,True,0,True,True,True,True
hc2507,hc,ok,17459,17459,True,0,True,True,True,True
RM2409,RM,ok,17516,17516,True,0,True,True,True,True
cu1703,cu,ok,23042,23042,True,0,True,True,True,True
c1305,c,ok,11528,11528,True,0,True,True,True,True
IF2302,IF,ok,1950,1950,True,0,True,True,True,True
CY2211,CY,ok,16654,16654,True,0,True,True,True,True
b2302,b,ok,17205,17205,True,0,True,True,True,True
eb2011,eb,ok,15731,15731,True,0,True,True,True,True
jm2603,jm,ok,10412,10412,True,0,True,True,True,True
pb1802,pb,ok,23592,23592,True,0,True,True,True,True
TS1812,TS,ok,3763,3763,True,0,True,True,True,True
au1112,au,ok,11523,11523,True,0,True,True,True,True
PX2504,PX,ok,17064,17064,True,0,True,True,True,True
ss2101,ss,ok,20252,20252,True,0,True,True,True,True
ZC1910,ZC,ok,17113,17113,True,0,True,True,True,True
IF1503,IF,ok,8100,8100,True,0,True,True,True,True
rb1304,rb,ok,11564,11564,True,0,True,True,True,True
CF2307,CF,ok,17564,17564,True,0,True,True,True,True
TC1509,TC,ok,9493,9493,True,0,True,True,True,True
CY2204,CY,ok,16602,16602,True,0,True,True,True,True
MA2303,MA,ok,17550,17550,True,0,True,True,True,True
rb1208,rb,ok,11529,11529,True,0,True,True,True,True
SF1512,SF,ok,4556,4556,True,0,True,True,True,True
wr2606,wr,ok,3446,3446,True,0,True,True,True,True
c1311,c,ok,10559,10559,True,0,True,True,True,True
ag1806,ag,ok,27955,27955,True,0,True,True,True,True
eg1907,eg,ok,7882,7882,True,0,True,True,True,True
pp1912,pp,ok,15776,15776,True,0,True,True,True,True
zn1204,zn,ok,11520,11520,True,0,True,True,True,True
wr1711,wr,ok,586,586,True,0,True,True,True,True
ru1009,ru,ok,8304,8304,True,0,True,True,True,True
ao2409,ao,ok,23070,23070,True,0,True,True,True,True
y1805,y,ok,17662,17662,True,0,True,True,True,True
eg2501,eg,ok,17024,17024,True,0,True,True,True,True
cu1406,cu,ok,17091,17091,True,0,True,True,True,True
ao2603,ao,ok,13675,13675,True,0,True,True,True,True
MA2004,MA,ok,16235,16235,True,0,True,True,True,True
TA1306,TA,ok,6889,6889,True,0,True,True,True,True
jm1407,jm,ok,11183,11183,True,0,True,True,True,True
a1407,a,ok,16610,16610,True,0,True,True,True,True
TA2508,TA,ok,17490,17490,True,0,True,True,True,True
rb1910,rb,ok,17564,17564,True,0,True,True,True,True
bb2309,bb,ok,535,535,True,0,True,True,True,True
rb2509,rb,ok,17443,17443,True,0,True,True,True,True
CJ2007,CJ,ok,11664,11664,True,0,True,True,True,True
TA1208,TA,ok,7358,7358,True,0,True,True,True,True
LR1901,LR,ok,7321,7321,True,0,True,True,True,True
TC1504,TC,ok,3030,3030,True,0,True,True,True,True
j2308,j,ok,16833,16833,True,0,True,True,True,True
UR2206,UR,ok,11461,11461,True,0,True,True,True,True
p2505,p,ok,17491,17491,True,0,True,True,True,True
al1904,al,ok,23228,23228,True,0,True,True,True,True
l2309,l,ok,17589,17589,True,0,True,True,True,True
TA1411,TA,ok,9829,9829,True,0,True,True,True,True
b1910,b,ok,16288,16288,True,0,True,True,True,True
cs2005,cs,ok,16000,16000,True,0,True,True,True,True
jm2408,jm,ok,17212,17212,True,0,True,True,True,True
JR1811,JR,ok,4452,4452,True,0,True,True,True,True
l1408,l,ok,11132,11132,True,0,True,True,True,True
au1812,au,ok,29986,29986,True,0,True,True,True,True
au2506,au,ok,29709,29709,True,0,True,True,True,True
AP1805,AP,ok,4387,4387,True,0,True,True,True,True
IF1212,IF,ok,8350,8350,True,0,True,True,True,True
l1011,l,ok,8032,8032,True,0,True,True,True,True
hc2403,hc,ok,17576,17576,True,0,True,True,True,True
RM2207,RM,ok,17361,17361,True,0,True,True,True,True
MA2212,MA,ok,17564,17564,True,0,True,True,True,True
al2202,al,ok,23276,23276,True,0,True,True,True,True
ag1712,ag,ok,27773,27773,True,0,True,True,True,True
IH2505,IH,ok,1800,1800,True,0,True,True,True,True
SM1411,SM,ok,1929,1929,True,0,True,True,True,True
TA2105,TA,ok,17589,17589,True,0,True,True,True,True
y2209,y,ok,17402,17402,True,0,True,True,True,True
al1612,al,ok,21616,21616,True,0,True,True,True,True
rr2403,rr,ok,17000,17000,True,0,True,True,True,True
bc2312,bc,ok,22861,22861,True,0,True,True,True,True
eg2606,eg,ok,5523,5523,True,0,True,True,True,True
pb1902,pb,ok,23058,23058,True,0,True,True,True,True
IF2012,IF,ok,8200,8200,True,0,True,True,True,True
wr2303,wr,ok,10733,10733,True,0,True,True,True,True
a1503,a,ok,17939,17939,True,0,True,True,True,True
TA1302,TA,ok,7129,7129,True,0,True,True,True,True
hc2504,hc,ok,17465,17465,True,0,True,True,True,True
fb1610,fb,ok,23,23,True,0,True,True,True,True
sn2201,sn,ok,23228,23228,True,0,True,True,True,True
cu2201,cu,ok,23228,23228,True,0,True,True,True,True
eb2501,eb,ok,16931,16931,True,0,True,True,True,True
rb1701,rb,ok,17605,17605,True,0,True,True,True,True
jm2509,jm,ok,17418,17418,True,0,True,True,True,True
p1801,p,ok,17637,17637,True,0,True,True,True,True
bb2212,bb,ok,87,87,True,0,True,True,True,True
ag1409,ag,ok,27264,27264,True,0,True,True,True,True
sn2103,sn,ok,21661,21661,True,0,True,True,True,True
sp2009,sp,ok,16064,16064,True,0,True,True,True,True
OI2111,OI,ok,17491,17491,True,0,True,True,True,True
v1707,v,ok,6743,6743,True,0,True,True,True,True
l1108,l,ok,6088,6088,True,0,True,True,True,True
j1709,j,ok,17538,17538,True,0,True,True,True,True
ru1905,ru,ok,17564,17564,True,0,True,True,True,True
p2411,p,ok,17366,17366,True,0,True,True,True,True
SR2403,SR,ok,17589,17589,True,0,True,True,True,True
ZC1712,ZC,ok,17404,17404,True,0,True,True,True,True
bb2006,bb,ok,2455,2455,True,0,True,True,True,True
fb1904,fb,ok,3884,3884,True,0,True,True,True,True
SF2306,SF,ok,11712,11712,True,0,True,True,True,True
jm1403,jm,ok,10598,10598,True,0,True,True,True,True
rb2308,rb,ok,17563,17563,True,0,True,True,True,True
fu1512,fu,ok,10041,10041,True,0,True,True,True,True
RM2303,RM,ok,17468,17468,True,0,True,True,True,True
ni1803,ni,ok,23435,23435,True,0,True,True,True,True
i1605,i,ok,17394,17394,True,0,True,True,True,True
hc2309,hc,ok,17585,17585,True,0,True,True,True,True
l1504,l,ok,11514,11514,True,0,True,True,True,True
FG2112,FG,ok,17551,17551,True,0,True,True,True,True
pb1209,pb,ok,11685,11685,True,0,True,True,True,True
IH2506,IH,ok,8150,8150,True,0,True,True,True,True
b1611,b,ok,3318,3318,True,0,True,True,True,True
TA1605,TA,ok,17685,17685,True,0,True,True,True,True
zn1411,zn,ok,22184,22184,True,0,True,True,True,True
IC1911,IC,ok,1750,1750,True,0,True,True,True,True
al2409,al,ok,23131,23131,True,0,True,True,True,True
eb2207,eb,ok,17344,17344,True,0,True,True,True,True
IC1701,IC,ok,2199,2199,True,0,True,True,True,True
RS2108,RS,ok,10534,10534,True,0,True,True,True,True
b1207,b,ok,1778,1778,True,0,True,True,True,True
jd2311,jd,ok,11651,11651,True,0,True,True,True,True
SA2104,SA,ok,17313,17313,True,0,True,True,True,True
IH1809,IH,ok,8250,8250,True,0,True,True,True,True
j1711,j,ok,16631,16631,True,0,True,True,True,True
l2501,l,ok,17465,17465,True,0,True,True,True,True
al1308,al,ok,11520,11520,True,0,True,True,True,True
IM2509,IM,ok,8200,8200,True,0,True,True,True,True
RI1903,RI,ok,5348,5348,True,0,True,True,True,True
pb1304,pb,ok,11615,11615,True,0,True,True,True,True
ru1211,ru,ok,11698,11698,True,0,True,True,True,True
pb1111,pb,ok,7472,7472,True,0,True,True,True,True
IF1209,IF,ok,8200,8200,True,0,True,True,True,True
RI2011,RI,ok,4745,4745,True,0,True,True,True,True
bb1909,bb,ok,894,894,True,0,True,True,True,True
OI2505,OI,ok,17465,17465,True,0,True,True,True,True
ao2404,ao,ok,18928,18928,True,0,True,True,True,True
ZC1610,ZC,ok,17300,17300,True,0,True,True,True,True
al1002,al,ok,1296,1296,True,0,True,True,True,True
jm1911,jm,ok,16958,16958,True,0,True,True,True,True
si2505,si,ok,11616,11616,True,0,True,True,True,True
SF2412,SF,ok,11555,11555,True,0,True,True,True,True
fu1911,fu,ok,17359,17359,True,0,True,True,True,True
sc2406,sc,ok,82379,82379,True,0,True,True,True,True
jm1502,jm,ok,11200,11200,True,0,True,True,True,True
cu2209,cu,ok,22985,22985,True,0,True,True,True,True
fb1709,fb,ok,7713,7713,True,0,True,True,True,True
RI2001,RI,ok,4809,4809,True,0,True,True,True,True
SM2209,SM,ok,11616,11616,True,0,True,True,True,True
CF2601,CF,ok,13015,13015,True,0,True,True,True,True
sn1511,sn,ok,14412,14412,True,0,True,True,True,True
TA2106,TA,ok,17563,17563,True,0,True,True,True,True
bb2009,bb,ok,3896,3896,True,0,True,True,True,True
bu2112,bu,ok,33555,33555,True,0,True,True,True,True
SR1409,SR,ok,1692,1692,True,0,True,True,True,True
bc2308,bc,ok,22990,22990,True,0,True,True,True,True
nr2603,nr,ok,10339,10339,True,0,True,True,True,True
IC2112,IC,ok,8200,8200,True,0,True,True,True,True
cu1411,cu,ok,22197,22197,True,0,True,True,True,True
wr1309,wr,ok,6372,6372,True,0,True,True,True,True
l1005,l,ok,4160,4160,True,0,True,True,True,True
l1802,l,ok,11592,11592,True,0,True,True,True,True
au1612,au,ok,30005,30005,True,0,True,True,True,True
WS1207,WS,ok,1855,1855,True,0,True,True,True,True
fb2106,fb,ok,3627,3627,True,0,True,True,True,True
l2303,l,ok,17545,17545,True,0,True,True,True,True
bb1611,bb,ok,162,162,True,0,True,True,True,True
cu1804,cu,ok,23374,23374,True,0,True,True,True,True
eg2306,eg,ok,17474,17474,True,0,True,True,True,True
zn2004,zn,ok,20875,20875,True,0,True,True,True,True
bb1705,bb,ok,1616,1616,True,0,True,True,True,True
a2101,a,ok,16032,16032,True,0,True,True,True,True
PM1609,PM,ok,7269,7269,True,0,True,True,True,True
SM2504,SM,ok,11520,11520,True,0,True,True,True,True
rr2203,rr,ok,16994,16994,True,0,True,True,True,True
c1811,c,ok,11698,11698,True,0,True,True,True,True
SR2205,SR,ok,17418,17418,True,0,True,True,True,True
l1709,l,ok,11664,11664,True,0,True,True,True,True
SM2403,SM,ok,11664,11664,True,0,True,True,True,True
TA1603,TA,ok,17671,17671,True,0,True,True,True,True
IF1309,IF,ok,8050,8050,True,0,True,True,True,True
PK2605,PK,ok,4896,4896,True,0,True,True,True,True
b2304,b,ok,17134,17134,True,0,True,True,True,True
WH2307,WH,ok,4696,4696,True,0,True,True,True,True
ZC1802,ZC,ok,17444,17444,True,0,True,True,True,True
i1508,i,ok,15258,15258,True,0,True,True,True,True
fu1905,fu,ok,13964,13964,True,0,True,True,True,True
CY2309,CY,ok,17527,17527,True,0,True,True,True,True
ag1508,ag,ok,27675,27675,True,0,True,True,True,True
j2206,j,ok,17079,17079,True,0,True,True,True,True
zn1210,zn,ok,11615,11615,True,0,True,True,True,True
si2408,si,ok,7727,7727,True,0,True,True,True,True
l1210,l,ok,6418,6418,True,0,True,True,True,True
ru2509,ru,ok,17443,17443,True,0,True,True,True,True
b1607,b,ok,8589,8589,True,0,True,True,True,True
wr1101,wr,ok,10963,10963,True,0,True,True,True,True
eg2104,eg,ok,16470,16470,True,0,True,True,True,True
j1707,j,ok,10881,10881,True,0,True,True,True,True
WH1501,WH,ok,2842,2842,True,0,True,True,True,True
y2508,y,ok,17405,17405,True,0,True,True,True,True
y1603,y,ok,14714,14714,True,0,True,True,True,True
v1902,v,ok,10877,10877,True,0,True,True,True,True
i2511,i,ok,16129,16129,True,0,True,True,True,True
p1202,p,ok,3802,3802,True,0,True,True,True,True
TC1601,TC,ok,14193,14193,True,0,True,True,True,True
CF1711,CF,ok,17642,17642,True,0,True,True,True,True
rr2303,rr,ok,17183,17183,True,0,True,True,True,True
RI1309,RI,ok,3952,3952,True,0,True,True,True,True
AP2007,AP,ok,11624,11624,True,0,True,True,True,True
y1901,y,ok,17538,17538,True,0,True,True,True,True
j1609,j,ok,17577,17577,True,0,True,True,True,True
m1307,m,ok,11468,11468,True,0,True,True,True,True
FG1408,FG,ok,7728,7728,True,0,True,True,True,True
pb1110,pb,ok,6464,6464,True,0,True,True,True,True
bb1701,bb,ok,4149,4149,True,0,True,True,True,True
WS1303,WS,ok,8190,8190,True,0,True,True,True,True
au2309,au,ok,7261,7261,True,0,True,True,True,True
lh2507,lh,ok,11363,11363,True,0,True,True,True,True
TA1709,TA,ok,17538,17538,True,0,True,True,True,True
cu1807,cu,ok,23374,23374,True,0,True,True,True,True
rr2011,rr,ok,15549,15549,True,0,True,True,True,True
PM2511,PM,ok,4219,4219,True,0,True,True,True,True
au2204,au,ok,29764,29764,True,0,True,True,True,True
AP2110,AP,ok,11616,11616,True,0,True,True,True,True
ao2605,ao,ok,9990,9990,True,0,True,True,True,True
SA2312,SA,ok,17573,17573,True,0,True,True,True,True
UR2310,UR,ok,11616,11616,True,0,True,True,True,True
WT1109,WT,ok,518,518,True,0,True,True,True,True
RI2003,RI,ok,4666,4666,True,0,True,True,True,True
PF2510,PF,ok,17430,17430,True,0,True,True,True,True
CF2207,CF,ok,17490,17490,True,0,True,True,True,True
rb1212,rb,ok,11442,11442,True,0,True,True,True,True
bc2506,bc,ok,22745,22745,True,0,True,True,True,True
OI1707,OI,ok,17011,17011,True,0,True,True,True,True
ec2504,ec,ok,11568,11568,True,0,True,True,True,True
UR2204,UR,ok,11573,11573,True,0,True,True,True,True
IF2512,IF,ok,6000,6000,True,0,True,True,True,True
jd1701,jd,ok,11667,11667,True,0,True,True,True,True
sc2105,sc,ok,27494,27494,True,0,True,True,True,True
FG1502,FG,ok,9993,9993,True,0,True,True,True,True
WH2409,WH,ok,4580,4580,True,0,True,True,True,True
PF2207,PF,ok,17298,17298,True,0,True,True,True,True
ag2309,ag,ok,27658,27658,True,0,True,True,True,True
c1501,c,ok,11657,11657,True,0,True,True,True,True
a1411,a,ok,17151,17151,True,0,True,True,True,True
TA2004,TA,ok,16354,16354,True,0,True,True,True,True
al2308,al,ok,23228,23228,True,0,True,True,True,True
JR2109,JR,ok,8262,8262,True,0,True,True,True,True
al1012,al,ok,11024,11024,True,0,True,True,True,True
al1701,al,ok,21638,21638,True,0,True,True,True,True
bb1605,bb,ok,4147,4147,True,0,True,True,True,True
IH2309,IH,ok,7950,7950,True,0,True,True,True,True
hc2002,hc,ok,17230,17230,True,0,True,True,True,True
ru1711,ru,ok,17675,17675,True,0,True,True,True,True
rb1911,rb,ok,17525,17525,True,0,True,True,True,True
hc1910,hc,ok,17564,17564,True,0,True,True,True,True
SM2302,SM,ok,11472,11472,True,0,True,True,True,True
m2101,m,ok,16051,16051,True,0,True,True,True,True
JR1609,JR,ok,5626,5626,True,0,True,True,True,True
c2505,c,ok,17433,17433,True,0,True,True,True,True
ag1908,ag,ok,27343,27343,True,0,True,True,True,True
MA2307,MA,ok,17564,17564,True,0,True,True,True,True
TA1511,TA,ok,16221,16221,True,0,True,True,True,True
FG2512,FG,ok,14596,14596,True,0,True,True,True,True
sn2601,sn,ok,17215,17215,True,0,True,True,True,True
pb1803,pb,ok,23419,23419,True,0,True,True,True,True
T1509,T,ok,6226,6226,True,0,True,True,True,True
j2212,j,ok,16978,16978,True,0,True,True,True,True
ps2602,ps,ok,7776,7776,True,0,True,True,True,True
a2407,a,ok,17443,17443,True,0,True,True,True,True
p1106,p,ok,4441,4441,True,0,True,True,True,True
ad2511,ad,ok,9986,9986,True,0,True,True,True,True
ni1708,ni,ok,17964,17964,True,0,True,True,True,True
TC1507,TC,ok,4031,4031,True,0,True,True,True,True
j1812,j,ok,17093,17093,True,0,True,True,True,True
c1907,c,ok,13278,13278,True,0,True,True,True,True
MA2012,MA,ok,15964,15964,True,0,True,True,True,True
IH2007,IH,ok,2150,2150,True,0,True,True,True,True
rr2111,rr,ok,16842,16842,True,0,True,True,True,True
sc1810,sc,ok,13872,13872,True,0,True,True,True,True
PX2606,PX,ok,6034,6034,True,0,True,True,True,True
sn2408,sn,ok,23264,23264,True,0,True,True,True,True
cu1708,cu,ok,22561,22561,True,0,True,True,True,True
IH2308,IH,ok,2150,2150,True,0,True,True,True,True
LR2401,LR,ok,4577,4577,True,0,True,True,True,True
IF1506,IF,ok,8300,8300,True,0,True,True,True,True
IM2403,IM,ok,7850,7850,True,0,True,True,True,True
fu2206,fu,ok,17408,17408,True,0,True,True,True,True
RM1801,RM,ok,17605,17605,True,0,True,True,True,True
pg2209,pg,ok,16844,16844,True,0,True,True,True,True
JR2603,JR,ok,2718,2718,True,0,True,True,True,True
TA2602,TA,ok,11726,11726,True,0,True,True,True,True
j2309,j,ok,17455,17455,True,0,True,True,True,True
ag1502,ag,ok,27627,27627,True,0,True,True,True,True
PM2107,PM,ok,9892,9892,True,0,True,True,True,True
sn1705,sn,ok,17686,17686,True,0,True,True,True,True
v1401,v,ok,11323,11323,True,0,True,True,True,True
sn2001,sn,ok,23313,23313,True,0,True,True,True,True
jm1805,jm,ok,17524,17524,True,0,True,True,True,True
wr1811,wr,ok,3120,3120,True,0,True,True,True,True
WH2101,WH,ok,10994,10994,True,0,True,True,True,True
sc2306,sc,ok,82495,82495,True,0,True,True,True,True
p2112,p,ok,17343,17343,True,0,True,True,True,True
ag1710,ag,ok,26925,26925,True,0,True,True,True,True
PX2601,PX,ok,13015,13015,True,0,True,True,True,True
p1001,p,ok,200,200,True,0,True,True,True,True
IF1203,IF,ok,8100,8100,True,0,True,True,True,True
FG1801,FG,ok,17515,17515,True,0,True,True,True,True
FG1312,FG,ok,4378,4378,True,0,True,True,True,True
TC1511,TC,ok,2949,2949,True,0,True,True,True,True
T1712,T,ok,9568,9568,True,0,True,True,True,True
rb1411,rb,ok,11651,11651,True,0,True,True,True,True
c1409,c,ok,11319,11319,True,0,True,True,True,True
ao2402,ao,ok,15372,15372,True,0,True,True,True,True
b1609,b,ok,6931,6931,True,0,True,True,True,True
v1702,v,ok,2472,2472,True,0,True,True,True,True
WH1511,WH,ok,11009,11009,True,0,True,True,True,True
cs2303,cs,ok,17357,17357,True,0,True,True,True,True
CF1501,CF,ok,984,984,True,0,True,True,True,True
lh2403,lh,ok,11449,11449,True,0,True,True,True,True
FG2508,FG,ok,17491,17491,True,0,True,True,True,True
PM1801,PM,ok,10326,10326,True,0,True,True,True,True
TA2109,TA,ok,17662,17662,True,0,True,True,True,True
ao2606,ao,ok,8002,8002,True,0,True,True,True,True
sc1910,sc,ok,27225,27225,True,0,True,True,True,True
WH2305,WH,ok,5790,5790,True,0,True,True,True,True
bu2502,bu,ok,17344,17344,True,0,True,True,True,True
SF1511,SF,ok,5066,5066,True,0,True,True,True,True
nr2205,nr,ok,17353,17353,True,0,True,True,True,True
OI1811,OI,ok,17130,17130,True,0,True,True,True,True
pp2502,pp,ok,17199,17199,True,0,True,True,True,True
al1108,al,ok,11568,11568,True,0,True,True,True,True
hc1801,hc,ok,17662,17662,True,0,True,True,True,True
TA1808,TA,ok,17686,17686,True,0,True,True,True,True
WH1507,WH,ok,10860,10860,True,0,True,True,True,True
TA2502,TA,ok,17199,17199,True,0,True,True,True,True
ni1705,ni,ok,23127,23127,True,0,True,True,True,True
IF2102,IF,ok,1950,1950,True,0,True,True,True,True
l2503,l,ok,17370,17370,True,0,True,True,True,True
MA1910,MA,ok,17402,17402,True,0,True,True,True,True
FG2605,FG,ok,7396,7396,True,0,True,True,True,True
a2411,a,ok,17389,17389,True,0,True,True,True,True
sc2609,sc,ok,57942,57942,True,0,True,True,True,True
IC1610,IC,ok,1899,1899,True,0,True,True,True,True
sn1908,sn,ok,23016,23016,True,0,True,True,True,True
wr1902,wr,ok,4839,4839,True,0,True,True,True,True
ag1511,ag,ok,27379,27379,True,0,True,True,True,True
al1610,al,ok,22959,22959,True,0,True,True,True,True
IF1103,IF,ok,8050,8050,True,0,True,True,True,True
eb2503,eb,ok,17112,17112,True,0,True,True,True,True
al1004,al,ok,3264,3264,True,0,True,True,True,True
ru2006,ru,ok,16032,16032,True,0,True,True,True,True
CF2105,CF,ok,17589,17589,True,0,True,True,True,True
CF1409,CF,ok,2551,2551,True,0,True,True,True,True
ni1710,ni,ok,21481,21481,True,0,True,True,True,True
LR1507,LR,ok,7317,7317,True,0,True,True,True,True
wr2101,wr,ok,8348,8348,True,0,True,True,True,True
FG2002,FG,ok,16452,16452,True,0,True,True,True,True
bb1412,bb,ok,11493,11493,True,0,True,True,True,True
b2602,b,ok,11726,11726,True,0,True,True,True,True
pb1407,pb,ok,17974,17974,True,0,True,True,True,True
i1807,i,ok,17504,17504,True,0,True,True,True,True
fu2503,fu,ok,17418,17418,True,0,True,True,True,True
JR1611,JR,ok,4898,4898,True,0,True,True,True,True
jd2312,jd,ok,11564,11564,True,0,True,True,True,True
bb1607,bb,ok,123,123,True,0,True,True,True,True
FG2510,FG,ok,17443,17443,True,0,True,True,True,True
ni2510,ni,ok,23277,23277,True,0,True,True,True,True
RI1705,RI,ok,7694,7694,True,0,True,True,True,True
cu2401,cu,ok,23180,23180,True,0,True,True,True,True
al1601,al,ok,23311,23311,True,0,True,True,True,True
TC1508,TC,ok,3880,3880,True,0,True,True,True,True
FG1409,FG,ok,816,816,True,0,True,True,True,True
m1512,m,ok,16826,16826,True,0,True,True,True,True
m2412,m,ok,17418,17418,True,0,True,True,True,True
v1906,v,ok,12061,12061,True,0,True,True,True,True
m1407,m,ok,11680,11680,True,0,True,True,True,True
pp1406,pp,ok,3005,3005,True,0,True,True,True,True
CF1811,CF,ok,17636,17636,True,0,True,True,True,True
ni2303,ni,ok,23228,23228,True,0,True,True,True,True
PX2602,PX,ok,11726,11726,True,0,True,True,True,True
sn2105,sn,ok,23277,23277,True,0,True,True,True,True
b1906,b,ok,15414,15414,True,0,True,True,True,True
IF1903,IF,ok,7850,7850,True,0,True,True,True,True
al1010,al,ok,8976,8976,True,0,True,True,True,True
m1312,m,ok,11216,11216,True,0,True,True,True,True
FG2001,FG,ok,17381,17381,True,0,True,True,True,True
bc2405,bc,ok,23026,23026,True,0,True,True,True,True
bb1907,bb,ok,688,688,True,0,True,True,True,True
FG2501,FG,ok,17386,17386,True,0,True,True,True,True
rb1905,rb,ok,17564,17564,True,0,True,True,True,True
IH2202,IH,ok,1950,1950,True,0,True,True,True,True
CY2208,CY,ok,16257,16257,True,0,True,True,True,True
ru2304,ru,ok,17637,17637,True,0,True,True,True,True
pp2410,pp,ok,17418,17418,True,0,True,True,True,True
al2206,al,ok,23131,23131,True,0,True,True,True,True
wr1209,wr,ok,7426,7426,True,0,True,True,True,True
i1902,i,ok,17282,17282,True,0,True,True,True,True
ru2303,ru,ok,17564,17564,True,0,True,True,True,True
TC1409,TC,ok,181,181,True,0,True,True,True,True
p1809,p,ok,17735,17735,True,0,True,True,True,True
AP1810,AP,ok,9520,9520,True,0,True,True,True,True
pb1206,pb,ok,11679,11679,True,0,True,True,True,True
al1101,al,ok,11600,11600,True,0,True,True,True,True
jm1508,jm,ok,13285,13285,True,0,True,True,True,True
ru2503,ru,ok,17325,17325,True,0,True,True,True,True
rr2107,rr,ok,17111,17111,True,0,True,True,True,True
FG2502,FG,ok,17199,17199,True,0,True,True,True,True
fb2105,fb,ok,5707,5707,True,0,True,True,True,True
WH2311,WH,ok,4696,4696,True,0,True,True,True,True
ru1303,ru,ok,11615,11615,True,0,True,True,True,True
fb1711,fb,ok,58,58,True,0,True,True,True,True
j1308,j,ok,7159,7159,True,0,True,True,True,True
FG1908,FG,ok,16837,16837,True,0,True,True,True,True
al1109,al,ok,11488,11488,True,0,True,True,True,True
MA2106,MA,ok,17203,17203,True,0,True,True,True,True
bc2206,bc,ok,22888,22888,True,0,True,True,True,True
pg2410,pg,ok,17288,17288,True,0,True,True,True,True
rb2412,rb,ok,17399,17399,True,0,True,True,True,True
jm2207,jm,ok,16748,16748,True,0,True,True,True,True
fb1506,fb,ok,8342,8342,True,0,True,True,True,True
SF2509,SF,ok,11567,11567,True,0,True,True,True,True
cu1302,cu,ok,11711,11711,True,0,True,True,True,True
c2003,c,ok,16457,16457,True,0,True,True,True,True
RI2501,RI,ok,5025,5025,True,0,True,True,True,True
WT1205,WT,ok,713,713,True,0,True,True,True,True
v1201,v,ok,10324,10324,True,0,True,True,True,True
pb1708,pb,ok,20016,20016,True,0,True,True,True,True
RS2507,RS,ok,11486,11486,True,0,True,True,True,True
IC2201,IC,ok,2200,2200,True,0,True,True,True,True
pp1708,pp,ok,8705,8705,True,0,True,True,True,True
i2510,i,ok,17443,17443,True,0,True,True,True,True
pb2202,pb,ok,23276,23276,True,0,True,True,True,True
SR1109,SR,ok,458,458,True,0,True,True,True,True
v1404,v,ok,10724,10724,True,0,True,True,True,True
ME1406,ME,ok,5211,5211,True,0,True,True,True,True
TA2006,TA,ok,15584,15584,True,0,True,True,True,True
IC1607,IC,ok,1899,1899,True,0,True,True,True,True
sn2510,sn,ok,23277,23277,True,0,True,True,True,True
ME1207,ME,ok,2527,2527,True,0,True,True,True,True
zn1207,zn,ok,11503,11503,True,0,True,True,True,True
pg2503,pg,ok,17231,17231,True,0,True,True,True,True
p1009,p,ok,7744,7744,True,0,True,True,True,True
lh2409,lh,ok,11555,11555,True,0,True,True,True,True
IC2407,IC,ok,2200,2200,True,0,True,True,True,True
rb2301,rb,ok,17491,17491,True,0,True,True,True,True
bb2605,bb,ok,504,504,True,0,True,True,True,True
fb1408,fb,ok,8009,8009,True,0,True,True,True,True
PM1403,PM,ok,8900,8900,True,0,True,True,True,True
wr1607,wr,ok,183,183,True,0,True,True,True,True
jd1905,jd,ok,11525,11525,True,0,True,True,True,True
cu2502,cu,ok,22937,22937,True,0,True,True,True,True
AP2505,AP,ok,11616,11616,True,0,True,True,True,True
v2004,v,ok,16024,16024,True,0,True,True,True,True
ni2107,ni,ok,23362,23362,True,0,True,True,True,True
hc2108,hc,ok,17559,17559,True,0,True,True,True,True
SR2501,SR,ok,17491,17491,True,0,True,True,True,True
rb2408,rb,ok,17576,17576,True,0,True,True,True,True
v1111,v,ok,2170,2170,True,0,True,True,True,True
p2108,p,ok,16900,16900,True,0,True,True,True,True
bu1909,bu,ok,35067,35067,True,0,True,True,True,True
RM2208,RM,ok,17303,17303,True,0,True,True,True,True
v2010,v,ok,16104,16104,True,0,True,True,True,True
zn2307,zn,ok,23228,23228,True,0,True,True,True,True
ni1806,ni,ok,23437,23437,True,0,True,True,True,True
ss2207,ss,ok,23095,23095,True,0,True,True,True,True
eb2211,eb,ok,17551,17551,True,0,True,True,True,True
SF2207,SF,ok,11615,11615,True,0,True,True,True,True
ni2403,ni,ok,23276,23276,True,0,True,True,True,True
SA2011,SA,ok,14690,14690,True,0,True,True,True,True
hc2501,hc,ok,17491,17491,True,0,True,True,True,True
jm1402,jm,ok,9901,9901,True,0,True,True,True,True
ni2104,ni,ok,22738,22738,True,0,True,True,True,True
FG1505,FG,ok,4396,4396,True,0,True,True,True,True
au1507,au,ok,6795,6795,True,0,True,True,True,True
lh2401,lh,ok,11152,11152,True,0,True,True,True,True
eg2209,eg,ok,17516,17516,True,0,True,True,True,True
jm2510,jm,ok,17442,17442,True,0,True,True,True,True
au1201,au,ok,11338,11338,True,0,True,True,True,True
jd2010,jd,ok,11616,11616,True,0,True,True,True,True
IF2011,IF,ok,1950,1950,True,0,True,True,True,True
m1412,m,ok,11693,11693,True,0,True,True,True,True
nr2003,nr,ok,9532,9532,True,0,True,True,True,True
jd2308,jd,ok,11619,11619,True,0,True,True,True,True
sc2404,sc,ok,27312,27312,True,0,True,True,True,True
p2301,p,ok,17491,17491,True,0,True,True,True,True
SF2112,SF,ok,11663,11663,True,0,True,True,True,True
a1301,a,ok,17458,17458,True,0,True,True,True,True
CF2407,CF,ok,17442,17442,True,0,True,True,True,True
SR2105,SR,ok,17589,17589,True,0,True,True,True,True
bu1403,bu,ok,5152,5152,True,0,True,True,True,True
au1006,au,ok,5174,5174,True,0,True,True,True,True
TS2312,TS,ok,9671,9671,True,0,True,True,True,True
bu2605,bu,ok,7542,7542,True,0,True,True,True,True
eb2411,eb,ok,17217,17217,True,0,True,True,True,True
IH2106,IH,ok,8200,8200,True,0,True,True,True,True
LR1703,LR,ok,4616,4616,True,0,True,True,True,True
bu2404,bu,ok,17337,17337,True,0,True,True,True,True
cs2401,cs,ok,17407,17407,True,0,True,True,True,True
b2006,b,ok,15589,15589,True,0,True,True,True,True
si2604,si,ok,5904,5904,True,0,True,True,True,True
m1212,m,ok,10126,10126,True,0,True,True,True,True
fb2309,fb,ok,11490,11490,True,0,True,True,True,True
lu2407,lu,ok,17442,17442,True,0,True,True,True,True
zn1911,zn,ok,23216,23216,True,0,True,True,True,True
ni2112,ni,ok,23215,23215,True,0,True,True,True,True
j1410,j,ok,12542,12542,True,0,True,True,True,True
l1007,l,ok,4959,4959,True,0,True,True,True,True
lu2303,lu,ok,17512,17512,True,0,True,True,True,True
eg2208,eg,ok,17490,17490,True,0,True,True,True,True
wr2503,wr,ok,10491,10491,True,0,True,True,True,True
IF1712,IF,ok,8100,8100,True,0,True,True,True,True
bu1812,bu,ok,35358,35358,True,0,True,True,True,True
zn2410,zn,ok,23034,23034,True,0,True,True,True,True
TA2404,TA,ok,17443,17443,True,0,True,True,True,True
cs2403,cs,ok,17276,17276,True,0,True,True,True,True
IF1405,IF,ok,1850,1850,True,0,True,True,True,True
fu1407,fu,ok,5223,5223,True,0,True,True,True,True
cu1307,cu,ok,11472,11472,True,0,True,True,True,True
l1908,l,ok,13776,13776,True,0,True,True,True,True
rb1210,rb,ok,11589,11589,True,0,True,True,True,True
CY2301,CY,ok,17439,17439,True,0,True,True,True,True
TA1712,TA,ok,17709,17709,True,0,True,True,True,True
sc2108,sc,ok,27512,27512,True,0,True,True,True,True
IF1305,IF,ok,2000,2000,True,0,True,True,True,True
lh2601,lh,ok,8400,8400,True,0,True,True,True,True
JR2101,JR,ok,9706,9706,True,0,True,True,True,True
cu1111,cu,ok,11549,11549,True,0,True,True,True,True
al2102,al,ok,20633,20633,True,0,True,True,True,True
sc2011,sc,ok,23328,23328,True,0,True,True,True,True
RM1607,RM,ok,17484,17484,True,0,True,True,True,True
ZC2310,ZC,ok,7931,7931,True,0,True,True,True,True
jd2008,jd,ok,11475,11475,True,0,True,True,True,True
cu1106,cu,ok,11536,11536,True,0,True,True,True,True
SF1609,SF,ok,10056,10056,True,0,True,True,True,True
TA1505,TA,ok,7260,7260,True,0,True,True,True,True
pb1305,pb,ok,11583,11583,True,0,True,True,True,True
TA1902,TA,ok,17096,17096,True,0,True,True,True,True
au2109,au,ok,7416,7416,True,0,True,True,True,True
p1402,p,ok,10836,10836,True,0,True,True,True,True
fu2408,fu,ok,17442,17442,True,0,True,True,True,True
au1206,au,ok,11500,11500,True,0,True,True,True,True
au2510,au,ok,29086,29086,True,0,True,True,True,True
zn1308,zn,ok,11520,11520,True,0,True,True,True,True
cu2203,cu,ok,23228,23228,True,0,True,True,True,True
rb1409,rb,ok,11539,11539,True,0,True,True,True,True
ru1005,ru,ok,4272,4272,True,0,True,True,True,True
bu2409,bu,ok,35127,35127,True,0,True,True,True,True
PM2501,PM,ok,4590,4590,True,0,True,True,True,True
l2506,l,ok,17332,17332,True,0,True,True,True,True
JR2007,JR,ok,7904,7904,True,0,True,True,True,True
cu2410,cu,ok,23034,23034,True,0,True,True,True,True
AP2204,AP,ok,11638,11638,True,0,True,True,True,True
fb1412,fb,ok,11198,11198,True,0,True,True,True,True
IM2410,IM,ok,1900,1900,True,0,True,True,True,True
fb1704,fb,ok,86,86,True,0,True,True,True,True
RM2509,RM,ok,17418,17418,True,0,True,True,True,True
pb1901,pb,ok,23203,23203,True,0,True,True,True,True
p1109,p,ok,11298,11298,True,0,True,True,True,True
j1306,j,ok,7439,7439,True,0,True,True,True,True
i2601,i,ok,13015,13015,True,0,True,True,True,True
pb1307,pb,ok,11472,11472,True,0,True,True,True,True
au1710,au,ok,25920,25920,True,0,True,True,True,True
pg2402,pg,ok,17382,17382,True,0,True,True,True,True
wr1512,wr,ok,4512,4512,True,0,True,True,True,True
j1602,j,ok,15945,15945,True,0,True,True,True,True
cu1007,cu,ok,6192,6192,True,0,True,True,True,True
ZC1907,ZC,ok,17443,17443,True,0,True,True,True,True
SA2006,SA,ok,7163,7163,True,0,True,True,True,True
j2305,j,ok,17167,17167,True,0,True,True,True,True
IF1409,IF,ok,8250,8250,True,0,True,True,True,True
IH1702,IH,ok,1950,1950,True,0,True,True,True,True
ao2508,ao,ok,23095,23095,True,0,True,True,True,True
SF1906,SF,ok,10608,10608,True,0,True,True,True,True
IF2209,IF,ok,7900,7900,True,0,True,True,True,True
TA1109,TA,ok,672,672,True,0,True,True,True,True
bu2206,bu,ok,34982,34982,True,0,True,True,True,True
i1906,i,ok,17299,17299,True,0,True,True,True,True
JR1911,JR,ok,5033,5033,True,0,True,True,True,True
wr1211,wr,ok,9167,9167,True,0,True,True,True,True
b2411,b,ok,17256,17256,True,0,True,True,True,True
RM2508,RM,ok,17466,17466,True,0,True,True,True,True
y1303,y,ok,8327,8327,True,0,True,True,True,True
v1408,v,ok,11153,11153,True,0,True,True,True,True
TA1206,TA,ok,6223,6223,True,0,True,True,True,True
CF2301,CF,ok,17491,17491,True,0,True,True,True,True
ru2105,ru,ok,17589,17589,True,0,True,True,True,True
p1903,p,ok,16761,16761,True,0,True,True,True,True
CF1407,CF,ok,8361,8361,True,0,True,True,True,True
m2205,m,ok,17297,17297,True,0,True,True,True,True
j2009,j,ok,15978,15978,True,0,True,True,True,True
l1812,l,ok,11183,11183,True,0,True,True,True,True
cu2110,cu,ok,23228,23228,True,0,True,True,True,True
au2507,au,ok,6881,6881,True,0,True,True,True,True
ZC2603,ZC,ok,2813,2813,True,0,True,True,True,True
rb2401,rb,ok,17516,17516,True,0,True,True,True,True
b1902,b,ok,13918,13918,True,0,True,True,True,True
nr2112,nr,ok,17515,17515,True,0,True,True,True,True
pg2208,pg,ok,16235,16235,True,0,True,True,True,True
eb2409,eb,ok,17244,17244,True,0,True,True,True,True
a1203,a,ok,10984,10984,True,0,True,True,True,True
IH1910,IH,ok,1950,1950,True,0,True,True,True,True
SR1609,SR,ok,26935,26935,True,0,True,True,True,True
RM2009,RM,ok,15946,15946,True,0,True,True,True,True
al1606,al,ok,23215,23215,True,0,True,True,True,True
TA2310,TA,ok,17516,17516,True,0,True,True,True,True
ni1701,ni,ok,23039,23039,True,0,True,True,True,True
IC1809,IC,ok,8250,8250,True,0,True,True,True,True
jm1604,jm,ok,12795,12795,True,0,True,True,True,True
a1609,a,ok,26687,26687,True,0,True,True,True,True
wr2309,wr,ok,11375,11375,True,0,True,True,True,True
p2110,p,ok,17170,17170,True,0,True,True,True,True
pp1603,pp,ok,9832,9832,True,0,True,True,True,True
pb1903,pb,ok,23179,23179,True,0,True,True,True,True
l2405,l,ok,17471,17471,True,0,True,True,True,True
rb1407,rb,ok,11627,11627,True,0,True,True,True,True
cu1603,cu,ok,23373,23373,True,0,True,True,True,True
OI2305,OI,ok,17564,17564,True,0,True,True,True,True
wr1411,wr,ok,9858,9858,True,0,True,True,True,True
CF2107,CF,ok,17661,17661,True,0,True,True,True,True
jm1606,jm,ok,10626,10626,True,0,True,True,True,True
y1301,y,ok,11471,11471,True,0,True,True,True,True
pp1905,pp,ok,12484,12484,True,0,True,True,True,True
eb2410,eb,ok,17417,17417,True,0,True,True,True,True
wr2103,wr,ok,7663,7663,True,0,True,True,True,True
nr2110,nr,ok,17550,17550,True,0,True,True,True,True
PF2605,PF,ok,7396,7396,True,0,True,True,True,True
SF2205,SF,ok,11567,11567,True,0,True,True,True,True
br2407,br,ok,16834,16834,True,0,True,True,True,True
pp1709,pp,ok,11663,11663,True,0,True,True,True,True
si2503,si,ok,9600,9600,True,0,True,True,True,True
hc2009,hc,ok,15864,15864,True,0,True,True,True,True
p1005,p,ok,3958,3958,True,0,True,True,True,True
IF2001,IF,ok,2200,2200,True,0,True,True,True,True
au1207,au,ok,11330,11330,True,0,True,True,True,True
ru1611,ru,ok,17512,17512,True,0,True,True,True,True
b2207,b,ok,17407,17407,True,0,True,True,True,True
wr2212,wr,ok,9584,9584,True,0,True,True,True,True
lc2404,lc,ok,8544,8544,True,0,True,True,True,True
zn1111,zn,ok,11568,11568,True,0,True,True,True,True
au2208,au,ok,29746,29746,True,0,True,True,True,True
j1205,j,ok,7933,7933,True,0,True,True,True,True
TA1802,TA,ok,17846,17846,True,0,True,True,True,True
i1707,i,ok,15055,15055,True,0,True,True,True,True
ME1404,ME,ok,3764,3764,True,0,True,True,True,True
WH1711,WH,ok,9772,9772,True,0,True,True,True,True
sn2106,sn,ok,23130,23130,True,0,True,True,True,True
sp2110,sp,ok,17563,17563,True,0,True,True,True,True
SF2310,SF,ok,11616,11616,True,0,True,True,True,True
sn2312,sn,ok,23276,23276,True,0,True,True,True,True
ME1309,ME,ok,1894,1894,True,0,True,True,True,True
TA1803,TA,ok,17709,17709,True,0,True,True,True,True
RS1507,RS,ok,9048,9048,True,0,True,True,True,True
al2412,al,ok,23034,23034,True,0,True,True,True,True
j1803,j,ok,16947,16947,True,0,True,True,True,True
IF1707,IF,ok,2150,2150,True,0,True,True,True,True
UR2412,UR,ok,11568,11568,True,0,True,True,True,True
bu1903,bu,ok,35279,35279,True,0,True,True,True,True
TA1508,TA,ok,14735,14735,True,0,True,True,True,True
l2205,l,ok,17418,17418,True,0,True,True,True,True
sp2305,sp,ok,17564,17564,True,0,True,True,True,True
jm1704,jm,ok,6962,6962,True,0,True,True,True,True
ni1906,ni,ok,23069,23069,True,0,True,True,True,True
zn2209,zn,ok,22985,22985,True,0,True,True,True,True
v1009,v,ok,8188,8188,True,0,True,True,True,True
p1410,p,ok,12515,12515,True,0,True,True,True,True
v1312,v,ok,9976,9976,True,0,True,True,True,True
ru1807,ru,ok,17491,17491,True,0,True,True,True,True
pb1505,pb,ok,23385,23385,True,0,True,True,True,True
al1112,al,ok,11568,11568,True,0,True,True,True,True
fu2401,fu,ok,17954,17954,True,0,True,True,True,True
cs1809,cs,ok,11715,11715,True,0,True,True,True,True
sc2312,sc,ok,82495,82495,True,0,True,True,True,True
pp2303,pp,ok,17518,17518,True,0,True,True,True,True
CY1912,CY,ok,10972,10972,True,0,True,True,True,True
wr2404,wr,ok,10581,10581,True,0,True,True,True,True
pp2311,pp,ok,17576,17576,True,0,True,True,True,True
y2007,y,ok,15397,15397,True,0,True,True,True,True
ER1101,ER,ok,198,198,True,0,True,True,True,True
WH2505,WH,ok,4609,4609,True,0,True,True,True,True
al2004,al,ok,20875,20875,True,0,True,True,True,True
zn2511,zn,ok,21240,21240,True,0,True,True,True,True
au1409,au,ok,6765,6765,True,0,True,True,True,True
au2401,au,ok,6985,6985,True,0,True,True,True,True
ni2004,ni,ok,20875,20875,True,0,True,True,True,True
i2211,i,ok,17274,17274,True,0,True,True,True,True
CF1909,CF,ok,17447,17447,True,0,True,True,True,True
al2011,al,ok,20191,20191,True,0,True,True,True,True
zn1902,zn,ok,23082,23082,True,0,True,True,True,True
ZC2206,ZC,ok,15820,15820,True,0,True,True,True,True
ME1206,ME,ok,2549,2549,True,0,True,True,True,True
LR2501,LR,ok,4580,4580,True,0,True,True,True,True
bu1712,bu,ok,34666,34666,True,0,True,True,True,True
y1108,y,ok,7060,7060,True,0,True,True,True,True
zn1104,zn,ok,11536,11536,True,0,True,True,True,True
wr1708,wr,ok,802,802,True,0,True,True,True,True
IC1804,IC,ok,1950,1950,True,0,True,True,True,True
RS2309,RS,ok,11209,11209,True,0,True,True,True,True
v1409,v,ok,11279,11279,True,0,True,True,True,True
RS2307,RS,ok,10977,10977,True,0,True,True,True,True
bu1501,bu,ok,4633,4633,True,0,True,True,True,True
wr1304,wr,ok,4705,4705,True,0,True,True,True,True
bu2107,bu,ok,8411,8411,True,0,True,True,True,True
eb2602,eb,ok,11348,11348,True,0,True,True,True,True
wr1312,wr,ok,9396,9396,True,0,True,True,True,True
b2503,b,ok,16890,16890,True,0,True,True,True,True
IC2211,IC,ok,2000,2000,True,0,True,True,True,True
JR2107,JR,ok,5257,5257,True,0,True,True,True,True
cu2105,cu,ok,23277,23277,True,0,True,True,True,True
p1307,p,ok,6684,6684,True,0,True,True,True,True
i2010,i,ok,16124,16124,True,0,True,True,True,True
wr2211,wr,ok,10706,10706,True,0,True,True,True,True
SM2407,SM,ok,11568,11568,True,0,True,True,True,True
ag2410,ag,ok,27246,27246,True,0,True,True,True,True
fu2106,fu,ok,17468,17468,True,0,True,True,True,True
pg2212,pg,ok,16736,16736,True,0,True,True,True,True
bb2011,bb,ok,1487,1487,True,0,True,True,True,True
UR2109,UR,ok,11711,11711,True,0,True,True,True,True
SF2012,SF,ok,11601,11601,True,0,True,True,True,True
pb1212,pb,ok,11711,11711,True,0,True,True,True,True
rr2006,rr,ok,11948,11948,True,0,True,True,True,True
RI1501,RI,ok,4927,4927,True,0,True,True,True,True
rr2211,rr,ok,17017,17017,True,0,True,True,True,True
l2302,l,ok,17256,17256,True,0,True,True,True,True
pb1410,pb,ok,20935,20935,True,0,True,True,True,True
sp2203,sp,ok,17563,17563,True,0,True,True,True,True
nr2109,nr,ok,17546,17546,True,0,True,True,True,True
p2209,p,ok,17453,17453,True,0,True,True,True,True
ru1708,ru,ok,15034,15034,True,0,True,True,True,True
sc2308,sc,ok,27475,27475,True,0,True,True,True,True
IH1509,IH,ok,5400,5400,True,0,True,True,True,True
pp1602,pp,ok,10588,10588,True,0,True,True,True,True
ss2111,ss,ok,23086,23086,True,0,True,True,True,True
MA2501,MA,ok,17491,17491,True,0,True,True,True,True
OI1705,OI,ok,17466,17466,True,0,True,True,True,True
cu2307,cu,ok,23228,23228,True,0,True,True,True,True
cu2206,cu,ok,23131,23131,True,0,True,True,True,True
cs2201,cs,ok,17507,17507,True,0,True,True,True,True
b2403,b,ok,17241,17241,True,0,True,True,True,True
ag1411,ag,ok,27676,27676,True,0,True,True,True,True
al1212,al,ok,11711,11711,True,0,True,True,True,True
RI1403,RI,ok,10237,10237,True,0,True,True,True,True
TA2407,TA,ok,17442,17442,True,0,True,True,True,True
ru1201,ru,ok,11424,11424,True,0,True,True,True,True
au1410,au,ok,27416,27416,True,0,True,True,True,True
b1707,b,ok,3625,3625,True,0,True,True,True,True
SM1802,SM,ok,5909,5909,True,0,True,True,True,True
al2109,al,ok,23374,23374,True,0,True,True,True,True
SA2005,SA,ok,6081,6081,True,0,True,True,True,True
ag2604,ag,ok,13944,13944,True,0,True,True,True,True
MA1804,MA,ok,17121,17121,True,0,True,True,True,True
rb2111,rb,ok,17491,17491,True,0,True,True,True,True
j1708,j,ok,12434,12434,True,0,True,True,True,True
cu1511,cu,ok,23179,23179,True,0,True,True,True,True
MA1610,MA,ok,17175,17175,True,0,True,True,True,True
rr2503,rr,ok,16848,16848,True,0,True,True,True,True
ni1706,ni,ok,15746,15746,True,0,True,True,True,True
nr2303,nr,ok,17470,17470,True,0,True,True,True,True
PF2411,PF,ok,17310,17310,True,0,True,True,True,True
i2008,i,ok,16025,16025,True,0,True,True,True,True
j1905,j,ok,17710,17710,True,0,True,True,True,True
pp2108,pp,ok,16896,16896,True,0,True,True,True,True
b2201,b,ok,17268,17268,True,0,True,True,True,True
fb2510,fb,ok,11360,11360,True,0,True,True,True,True
TF1312,TF,ok,3311,3311,True,0,True,True,True,True
eb2412,eb,ok,17458,17458,True,0,True,True,True,True
v2104,v,ok,17288,17288,True,0,True,True,True,True
ZC1808,ZC,ok,17566,17566,True,0,True,True,True,True
lu2203,lu,ok,17378,17378,True,0,True,True,True,True
sn2310,sn,ok,23179,23179,True,0,True,True,True,True
y1005,y,ok,3789,3789,True,0,True,True,True,True
RI1707,RI,ok,8412,8412,True,0,True,True,True,True
OI2105,OI,ok,17576,17576,True,0,True,True,True,True
wr2305,wr,ok,9645,9645,True,0,True,True,True,True
jd2405,jd,ok,11411,11411,True,0,True,True,True,True
IF1307,IF,ok,2100,2100,True,0,True,True,True,True
cs2205,cs,ok,17290,17290,True,0,True,True,True,True
wr1102,wr,ok,10255,10255,True,0,True,True,True,True
SF2405,SF,ok,11616,11616,True,0,True,True,True,True
fb1609,fb,ok,1298,1298,True,0,True,True,True,True
bb1910,bb,ok,6396,6396,True,0,True,True,True,True
c1607,c,ok,10997,10997,True,0,True,True,True,True
jd2001,jd,ok,11472,11472,True,0,True,True,True,True
ni1909,ni,ok,22985,22985,True,0,True,True,True,True
c1207,c,ok,10651,10651,True,0,True,True,True,True
au1212,au,ok,11698,11698,True,0,True,True,True,True
zn1010,zn,ok,8976,8976,True,0,True,True,True,True
wr1507,wr,ok,4109,4109,True,0,True,True,True,True
nr2101,nr,ok,15906,15906,True,0,True,True,True,True
fu2105,fu,ok,17570,17570,True,0,True,True,True,True
TA1310,TA,ok,6765,6765,True,0,True,True,True,True
ss2304,ss,ok,23325,23325,True,0,True,True,True,True
WH1505,WH,ok,7483,7483,True,0,True,True,True,True
wr1205,wr,ok,8722,8722,True,0,True,True,True,True
l1306,l,ok,7656,7656,True,0,True,True,True,True
l2207,l,ok,17491,17491,True,0,True,True,True,True
sn2605,sn,ok,9990,9990,True,0,True,True,True,True
ag2308,ag,ok,27476,27476,True,0,True,True,True,True
fb2505,fb,ok,11296,11296,True,0,True,True,True,True
wr1606,wr,ok,497,497,True,0,True,True,True,True
m1108,m,ok,9134,9134,True,0,True,True,True,True
OI2603,OI,ok,10412,10412,True,0,True,True,True,True
bc2412,bc,ok,23005,23005,True,0,True,True,True,True
IC2111,IC,ok,1900,1900,True,0,True,True,True,True
SH2406,SH,ok,12616,12616,True,0,True,True,True,True
SR1803,SR,ok,25688,25688,True,0,True,True,True,True
SH2405,SH,ok,11284,11284,True,0,True,True,True,True
ss2603,ss,ok,13675,13675,True,0,True,True,True,True
jm1904,jm,ok,16851,16851,True,0,True,True,True,True
jd1512,jd,ok,11256,11256,True,0,True,True,True,True
m1209,m,ok,11485,11485,True,0,True,True,True,True
ni1608,ni,ok,18644,18644,True,0,True,True,True,True
OI1609,OI,ok,17710,17710,True,0,True,True,True,True
bb2504,bb,ok,9111,9111,True,0,True,True,True,True
FG1511,FG,ok,13556,13556,True,0,True,True,True,True
PF2304,PF,ok,17563,17563,True,0,True,True,True,True
zn2409,zn,ok,23131,23131,True,0,True,True,True,True
br2503,br,ok,17418,17418,True,0,True,True,True,True
nr2512,nr,ok,14523,14523,True,0,True,True,True,True
TS2509,TS,ok,9618,9618,True,0,True,True,True,True
TA1602,TA,ok,17540,17540,True,0,True,True,True,True
bu1603,bu,ok,24440,24440,True,0,True,True,True,True
SR2305,SR,ok,17564,17564,True,0,True,True,True,True
TC1512,TC,ok,6301,6301,True,0,True,True,True,True
UR2012,UR,ok,11374,11374,True,0,True,True,True,True
j1212,j,ok,2243,2243,True,0,True,True,True,True
lu2508,lu,ok,17446,17446,True,0,True,True,True,True
y2301,y,ok,17401,17401,True,0,True,True,True,True
l2401,l,ok,17516,17516,True,0,True,True,True,True
TA1210,TA,ok,6433,6433,True,0,True,True,True,True
a2007,a,ok,15981,15981,True,0,True,True,True,True
WT1111,WT,ok,1761,1761,True,0,True,True,True,True
ss2502,ss,ok,22790,22790,True,0,True,True,True,True
CY2306,CY,ok,17307,17307,True,0,True,True,True,True
cu1301,cu,ok,11663,11663,True,0,True,True,True,True
wr1511,wr,ok,4392,4392,True,0,True,True,True,True
FG2205,FG,ok,17418,17418,True,0,True,True,True,True
cu1201,cu,ok,11421,11421,True,0,True,True,True,True
IF2303,IF,ok,8150,8150,True,0,True,True,True,True
TA1405,TA,ok,1229,1229,True,0,True,True,True,True
sn2504,sn,ok,23131,23131,True,0,True,True,True,True
wr1503,wr,ok,6378,6378,True,0,True,True,True,True
TA1209,TA,ok,1517,1517,True,0,True,True,True,True
SF2602,SF,ok,7776,7776,True,0,True,True,True,True
i2105,i,ok,17589,17589,True,0,True,True,True,True
SF2006,SF,ok,10352,10352,True,0,True,True,True,True
jm1803,jm,ok,16931,16931,True,0,True,True,True,True
RO1103,RO,ok,1297,1297,True,0,True,True,True,True
FG1307,FG,ok,2873,2873,True,0,True,True,True,True
cu1401,cu,ok,12304,12304,True,0,True,True,True,True
bu1409,bu,ok,11165,11165,True,0,True,True,True,True
y1101,y,ok,11269,11269,True,0,True,True,True,True
p1705,p,ok,17465,17465,True,0,True,True,True,True
v2012,v,ok,15323,15323,True,0,True,True,True,True
y2207,y,ok,17491,17491,True,0,True,True,True,True
wr1310,wr,ok,7620,7620,True,0,True,True,True,True
v2303,v,ok,17531,17531,True,0,True,True,True,True
FG2306,FG,ok,17636,17636,True,0,True,True,True,True
jd2110,jd,ok,11568,11568,True,0,True,True,True,True
hc2310,hc,ok,17516,17516,True,0,True,True,True,True
ru1504,ru,ok,13387,13387,True,0,True,True,True,True
IC2307,IC,ok,2150,2150,True,0,True,True,True,True
TA1301,TA,ok,1584,1584,True,0,True,True,True,True
jd2207,jd,ok,11001,11001,True,0,True,True,True,True
IC2405,IC,ok,2000,2000,True,0,True,True,True,True
bu1910,bu,ok,8589,8589,True,0,True,True,True,True
jm2411,jm,ok,16798,16798,True,0,True,True,True,True
CJ2401,CJ,ok,11616,11616,True,0,True,True,True,True
lh2207,lh,ok,11245,11245,True,0,True,True,True,True
RM1703,RM,ok,17549,17549,True,0,True,True,True,True
JR2005,JR,ok,5530,5530,True,0,True,True,True,True
nr2509,nr,ok,17408,17408,True,0,True,True,True,True
sn1812,sn,ok,22532,22532,True,0,True,True,True,True
v1004,v,ok,2219,2219,True,0,True,True,True,True
ZC1911,ZC,ok,17532,17532,True,0,True,True,True,True
pb2112,pb,ok,23228,23228,True,0,True,True,True,True
FG2504,FG,ok,17380,17380,True,0,True,True,True,True
c1101,c,ok,11154,11154,True,0,True,True,True,True
ss2012,ss,ok,20076,20076,True,0,True,True,True,True
i1910,i,ok,17474,17474,True,0,True,True,True,True
lu2410,lu,ok,17373,17373,True,0,True,True,True,True
ss2303,ss,ok,23228,23228,True,0,True,True,True,True
FG1604,FG,ok,16292,16292,True,0,True,True,True,True
pp2401,pp,ok,17516,17516,True,0,True,True,True,True
l1605,l,ok,11712,11712,True,0,True,True,True,True
cu2405,cu,ok,23180,23180,True,0,True,True,True,True
hc1702,hc,ok,4262,4262,True,0,True,True,True,True
ni2308,ni,ok,23216,23216,True,0,True,True,True,True
j2501,j,ok,17110,17110,True,0,True,True,True,True
ag2109,ag,ok,27658,27658,True,0,True,True,True,True
FG1501,FG,ok,1235,1235,True,0,True,True,True,True
jm1802,jm,ok,17278,17278,True,0,True,True,True,True
eg2509,eg,ok,17589,17589,True,0,True,True,True,True
al1201,al,ok,11424,11424,True,0,True,True,True,True
RI1411,RI,ok,11062,11062,True,0,True,True,True,True
CJ2605,CJ,ok,4896,4896,True,0,True,True,True,True
UR2005,UR,ok,8896,8896,True,0,True,True,True,True
zn1102,zn,ok,11264,11264,True,0,True,True,True,True
ru1008,ru,ok,7235,7235,True,0,True,True,True,True
jd2509,jd,ok,11645,11645,True,0,True,True,True,True
b2004,b,ok,15074,15074,True,0,True,True,True,True
IC2507,IC,ok,2200,2200,True,0,True,True,True,True
bb1702,bb,ok,183,183,True,0,True,True,True,True
i1706,i,ok,14526,14526,True,0,True,True,True,True
bu2301,bu,ok,14888,14888,True,0,True,True,True,True
al1707,al,ok,22209,22209,True,0,True,True,True,True
eg2009,eg,ok,15798,15798,True,0,True,True,True,True
rb1403,rb,ok,11318,11318,True,0,True,True,True,True
SM1712,SM,ok,8607,8607,True,0,True,True,True,True
m1205,m,ok,11174,11174,True,0,True,True,True,True
SF2106,SF,ok,11663,11663,True,0,True,True,True,True
RM1708,RM,ok,16998,16998,True,0,True,True,True,True
SF2107,SF,ok,11711,11711,True,0,True,True,True,True
bu2212,bu,ok,35054,35054,True,0,True,True,True,True
nr2502,nr,ok,17344,17344,True,0,True,True,True,True
FG2405,FG,ok,17516,17516,True,0,True,True,True,True
l1001,l,ok,374,374,True,0,True,True,True,True
SF2502,SF,ok,11423,11423,True,0,True,True,True,True
wr1108,wr,ok,10675,10675,True,0,True,True,True,True
zn1705,zn,ok,22046,22046,True,0,True,True,True,True
p2403,p,ok,17489,17489,True,0,True,True,True,True
PF2511,PF,ok,16129,16129,True,0,True,True,True,True
SF1604,SF,ok,4612,4612,True,0,True,True,True,True
jm1808,jm,ok,17064,17064,True,0,True,True,True,True
WH1909,WH,ok,11387,11387,True,0,True,True,True,True
IH2212,IH,ok,8250,8250,True,0,True,True,True,True
FG1306,FG,ok,2180,2180,True,0,True,True,True,True
CJ2405,CJ,ok,11616,11616,True,0,True,True,True,True
nr2411,nr,ok,17416,17416,True,0,True,True,True,True
sn1704,sn,ok,7188,7188,True,0,True,True,True,True
rb1507,rb,ok,14755,14755,True,0,True,True,True,True
au1606,au,ok,29756,29756,True,0,True,True,True,True
i2205,i,ok,17418,17418,True,0,True,True,True,True
TC1403,TC,ok,3442,3442,True,0,True,True,True,True
nr2305,nr,ok,17476,17476,True,0,True,True,True,True
br2501,br,ok,17440,17440,True,0,True,True,True,True
ME1308,ME,ok,3434,3434,True,0,True,True,True,True
SM2501,SM,ok,11616,11616,True,0,True,True,True,True
ZC2102,ZC,ok,16432,16432,True,0,True,True,True,True
sc2210,sc,ok,27475,27475,True,0,True,True,True,True
hc2301,hc,ok,17491,17491,True,0,True,True,True,True
cu1306,cu,ok,11472,11472,True,0,True,True,True,True
jd1912,jd,ok,11602,11602,True,0,True,True,True,True
i2503,i,ok,17224,17224,True,0,True,True,True,True
ru1106,ru,ok,11520,11520,True,0,True,True,True,True
y1312,y,ok,10709,10709,True,0,True,True,True,True
PF2506,PF,ok,17351,17351,True,0,True,True,True,True
RM1503,RM,ok,5254,5254,True,0,True,True,True,True
JR1407,JR,ok,6451,6451,True,0,True,True,True,True
wr2509,wr,ok,9599,9599,True,0,True,True,True,True
eb2107,eb,ok,17378,17378,True,0,True,True,True,True
SA2201,SA,ok,17564,17564,True,0,True,True,True,True
l1101,l,ok,10490,10490,True,0,True,True,True,True
br2505,br,ok,17399,17399,True,0,True,True,True,True
bu1801,bu,ok,8989,8989,True,0,True,True,True,True
TA1107,TA,ok,3463,3463,True,0,True,True,True,True
PK2410,PK,ok,11542,11542,True,0,True,True,True,True
y1209,y,ok,11251,11251,True,0,True,True,True,True
SM1507,SM,ok,6917,6917,True,0,True,True,True,True
eg2408,eg,ok,16300,16300,True,0,True,True,True,True
IF1610,IF,ok,1899,1899,True,0,True,True,True,True
bb2104,bb,ok,122,122,True,0,True,True,True,True
IF2506,IF,ok,8100,8100,True,0,True,True,True,True
pp2302,pp,ok,17271,17271,True,0,True,True,True,True
au2308,au,ok,29891,29891,True,0,True,True,True,True
CY1903,CY,ok,13700,13700,True,0,True,True,True,True
PX2512,PX,ok,14595,14595,True,0,True,True,True,True
MA1909,MA,ok,17447,17447,True,0,True,True,True,True
AP1807,AP,ok,6461,6461,True,0,True,True,True,True
eb2305,eb,ok,17556,17556,True,0,True,True,True,True
zn1807,zn,ok,23374,23374,True,0,True,True,True,True
PM2503,PM,ok,4542,4542,True,0,True,True,True,True
a1905,a,ok,26357,26357,True,0,True,True,True,True
zn1108,zn,ok,11568,11568,True,0,True,True,True,True
v1410,v,ok,11036,11036,True,0,True,True,True,True
jm2309,jm,ok,17560,17560,True,0,True,True,True,True
sn2507,sn,ok,23131,23131,True,0,True,True,True,True
TF2106,TF,ok,9459,9459,True,0,True,True,True,True
FG1404,FG,ok,7193,7193,True,0,True,True,True,True
bc2509,bc,ok,22876,22876,True,0,True,True,True,True
RI2305,RI,ok,4623,4623,True,0,True,True,True,True
pb1511,pb,ok,23081,23081,True,0,True,True,True,True
j1208,j,ok,1646,1646,True,0,True,True,True,True
IF2003,IF,ok,8100,8100,True,0,True,True,True,True
PX2508,PX,ok,17107,17107,True,0,True,True,True,True
a1601,a,ok,23487,23487,True,0,True,True,True,True
al1404,al,ok,15084,15084,True,0,True,True,True,True
au1312,au,ok,18485,18485,True,0,True,True,True,True
a1109,a,ok,16467,16467,True,0,True,True,True,True
pg2409,pg,ok,17174,17174,True,0,True,True,True,True
jd1708,jd,ok,10309,10309,True,0,True,True,True,True
p1306,p,ok,7554,7554,True,0,True,True,True,True
JR1909,JR,ok,6112,6112,True,0,True,True,True,True
a2207,a,ok,17462,17462,True,0,True,True,True,True
y1705,y,ok,17465,17465,True,0,True,True,True,True
pp1509,pp,ok,11747,11747,True,0,True,True,True,True
c2511,c,ok,16129,16129,True,0,True,True,True,True
CF1203,CF,ok,3911,3911,True,0,True,True,True,True
ru2206,ru,ok,17491,17491,True,0,True,True,True,True
TS2103,TS,ok,9565,9565,True,0,True,True,True,True
wr1909,wr,ok,7150,7150,True,0,True,True,True,True
wr1604,wr,ok,1372,1372,True,0,True,True,True,True
LR1903,LR,ok,10408,10408,True,0,True,True,True,True
T1609,T,ok,9519,9519,True,0,True,True,True,True
v2202,v,ok,17490,17490,True,0,True,True,True,True
CF2005,CF,ok,16112,16112,True,0,True,True,True,True
zn1905,zn,ok,23216,23216,True,0,True,True,True,True
LR2505,LR,ok,4596,4596,True,0,True,True,True,True
ni2011,ni,ok,20179,20179,True,0,True,True,True,True
SM1603,SM,ok,4655,4655,True,0,True,True,True,True
UR2110,UR,ok,11394,11394,True,0,True,True,True,True
b2506,b,ok,17399,17399,True,0,True,True,True,True
IH1706,IH,ok,7949,7949,True,0,True,True,True,True
bc2108,bc,ok,17207,17207,True,0,True,True,True,True
eb2402,eb,ok,17467,17467,True,0,True,True,True,True
al1104,al,ok,11312,11312,True,0,True,True,True,True
SF1707,SF,ok,5404,5404,True,0,True,True,True,True
al2402,al,ok,23374,23374,True,0,True,True,True,True
WH1703,WH,ok,10787,10787,True,0,True,True,True,True
ss2403,ss,ok,23265,23265,True,0,True,True,True,True
nr2602,nr,ok,11799,11799,True,0,True,True,True,True
ZC2204,ZC,ok,16944,16944,True,0,True,True,True,True
ME1203,ME,ok,138,138,True,0,True,True,True,True
RM2307,RM,ok,17564,17564,True,0,True,True,True,True
CY2203,CY,ok,15622,15622,True,0,True,True,True,True
eb2606,eb,ok,5523,5523,True,0,True,True,True,True
jm2107,jm,ok,17587,17587,True,0,True,True,True,True
l1010,l,ok,5967,5967,True,0,True,True,True,True
pb2009,pb,ok,20264,20264,True,0,True,True,True,True
al2408,al,ok,23277,23277,True,0,True,True,True,True
ZC1707,ZC,ok,17255,17255,True,0,True,True,True,True
ss2309,ss,ok,23324,23324,True,0,True,True,True,True
AP2601,AP,ok,8640,8640,True,0,True,True,True,True
IF2109,IF,ok,8250,8250,True,0,True,True,True,True
jd2205,jd,ok,11475,11475,True,0,True,True,True,True
RM1711,RM,ok,17542,17542,True,0,True,True,True,True
b2104,b,ok,17021,17021,True,0,True,True,True,True
l1302,l,ok,6106,6106,True,0,True,True,True,True
wr2406,wr,ok,10075,10075,True,0,True,True,True,True
rb1203,rb,ok,11465,11465,True,0,True,True,True,True
zn1912,zn,ok,23119,23119,True,0,True,True,True,True
IH1903,IH,ok,7850,7850,True,0,True,True,True,True
MA2312,MA,ok,17559,17559,True,0,True,True,True,True
v1806,v,ok,11317,11317,True,0,True,True,True,True
SR1309,SR,ok,2031,2031,True,0,True,True,True,True
c1107,c,ok,10928,10928,True,0,True,True,True,True
lc2505,lc,ok,11616,11616,True,0,True,True,True,True
SM2410,SM,ok,11568,11568,True,0,True,True,True,True
au1508,au,ok,25346,25346,True,0,True,True,True,True
hc2408,hc,ok,17461,17461,True,0,True,True,True,True
jm2208,jm,ok,16754,16754,True,0,True,True,True,True
PK2301,PK,ok,11446,11446,True,0,True,True,True,True
l2112,l,ok,17535,17535,True,0,True,True,True,True
rb1901,rb,ok,17564,17564,True,0,True,True,True,True
MA1911,MA,ok,17414,17414,True,0,True,True,True,True
jm2407,jm,ok,16712,16712,True,0,True,True,True,True
rr2112,rr,ok,16962,16962,True,0,True,True,True,True
j1310,j,ok,9954,9954,True,0,True,True,True,True
c2605,c,ok,7396,7396,True,0,True,True,True,True
y1503,y,ok,12187,12187,True,0,True,True,True,True
SR1907,SR,ok,25969,25969,True,0,True,True,True,True
l1711,l,ok,10756,10756,True,0,True,True,True,True
zn1311,zn,ok,11424,11424,True,0,True,True,True,True
al1811,al,ok,23325,23325,True,0,True,True,True,True
JR1505,JR,ok,6755,6755,True,0,True,True,True,True
ru2104,ru,ok,17285,17285,True,0,True,True,True,True
ru2406,ru,ok,17418,17418,True,0,True,True,True,True
sp2202,sp,ok,17611,17611,True,0,True,True,True,True
rb1704,rb,ok,17288,17288,True,0,True,True,True,True
ag1304,ag,ok,10896,10896,True,0,True,True,True,True
rb1310,rb,ok,11424,11424,True,0,True,True,True,True
fu2410,fu,ok,17322,17322,True,0,True,True,True,True
rb2403,rb,ok,17589,17589,True,0,True,True,True,True
rb1906,rb,ok,17466,17466,True,0,True,True,True,True
ZC1812,ZC,ok,17334,17334,True,0,True,True,True,True
ru2409,ru,ok,17491,17491,True,0,True,True,True,True
JR2211,JR,ok,5129,5129,True,0,True,True,True,True
jm2604,jm,ok,8904,8904,True,0,True,True,True,True
al1812,al,ok,23325,23325,True,0,True,True,True,True
i1809,i,ok,17703,17703,True,0,True,True,True,True
zn2508,zn,ok,23107,23107,True,0,True,True,True,True
v2109,v,ok,17649,17649,True,0,True,True,True,True
OI1403,OI,ok,9546,9546,True,0,True,True,True,True
b1907,b,ok,15835,15835,True,0,True,True,True,True
IF1905,IF,ok,2050,2050,True,0,True,True,True,True
p2002,p,ok,16593,16593,True,0,True,True,True,True
zn2311,zn,ok,23277,23277,True,0,True,True,True,True
RM1508,RM,ok,12383,12383,True,0,True,True,True,True
jm1406,jm,ok,10732,10732,True,0,True,True,True,True
bb2008,bb,ok,2918,2918,True,0,True,True,True,True
wr1302,wr,ok,7190,7190,True,0,True,True,True,True
pb2010,pb,ok,20264,20264,True,0,True,True,True,True
LR1803,LR,ok,5102,5102,True,0,True,True,True,True
MA2309,MA,ok,17589,17589,True,0,True,True,True,True
RM1907,RM,ok,16922,16922,True,0,True,True,True,True
ME1302,ME,ok,4470,4470,True,0,True,True,True,True
MA1602,MA,ok,16815,16815,True,0,True,True,True,True
p2011,p,ok,15286,15286,True,0,True,True,True,True
nr2505,nr,ok,17490,17490,True,0,True,True,True,True
fu2504,fu,ok,17418,17418,True,0,True,True,True,True
pp1801,pp,ok,11698,11698,True,0,True,True,True,True
cs2107,cs,ok,17547,17547,True,0,True,True,True,True
ZC2209,ZC,ok,16953,16953,True,0,True,True,True,True
SR1311,SR,ok,7597,7597,True,0,True,True,True,True
au2508,au,ok,30006,30006,True,0,True,True,True,True
au2301,au,ok,7105,7105,True,0,True,True,True,True
PR2512,PR,ok,14595,14595,True,0,True,True,True,True
sn1703,sn,ok,6635,6635,True,0,True,True,True,True
ZC2012,ZC,ok,15913,15913,True,0,True,True,True,True
cu2302,cu,ok,23228,23228,True,0,True,True,True,True
TA2309,TA,ok,17589,17589,True,0,True,True,True,True
PM1611,PM,ok,9177,9177,True,0,True,True,True,True
MA2311,MA,ok,17589,17589,True,0,True,True,True,True
fu1804,fu,ok,7607,7607,True,0,True,True,True,True
pb1912,pb,ok,23131,23131,True,0,True,True,True,True
wr2601,wr,ok,8093,8093,True,0,True,True,True,True
pb1311,pb,ok,11404,11404,True,0,True,True,True,True
WH1503,WH,ok,10495,10495,True,0,True,True,True,True
au1908,au,ok,29771,29771,True,0,True,True,True,True
l1109,l,ok,11082,11082,True,0,True,True,True,True
CY2605,CY,ok,7396,7396,True,0,True,True,True,True
ag1704,ag,ok,20628,20628,True,0,True,True,True,True
SF1702,SF,ok,7637,7637,True,0,True,True,True,True
pp2211,pp,ok,17564,17564,True,0,True,True,True,True
fu1210,fu,ok,10706,10706,True,0,True,True,True,True
i1610,i,ok,16136,16136,True,0,True,True,True,True
SM1901,SM,ok,11663,11663,True,0,True,True,True,True
SR2111,SR,ok,17459,17459,True,0,True,True,True,True
SF2506,SF,ok,11568,11568,True,0,True,True,True,True
v1310,v,ok,8520,8520,True,0,True,True,True,True
pp2001,pp,ok,16461,16461,True,0,True,True,True,True
SF2411,SF,ok,11615,11615,True,0,True,True,True,True
LR1807,LR,ok,4795,4795,True,0,True,True,True,True
fu2405,fu,ok,17516,17516,True,0,True,True,True,True
TA1503,TA,ok,11057,11057,True,0,True,True,True,True
MA2109,MA,ok,17662,17662,True,0,True,True,True,True
FG2509,FG,ok,17418,17418,True,0,True,True,True,True
al2510,al,ok,23277,23277,True,0,True,True,True,True
jd1602,jd,ok,11284,11284,True,0,True,True,True,True
cu1202,cu,ok,11552,11552,True,0,True,True,True,True
v2208,v,ok,17417,17417,True,0,True,True,True,True
c2407,c,ok,17424,17424,True,0,True,True,True,True
p2603,p,ok,10412,10412,True,0,True,True,True,True
OI2307,OI,ok,17564,17564,True,0,True,True,True,True
bb1807,bb,ok,4128,4128,True,0,True,True,True,True
bu1704,bu,ok,7168,7168,True,0,True,True,True,True
jm2404,jm,ok,17065,17065,True,0,True,True,True,True
sp2604,sp,ok,8904,8904,True,0,True,True,True,True
fb1912,fb,ok,847,847,True,0,True,True,True,True
si2501,si,ok,7872,7872,True,0,True,True,True,True
cu1210,cu,ok,11615,11615,True,0,True,True,True,True
RS2407,RS,ok,11333,11333,True,0,True,True,True,True
y1601,y,ok,17278,17278,True,0,True,True,True,True
JR1809,JR,ok,5212,5212,True,0,True,True,True,True
sn1810,sn,ok,22996,22996,True,0,True,True,True,True
bu2312,bu,ok,35073,35073,True,0,True,True,True,True
ZC1710,ZC,ok,17294,17294,True,0,True,True,True,True
TA1402,TA,ok,8657,8657,True,0,True,True,True,True
SM1801,SM,ok,11711,11711,True,0,True,True,True,True
PF2412,PF,ok,17350,17350,True,0,True,True,True,True
zn1709,zn,ok,23011,23011,True,0,True,True,True,True
sp1907,sp,ok,10891,10891,True,0,True,True,True,True
p1108,p,ok,3392,3392,True,0,True,True,True,True
hc2003,hc,ok,16717,16717,True,0,True,True,True,True
MA2207,MA,ok,17490,17490,True,0,True,True,True,True
l1804,l,ok,11452,11452,True,0,True,True,True,True
fu2004,fu,ok,16612,16612,True,0,True,True,True,True
v2106,v,ok,17528,17528,True,0,True,True,True,True
jm2412,jm,ok,16850,16850,True,0,True,True,True,True
ad2603,ad,ok,9986,9986,True,0,True,True,True,True
l1507,l,ok,11660,11660,True,0,True,True,True,True
SM2307,SM,ok,11664,11664,True,0,True,True,True,True
y2509,y,ok,17399,17399,True,0,True,True,True,True
FG1911,FG,ok,16965,16965,True,0,True,True,True,True
jd1903,jd,ok,11362,11362,True,0,True,True,True,True
T2212,T,ok,9671,9671,True,0,True,True,True,True
ec2502,ec,ok,11520,11520,True,0,True,True,True,True
hc1601,hc,ok,16860,16860,True,0,True,True,True,True
c1701,c,ok,11654,11654,True,0,True,True,True,True
wr2009,wr,ok,8116,8116,True,0,True,True,True,True
rb1705,rb,ok,17443,17443,True,0,True,True,True,True
jm2311,jm,ok,17150,17150,True,0,True,True,True,True
OI2503,OI,ok,17417,17417,True,0,True,True,True,True
IF2004,IF,ok,1950,1950,True,0,True,True,True,True
fu1202,fu,ok,11017,11017,True,0,True,True,True,True
PM1809,PM,ok,11003,11003,True,0,True,True,True,True
nr2006,nr,ok,13080,13080,True,0,True,True,True,True
TA2601,TA,ok,13015,13015,True,0,True,True,True,True
cs2209,cs,ok,17466,17466,True,0,True,True,True,True
ss2103,ss,ok,21637,21637,True,0,True,True,True,True
nr2309,nr,ok,17412,17412,True,0,True,True,True,True
FG2403,FG,ok,17576,17576,True,0,True,True,True,True
sn2202,sn,ok,23276,23276,True,0,True,True,True,True
eg2409,eg,ok,17341,17341,True,0,True,True,True,True
pp1609,pp,ok,11759,11759,True,0,True,True,True,True
T1512,T,ok,8654,8654,True,0,True,True,True,True
LR2209,LR,ok,4691,4691,True,0,True,True,True,True
bu1807,bu,ok,8516,8516,True,0,True,True,True,True
fu1611,fu,ok,2160,2160,True,0,True,True,True,True
UR2303,UR,ok,11612,11612,True,0,True,True,True,True
TA1702,TA,ok,17477,17477,True,0,True,True,True,True
ZC2308,ZC,ok,6002,6002,True,0,True,True,True,True
AP2311,AP,ok,11619,11619,True,0,True,True,True,True
zn2201,zn,ok,23228,23228,True,0,True,True,True,True
SH2510,SH,ok,17214,17214,True,0,True,True,True,True
TA1112,TA,ok,4922,4922,True,0,True,True,True,True
au1311,au,ok,16830,16830,True,0,True,True,True,True
v1611,v,ok,1914,1914,True,0,True,True,True,True
zn1505,zn,ok,23386,23386,True,0,True,True,True,True
IF1105,IF,ok,2100,2100,True,0,True,True,True,True
y2101,y,ok,15987,15987,True,0,True,True,True,True
wr1601,wr,ok,2162,2162,True,0,True,True,True,True
b2108,b,ok,16965,16965,True,0,True,True,True,True
ZC2507,ZC,ok,6045,6045,True,0,True,True,True,True
IH2005,IH,ok,1800,1800,True,0,True,True,True,True
IH1805,IH,ok,2050,2050,True,0,True,True,True,True
zn1011,zn,ok,9968,9968,True,0,True,True,True,True
jm1708,jm,ok,12196,12196,True,0,True,True,True,True
zn1610,zn,ok,21977,21977,True,0,True,True,True,True
LR2411,LR,ok,4580,4580,True,0,True,True,True,True
SF1411,SF,ok,2528,2528,True,0,True,True,True,True
bu2010,bu,ok,8378,8378,True,0,True,True,True,True
rr2309,rr,ok,16703,16703,True,0,True,True,True,True
bc2503,bc,ok,22985,22985,True,0,True,True,True,True
jd2007,jd,ok,11618,11618,True,0,True,True,True,True
pp2604,pp,ok,8904,8904,True,0,True,True,True,True
bb2108,bb,ok,909,909,True,0,True,True,True,True
ZC2305,ZC,ok,4430,4430,True,0,True,True,True,True
TC1501,TC,ok,561,561,True,0,True,True,True,True
hc2306,hc,ok,17735,17735,True,0,True,True,True,True
bu1608,bu,ok,6975,6975,True,0,True,True,True,True
ni2408,ni,ok,23277,23277,True,0,True,True,True,True
pp2406,pp,ok,17347,17347,True,0,True,True,True,True
bb2406,bb,ok,17,17,True,0,True,True,True,True
SH2506,SH,ok,17039,17039,True,0,True,True,True,True
rr2508,rr,ok,16721,16721,True,0,True,True,True,True
rb2601,rb,ok,13015,13015,True,0,True,True,True,True
bc2106,bc,ok,12983,12983,True,0,True,True,True,True
y1003,y,ok,1313,1313,True,0,True,True,True,True
ag1512,ag,ok,27494,27494,True,0,True,True,True,True
sn1508,sn,ok,9333,9333,True,0,True,True,True,True
PF2312,PF,ok,17544,17544,True,0,True,True,True,True
TA2207,TA,ok,17490,17490,True,0,True,True,True,True
p1901,p,ok,17564,17564,True,0,True,True,True,True
FG2005,FG,ok,16035,16035,True,0,True,True,True,True
au2201,au,ok,7156,7156,True,0,True,True,True,True
pp1502,pp,ok,11109,11109,True,0,True,True,True,True
jm1510,jm,ok,14900,14900,True,0,True,True,True,True
MA2103,MA,ok,16545,16545,True,0,True,True,True,True
zn1007,zn,ok,6192,6192,True,0,True,True,True,True
b2605,b,ok,7396,7396,True,0,True,True,True,True
TC1408,TC,ok,5694,5694,True,0,True,True,True,True
ZC2307,ZC,ok,5021,5021,True,0,True,True,True,True
cu2304,cu,ok,23325,23325,True,0,True,True,True,True
sp2406,sp,ok,17418,17418,True,0,True,True,True,True
cu1104,cu,ok,11552,11552,True,0,True,True,True,True
p2103,p,ok,16715,16715,True,0,True,True,True,True
LR1605,LR,ok,6008,6008,True,0,True,True,True,True
sn1804,sn,ok,23269,23269,True,0,True,True,True,True
b2111,b,ok,17129,17129,True,0,True,True,True,True
rb1502,rb,ok,12424,12424,True,0,True,True,True,True
fu2211,fu,ok,17480,17480,True,0,True,True,True,True
i2206,i,ok,17430,17430,True,0,True,True,True,True
j1209,j,ok,10414,10414,True,0,True,True,True,True
l1106,l,ok,8036,8036,True,0,True,True,True,True
TF2603,TF,ok,4452,4452,True,0,True,True,True,True
hc2606,hc,ok,6034,6034,True,0,True,True,True,True
zn2208,zn,ok,23033,23033,True,0,True,True,True,True
cu1312,cu,ok,11376,11376,True,0,True,True,True,True
RS2107,RS,ok,10489,10489,True,0,True,True,True,True
j1703,j,ok,7922,7922,True,0,True,True,True,True
rr2306,rr,ok,17250,17250,True,0,True,True,True,True
jm1504,jm,ok,11951,11951,True,0,True,True,True,True
PK2503,PK,ok,11391,11391,True,0,True,True,True,True
IF1808,IF,ok,2200,2200,True,0,True,True,True,True
y2511,y,ok,16129,16129,True,0,True,True,True,True
pb1203,pb,ok,11472,11472,True,0,True,True,True,True
p2309,p,ok,17493,17493,True,0,True,True,True,True
ME1212,ME,ok,4747,4747,True,0,True,True,True,True
fb1502,fb,ok,10550,10550,True,0,True,True,True,True
i1512,i,ok,16968,16968,True,0,True,True,True,True
y2109,y,ok,17662,17662,True,0,True,True,True,True
a2507,a,ok,17302,17302,True,0,True,True,True,True
eg2004,eg,ok,15722,15722,True,0,True,True,True,True
b2211,b,ok,17525,17525,True,0,True,True,True,True
i2109,i,ok,17636,17636,True,0,True,True,True,True
IC1909,IC,ok,8200,8200,True,0,True,True,True,True
IF1009,IF,ok,5350,5350,True,0,True,True,True,True
ru2107,ru,ok,17623,17623,True,0,True,True,True,True
ZC2506,ZC,ok,6477,6477,True,0,True,True,True,True
al1403,al,ok,14117,14117,True,0,True,True,True,True
SF2007,SF,ok,11321,11321,True,0,True,True,True,True
SA2310,SA,ok,17516,17516,True,0,True,True,True,True
a1903,a,ok,25484,25484,True,0,True,True,True,True
bc2109,bc,ok,19368,19368,True,0,True,True,True,True
v1511,v,ok,9212,9212,True,0,True,True,True,True
CY1802,CY,ok,6928,6928,True,0,True,True,True,True
sc2212,sc,ok,77934,77934,True,0,True,True,True,True
v1810,v,ok,10875,10875,True,0,True,True,True,True
j2404,j,ok,16772,16772,True,0,True,True,True,True
au1809,au,ok,7192,7192,True,0,True,True,True,True
rr2506,rr,ok,16769,16769,True,0,True,True,True,True
PK2311,PK,ok,11664,11664,True,0,True,True,True,True
al1301,al,ok,11663,11663,True,0,True,True,True,True
fu1411,fu,ok,10478,10478,True,0,True,True,True,True
OI1601,OI,ok,15248,15248,True,0,True,True,True,True
jd2408,jd,ok,11616,11616,True,0,True,True,True,True
c2105,c,ok,17458,17458,True,0,True,True,True,True
b1209,b,ok,9485,9485,True,0,True,True,True,True
i2108,i,ok,17394,17394,True,0,True,True,True,True
ZC2303,ZC,ok,2328,2328,True,0,True,True,True,True
au1802,au,ok,29506,29506,True,0,True,True,True,True
jm2303,jm,ok,16814,16814,True,0,True,True,True,True
AP2312,AP,ok,11638,11638,True,0,True,True,True,True
ni2311,ni,ok,23276,23276,True,0,True,True,True,True
IF1112,IF,ok,8350,8350,True,0,True,True,True,True
UR2410,UR,ok,11568,11568,True,0,True,True,True,True
i1503,i,ok,11739,11739,True,0,True,True,True,True
zn1403,zn,ok,14081,14081,True,0,True,True,True,True
au2408,au,ok,29958,29958,True,0,True,True,True,True
au1211,au,ok,11502,11502,True,0,True,True,True,True
OI1803,OI,ok,17103,17103,True,0,True,True,True,True
pb1810,pb,ok,23216,23216,True,0,True,True,True,True
l1207,l,ok,5175,5175,True,0,True,True,True,True
OI1911,OI,ok,17023,17023,True,0,True,True,True,True
SR1607,SR,ok,25805,25805,True,0,True,True,True,True
SM2108,SM,ok,11663,11663,True,0,True,True,True,True
LR2003,LR,ok,7340,7340,True,0,True,True,True,True
jd1409,jd,ok,10128,10128,True,0,True,True,True,True
RI2109,RI,ok,4619,4619,True,0,True,True,True,True
sn2208,sn,ok,23034,23034,True,0,True,True,True,True
RI2405,RI,ok,4580,4580,True,0,True,True,True,True
eg2303,eg,ok,16915,16915,True,0,True,True,True,True
IH2108,IH,ok,2250,2250,True,0,True,True,True,True
CF1311,CF,ok,3986,3986,True,0,True,True,True,True
TA2102,TA,ok,16542,16542,True,0,True,True,True,True
ag1905,ag,ok,27416,27416,True,0,True,True,True,True
CF1503,CF,ok,7181,7181,True,0,True,True,True,True
jd1511,jd,ok,11452,11452,True,0,True,True,True,True
au2207,au,ok,6699,6699,True,0,True,True,True,True
ao2502,ao,ok,22937,22937,True,0,True,True,True,True
UR2305,UR,ok,11651,11651,True,0,True,True,True,True
j2211,j,ok,16859,16859,True,0,True,True,True,True
i1609,i,ok,17549,17549,True,0,True,True,True,True
nr2503,nr,ok,17417,17417,True,0,True,True,True,True
IC1708,IC,ok,2250,2250,True,0,True,True,True,True
wr2604,wr,ok,5904,5904,True,0,True,True,True,True
j2108,j,ok,16883,16883,True,0,True,True,True,True
ZC1906,ZC,ok,17228,17228,True,0,True,True,True,True
CY2205,CY,ok,17225,17225,True,0,True,True,True,True
al1712,al,ok,23471,23471,True,0,True,True,True,True
FG1906,FG,ok,16962,16962,True,0,True,True,True,True
bb1410,bb,ok,10034,10034,True,0,True,True,True,True
hc2603,hc,ok,10339,10339,True,0,True,True,True,True
bb1505,bb,ok,11698,11698,True,0,True,True,True,True
ZC2003,ZC,ok,16964,16964,True,0,True,True,True,True
au2302,au,ok,29249,29249,True,0,True,True,True,True
al2504,al,ok,23131,23131,True,0,True,True,True,True
RS1608,RS,ok,8952,8952,True,0,True,True,True,True
al1110,al,ok,11600,11600,True,0,True,True,True,True
j2207,j,ok,16760,16760,True,0,True,True,True,True
sn2112,sn,ok,23203,23203,True,0,True,True,True,True
j1111,j,ok,1719,1719,True,0,True,True,True,True
br2602,br,ok,11799,11799,True,0,True,True,True,True
LR1809,LR,ok,4862,4862,True,0,True,True,True,True
MA1802,MA,ok,17519,17519,True,0,True,True,True,True
IF2401,IF,ok,2200,2200,True,0,True,True,True,True
pp2307,pp,ok,17563,17563,True,0,True,True,True,True
lc2402,lc,ok,6803,6803,True,0,True,True,True,True
fb2302,fb,ok,11393,11393,True,0,True,True,True,True
SM1902,SM,ok,10275,10275,True,0,True,True,True,True
IC2506,IC,ok,8150,8150,True,0,True,True,True,True
y1808,y,ok,16926,16926,True,0,True,True,True,True
SR2007,SR,ok,15994,15994,True,0,True,True,True,True
m1509,m,ok,16010,16010,True,0,True,True,True,True
ru2507,ru,ok,17491,17491,True,0,True,True,True,True
TF1806,TF,ok,9406,9406,True,0,True,True,True,True
PX2501,PX,ok,17449,17449,True,0,True,True,True,True
sp2603,sp,ok,10339,10339,True,0,True,True,True,True
b1505,b,ok,12803,12803,True,0,True,True,True,True
cu2108,cu,ok,23277,23277,True,0,True,True,True,True
AP2103,AP,ok,11539,11539,True,0,True,True,True,True
fu2502,fu,ok,17154,17154,True,0,True,True,True,True
bu2403,bu,ok,35153,35153,True,0,True,True,True,True
jd1802,jd,ok,11999,11999,True,0,True,True,True,True
FG2308,FG,ok,17564,17564,True,0,True,True,True,True
SF1712,SF,ok,5038,5038,True,0,True,True,True,True
bc2305,bc,ok,22955,22955,True,0,True,True,True,True
SF1704,SF,ok,5262,5262,True,0,True,True,True,True
sn1902,sn,ok,22856,22856,True,0,True,True,True,True
sn1911,sn,ok,23055,23055,True,0,True,True,True,True
i2302,i,ok,17272,17272,True,0,True,True,True,True
m2401,m,ok,17516,17516,True,0,True,True,True,True
TA1901,TA,ok,17564,17564,True,0,True,True,True,True
bc2110,bc,ok,20648,20648,True,0,True,True,True,True
m1101,m,ok,11283,11283,True,0,True,True,True,True
lc2502,lc,ok,11424,11424,True,0,True,True,True,True
cs1601,cs,ok,11634,11634,True,0,True,True,True,True
ss2205,ss,ok,23022,23022,True,0,True,True,True,True
rb2205,rb,ok,17418,17418,True,0,True,True,True,True
jd2506,jd,ok,11488,11488,True,0,True,True,True,True
eg2506,eg,ok,17458,17458,True,0,True,True,True,True
ZC2606,ZC,ok,1654,1654,True,0,True,True,True,True
l1611,l,ok,2359,2359,True,0,True,True,True,True
br2406,br,ok,15265,15265,True,0,True,True,True,True
jd2206,jd,ok,11423,11423,True,0,True,True,True,True
p2310,p,ok,17500,17500,True,0,True,True,True,True
lu2104,lu,ok,13592,13592,True,0,True,True,True,True
fb1405,fb,ok,5136,5136,True,0,True,True,True,True
SF2307,SF,ok,11664,11664,True,0,True,True,True,True
al1711,al,ok,23465,23465,True,0,True,True,True,True
fu1607,fu,ok,6015,6015,True,0,True,True,True,True
T2412,T,ok,9883,9883,True,0,True,True,True,True
jm2301,jm,ok,17462,17462,True,0,True,True,True,True
hc2602,hc,ok,11799,11799,True,0,True,True,True,True
j1701,j,ok,17636,17636,True,0,True,True,True,True
AP2510,AP,ok,11555,11555,True,0,True,True,True,True
lu2409,lu,ok,17502,17502,True,0,True,True,True,True
SF1703,SF,ok,5563,5563,True,0,True,True,True,True
wr2411,wr,ok,10998,10998,True,0,True,True,True,True
zn1812,zn,ok,23313,23313,True,0,True,True,True,True
SF2001,SF,ok,11711,11711,True,0,True,True,True,True
TA1204,TA,ok,7130,7130,True,0,True,True,True,True
rb2406,rb,ok,17418,17418,True,0,True,True,True,True
au1101,au,ok,10975,10975,True,0,True,True,True,True
eg2212,eg,ok,17344,17344,True,0,True,True,True,True
SA2302,SA,ok,17271,17271,True,0,True,True,True,True
lc2508,lc,ok,11616,11616,True,0,True,True,True,True
SF2110,SF,ok,11538,11538,True,0,True,True,True,True
sc1908,sc,ok,27475,27475,True,0,True,True,True,True
RM2001,RM,ok,17637,17637,True,0,True,True,True,True
l1307,l,ok,5988,5988,True,0,True,True,True,True
TA2203,TA,ok,17563,17563,True,0,True,True,True,True
CF2311,CF,ok,17589,17589,True,0,True,True,True,True
pb1908,pb,ok,23192,23192,True,0,True,True,True,True
i2512,i,ok,14596,14596,True,0,True,True,True,True
IC2209,IC,ok,7900,7900,True,0,True,True,True,True
MA2401,MA,ok,17497,17497,True,0,True,True,True,True
l1710,l,ok,10071,10071,True,0,True,True,True,True
zn2006,zn,ok,20288,20288,True,0,True,True,True,True
eb2312,eb,ok,17233,17233,True,0,True,True,True,True
rb1806,rb,ok,17596,17596,True,0,True,True,True,True
TA2011,TA,ok,15990,15990,True,0,True,True,True,True
al2606,al,ok,8002,8002,True,0,True,True,True,True
PF2405,PF,ok,17483,17483,True,0,True,True,True,True
SH2512,SH,ok,14596,14596,True,0,True,True,True,True
cu1105,cu,ok,11504,11504,True,0,True,True,True,True
cu1203,cu,ok,11613,11613,True,0,True,True,True,True
IC2010,IC,ok,1700,1700,True,0,True,True,True,True
IH2112,IH,ok,8200,8200,True,0,True,True,True,True
rr2102,rr,ok,16099,16099,True,0,True,True,True,True
SM1612,SM,ok,6741,6741,True,0,True,True,True,True
zn1707,zn,ok,21994,21994,True,0,True,True,True,True
MA2304,MA,ok,17470,17470,True,0,True,True,True,True
ag2202,ag,ok,27524,27524,True,0,True,True,True,True
JR2503,JR,ok,4561,4561,True,0,True,True,True,True
c1509,c,ok,11760,11760,True,0,True,True,True,True
IF1711,IF,ok,2000,2000,True,0,True,True,True,True
sc2408,sc,ok,27511,27511,True,0,True,True,True,True
p1808,p,ok,16880,16880,True,0,True,True,True,True
FG1602,FG,ok,15173,15173,True,0,True,True,True,True
bu1512,bu,ok,27266,27266,True,0,True,True,True,True
y2212,y,ok,17407,17407,True,0,True,True,True,True
m1501,m,ok,12060,12060,True,0,True,True,True,True
i2203,i,ok,17268,17268,True,0,True,True,True,True
wr1403,wr,ok,8482,8482,True,0,True,True,True,True
fb2504,fb,ok,11088,11088,True,0,True,True,True,True
RS2209,RS,ok,11279,11279,True,0,True,True,True,True
i1903,i,ok,17475,17475,True,0,True,True,True,True
bc2505,bc,ok,23061,23061,True,0,True,True,True,True
LR2405,LR,ok,4580,4580,True,0,True,True,True,True
b1101,b,ok,7412,7412,True,0,True,True,True,True
WT1209,WT,ok,480,480,True,0,True,True,True,True
FG1706,FG,ok,17087,17087,True,0,True,True,True,True
eb2212,eb,ok,17242,17242,True,0,True,True,True,True
ME1208,ME,ok,4427,4427,True,0,True,True,True,True
jd2005,jd,ok,11616,11616,True,0,True,True,True,True
T2503,T,ok,9565,9565,True,0,True,True,True,True
cu2507,cu,ok,23131,23131,True,0,True,True,True,True
ru1401,ru,ok,11520,11520,True,0,True,True,True,True
ni2202,ni,ok,23275,23275,True,0,True,True,True,True
a2203,a,ok,17407,17407,True,0,True,True,True,True
RS1607,RS,ok,11580,11580,True,0,True,True,True,True
au1707,au,ok,6590,6590,True,0,True,True,True,True
cu1609,cu,ok,23567,23567,True,0,True,True,True,True
sn2506,sn,ok,23034,23034,True,0,True,True,True,True
RO1305,RO,ok,230,230,True,0,True,True,True,True
ag1602,ag,ok,26729,26729,True,0,True,True,True,True
MA1811,MA,ok,17070,17070,True,0,True,True,True,True
rb1206,rb,ok,11414,11414,True,0,True,True,True,True
jd1804,jd,ok,11531,11531,True,0,True,True,True,True
jm2102,jm,ok,16055,16055,True,0,True,True,True,True
ZC2002,ZC,ok,16828,16828,True,0,True,True,True,True
pg2505,pg,ok,16921,16921,True,0,True,True,True,True
TA2303,TA,ok,17564,17564,True,0,True,True,True,True
i2209,i,ok,17466,17466,True,0,True,True,True,True
FG2108,FG,ok,17460,17460,True,0,True,True,True,True
ec2510,ec,ok,11328,11328,True,0,True,True,True,True
ru1610,ru,ok,16227,16227,True,0,True,True,True,True
cu1004,cu,ok,3264,3264,True,0,True,True,True,True
ru2205,ru,ok,17418,17418,True,0,True,True,True,True
eb2505,eb,ok,17418,17418,True,0,True,True,True,True
v1207,v,ok,2437,2437,True,0,True,True,True,True
fu2201,fu,ok,17491,17491,True,0,True,True,True,True
pb1603,pb,ok,23238,23238,True,0,True,True,True,True
p2107,p,ok,17446,17446,True,0,True,True,True,True
IF2307,IF,ok,2150,2150,True,0,True,True,True,True
al1905,al,ok,23228,23228,True,0,True,True,True,True
j2303,j,ok,16833,16833,True,0,True,True,True,True
jm1701,jm,ok,17530,17530,True,0,True,True,True,True
OI2301,OI,ok,17478,17478,True,0,True,True,True,True
lh2205,lh,ok,11557,11557,True,0,True,True,True,True
ni2302,ni,ok,23228,23228,True,0,True,True,True,True
ag1608,ag,ok,20918,20918,True,0,True,True,True,True
pp2309,pp,ok,17557,17557,True,0,True,True,True,True
p1003,p,ok,1130,1130,True,0,True,True,True,True
wr1210,wr,ok,8602,8602,True,0,True,True,True,True
zn2008,zn,ok,20239,20239,True,0,True,True,True,True
wr1012,wr,ok,10323,10323,True,0,True,True,True,True
IM2402,IM,ok,1950,1950,True,0,True,True,True,True
RM2005,RM,ok,15975,15975,True,0,True,True,True,True
eb2007,eb,ok,11697,11697,True,0,True,True,True,True
SR1411,SR,ok,9002,9002,True,0,True,True,True,True
p2512,p,ok,14596,14596,True,0,True,True,True,True
ss2010,ss,ok,20209,20209,True,0,True,True,True,True
hc1810,hc,ok,17564,17564,True,0,True,True,True,True
IF1803,IF,ok,7950,7950,True,0,True,True,True,True
bu1905,bu,ok,8514,8514,True,0,True,True,True,True
TA2304,TA,ok,17564,17564,True,0,True,True,True,True
fu1705,fu,ok,4244,4244,True,0,True,True,True,True
WH2605,WH,ok,1920,1920,True,0,True,True,True,True
au1708,au,ok,26238,26238,True,0,True,True,True,True
y2311,y,ok,17544,17544,True,0,True,True,True,True
ag1209,ag,ok,4416,4416,True,0,True,True,True,True
m1608,m,ok,14715,14715,True,0,True,True,True,True
rb2307,rb,ok,17564,17564,True,0,True,True,True,True
ZC2211,ZC,ok,12480,12480,True,0,True,True,True,True
UR2108,UR,ok,11474,11474,True,0,True,True,True,True
i2312,i,ok,17589,17589,True,0,True,True,True,True
lu2405,lu,ok,17496,17496,True,0,True,True,True,True
rb1505,rb,ok,13935,13935,True,0,True,True,True,True
PF2407,PF,ok,17442,17442,True,0,True,True,True,True
fu2107,fu,ok,17522,17522,True,0,True,True,True,True
y2112,y,ok,16887,16887,True,0,True,True,True,True
CY1812,CY,ok,10308,10308,True,0,True,True,True,True
PX2506,PX,ok,17162,17162,True,0,True,True,True,True
p2105,p,ok,17589,17589,True,0,True,True,True,True
l2406,l,ok,17472,17472,True,0,True,True,True,True
CF2101,CF,ok,16064,16064,True,0,True,True,True,True
y1208,y,ok,5038,5038,True,0,True,True,True,True
PR2509,PR,ok,17392,17392,True,0,True,True,True,True
al1808,al,ok,23471,23471,True,0,True,True,True,True
RM1611,RM,ok,17097,17097,True,0,True,True,True,True
hc2605,hc,ok,7542,7542,True,0,True,True,True,True
jm1503,jm,ok,11876,11876,True,0,True,True,True,True
sn2107,sn,ok,23361,23361,True,0,True,True,True,True
al2212,al,ok,23228,23228,True,0,True,True,True,True
OI2303,OI,ok,17509,17509,True,0,True,True,True,True
fu2406,fu,ok,17411,17411,True,0,True,True,True,True
pg2405,pg,ok,16535,16535,True,0,True,True,True,True
ni2003,ni,ok,21758,21758,True,0,True,True,True,True
jm1511,jm,ok,14606,14606,True,0,True,True,True,True
RI1511,RI,ok,5644,5644,True,0,True,True,True,True
TA2210,TA,ok,17564,17564,True,0,True,True,True,True
j1907,j,ok,17344,17344,True,0,True,True,True,True
y1212,y,ok,4002,4002,True,0,True,True,True,True
c1705,c,ok,11571,11571,True,0,True,True,True,True
bu2303,bu,ok,35127,35127,True,0,True,True,True,True
y1605,y,ok,17181,17181,True,0,True,True,True,True
pg2403,pg,ok,16935,16935,True,0,True,True,True,True
TA1609,TA,ok,17710,17710,True,0,True,True,True,True
IH2207,IH,ok,1950,1950,True,0,True,True,True,True
j2603,j,ok,10412,10412,True,0,True,True,True,True
IH1909,IH,ok,8200,8200,True,0,True,True,True,True
rb2104,rb,ok,17289,17289,True,0,True,True,True,True
nr2007,nr,ok,14569,14569,True,0,True,True,True,True
b2206,b,ok,17283,17283,True,0,True,True,True,True
RI1503,RI,ok,10258,10258,True,0,True,True,True,True
jd1505,jd,ok,11680,11680,True,0,True,True,True,True
zn2503,zn,ok,23022,23022,True,0,True,True,True,True
p1111,p,ok,3585,3585,True,0,True,True,True,True
bb2312,bb,ok,18,18,True,0,True,True,True,True
sc2107,sc,ok,27657,27657,True,0,True,True,True,True
pp1705,pp,ok,11616,11616,True,0,True,True,True,True
fu2305,fu,ok,17564,17564,True,0,True,True,True,True
SF2209,SF,ok,11616,11616,True,0,True,True,True,True
eb2103,eb,ok,16903,16903,True,0,True,True,True,True
pb2501,pb,ok,23118,23118,True,0,True,True,True,True
PR2604,PR,ok,8904,8904,True,0,True,True,True,True
SF1908,SF,ok,11278,11278,True,0,True,True,True,True
pp2212,pp,ok,17505,17505,True,0,True,True,True,True
IH2503,IH,ok,8050,8050,True,0,True,True,True,True
rb1401,rb,ok,11507,11507,True,0,True,True,True,True
OI1605,OI,ok,17177,17177,True,0,True,True,True,True
SF1605,SF,ok,8584,8584,True,0,True,True,True,True
wr1408,wr,ok,7743,7743,True,0,True,True,True,True
ZC2004,ZC,ok,16202,16202,True,0,True,True,True,True
pb1510,pb,ok,23239,23239,True,0,True,True,True,True
CF1805,CF,ok,17662,17662,True,0,True,True,True,True
bz2605,bz,ok,4914,4914,True,0,True,True,True,True
jm1612,jm,ok,2346,2346,True,0,True,True,True,True
v1801,v,ok,11711,11711,True,0,True,True,True,True
IM2302,IM,ok,1950,1950,True,0,True,True,True,True
RI2205,RI,ok,4617,4617,True,0,True,True,True,True
TA1105,TA,ok,352,352,True,0,True,True,True,True
FG2310,FG,ok,17458,17458,True,0,True,True,True,True
CY2504,CY,ok,16779,16779,True,0,True,True,True,True
cu1605,cu,ok,23373,23373,True,0,True,True,True,True
ss2508,ss,ok,23095,23095,True,0,True,True,True,True
bc2104,bc,ok,9177,9177,True,0,True,True,True,True
jd1902,jd,ok,11638,11638,True,0,True,True,True,True
SM1806,SM,ok,6439,6439,True,0,True,True,True,True
JR2205,JR,ok,4593,4593,True,0,True,True,True,True
jm1401,jm,ok,9452,9452,True,0,True,True,True,True
l2601,l,ok,13015,13015,True,0,True,True,True,True
MA1703,MA,ok,17044,17044,True,0,True,True,True,True
JR1701,JR,ok,6559,6559,True,0,True,True,True,True
y1905,y,ok,17649,17649,True,0,True,True,True,True
zn1508,zn,ok,23421,23421,True,0,True,True,True,True
wr1401,wr,ok,8471,8471,True,0,True,True,True,True
fb2605,fb,ok,4895,4895,True,0,True,True,True,True
c2009,c,ok,15927,15927,True,0,True,True,True,True
bu2401,bu,ok,17496,17496,True,0,True,True,True,True
rb1011,rb,ok,9942,9942,True,0,True,True,True,True
AP1811,AP,ok,10371,10371,True,0,True,True,True,True
i2202,i,ok,17331,17331,True,0,True,True,True,True
rb1009,rb,ok,8291,8291,True,0,True,True,True,True
FG2107,FG,ok,17403,17403,True,0,True,True,True,True
au1111,au,ok,11401,11401,True,0,True,True,True,True
i1907,i,ok,17126,17126,True,0,True,True,True,True
zn2401,zn,ok,23180,23180,True,0,True,True,True,True
wr1911,wr,ok,4144,4144,True,0,True,True,True,True
OI2409,OI,ok,17516,17516,True,0,True,True,True,True
c1603,c,ok,10891,10891,True,0,True,True,True,True
FG2009,FG,ok,15808,15808,True,0,True,True,True,True
rb2207,rb,ok,17382,17382,True,0,True,True,True,True
ag1705,ag,ok,24413,24413,True,0,True,True,True,True
hc1902,hc,ok,17099,17099,True,0,True,True,True,True
SF2505,SF,ok,11616,11616,True,0,True,True,True,True
ni2406,ni,ok,23022,23022,True,0,True,True,True,True
al2501,al,ok,23131,23131,True,0,True,True,True,True
TS1912,TS,ok,9571,9571,True,0,True,True,True,True
l1009,l,ok,8204,8204,True,0,True,True,True,True
sn1707,sn,ok,13256,13256,True,0,True,True,True,True
pp1809,pp,ok,11759,11759,True,0,True,True,True,True
lc2504,lc,ok,11549,11549,True,0,True,True,True,True
ec2408,ec,ok,11904,11904,True,0,True,True,True,True
j2110,j,ok,17350,17350,True,0,True,True,True,True
ni2310,ni,ok,23180,23180,True,0,True,True,True,True
nr2002,nr,ok,8540,8540,True,0,True,True,True,True
y1509,y,ok,15942,15942,True,0,True,True,True,True
au2212,au,ok,29944,29944,True,0,True,True,True,True
p1401,p,ok,11378,11378,True,0,True,True,True,True
PM2401,PM,ok,4561,4561,True,0,True,True,True,True
ru1810,ru,ok,17465,17465,True,0,True,True,True,True
au1102,au,ok,11037,11037,True,0,True,True,True,True
m2208,m,ok,17386,17386,True,0,True,True,True,True
LR2403,LR,ok,4599,4599,True,0,True,True,True,True
zn1910,zn,ok,23228,23228,True,0,True,True,True,True
bu1611,bu,ok,4896,4896,True,0,True,True,True,True
wr1910,wr,ok,8258,8258,True,0,True,True,True,True
LR2109,LR,ok,4618,4618,True,0,True,True,True,True
ru1304,ru,ok,11615,11615,True,0,True,True,True,True
b2005,b,ok,15903,15903,True,0,True,True,True,True
FG2408,FG,ok,17589,17589,True,0,True,True,True,True
ZC2304,ZC,ok,2694,2694,True,0,True,True,True,True
ps2509,ps,ok,8368,8368,True,0,True,True,True,True
cs1907,cs,ok,12501,12501,True,0,True,True,True,True
eg2006,eg,ok,15520,15520,True,0,True,True,True,True
m1309,m,ok,11472,11472,True,0,True,True,True,True
FG2105,FG,ok,17497,17497,True,0,True,True,True,True
l1603,l,ok,9814,9814,True,0,True,True,True,True
b1205,b,ok,5966,5966,True,0,True,True,True,True
sc2305,sc,ok,27475,27475,True,0,True,True,True,True
RO1207,RO,ok,8058,8058,True,0,True,True,True,True
fb1801,fb,ok,6680,6680,True,0,True,True,True,True
CJ2003,CJ,ok,10131,10131,True,0,True,True,True,True
ag1407,ag,ok,27529,27529,True,0,True,True,True,True
SF2102,SF,ok,11540,11540,True,0,True,True,True,True
pb2505,pb,ok,23034,23034,True,0,True,True,True,True
au1106,au,ok,11536,11536,True,0,True,True,True,True
pp1409,pp,ok,6563,6563,True,0,True,True,True,True
MA1701,MA,ok,17550,17550,True,0,True,True,True,True
RM1307,RM,ok,3152,3152,True,0,True,True,True,True
cu1304,cu,ok,11616,11616,True,0,True,True,True,True
p2605,p,ok,7396,7396,True,0,True,True,True,True
au1704,au,ok,22727,22727,True,0,True,True,True,True
TA2005,TA,ok,16112,16112,True,0,True,True,True,True
v2309,v,ok,17589,17589,True,0,True,True,True,True
IH2311,IH,ok,1950,1950,True,0,True,True,True,True
OI2207,OI,ok,17429,17429,True,0,True,True,True,True
j1904,j,ok,17303,17303,True,0,True,True,True,True
bc2304,bc,ok,23102,23102,True,0,True,True,True,True
CF1101,CF,ok,186,186,True,0,True,True,True,True
v1907,v,ok,12711,12711,True,0,True,True,True,True
fb1708,fb,ok,459,459,True,0,True,True,True,True
PM2009,PM,ok,6727,6727,True,0,True,True,True,True
IC1711,IC,ok,2000,2000,True,0,True,True,True,True
eg2301,eg,ok,17185,17185,True,0,True,True,True,True
IC1808,IC,ok,2200,2200,True,0,True,True,True,True
jm2308,jm,ok,17484,17484,True,0,True,True,True,True
pp1806,pp,ok,11362,11362,True,0,True,True,True,True
SF2108,SF,ok,11663,11663,True,0,True,True,True,True
b2507,b,ok,17173,17173,True,0,True,True,True,True
au1905,au,ok,6417,6417,True,0,True,True,True,True
al1508,al,ok,23421,23421,True,0,True,True,True,True
PM2105,PM,ok,9920,9920,True,0,True,True,True,True
p2602,p,ok,11726,11726,True,0,True,True,True,True
au2110,au,ok,29187,29187,True,0,True,True,True,True
a2001,a,ok,26531,26531,True,0,True,True,True,True
jd2411,jd,ok,11450,11450,True,0,True,True,True,True
MA2110,MA,ok,17398,17398,True,0,True,True,True,True
LR1911,LR,ok,9796,9796,True,0,True,True,True,True
l1303,l,ok,5785,5785,True,0,True,True,True,True
WH1401,WH,ok,1583,1583,True,0,True,True,True,True
IH2410,IH,ok,1900,1900,True,0,True,True,True,True
SF2302,SF,ok,11472,11472,True,0,True,True,True,True
ad2602,ad,ok,9986,9986,True,0,True,True,True,True
SR1305,SR,ok,2765,2765,True,0,True,True,True,True
b2502,b,ok,16840,16840,True,0,True,True,True,True
FG1402,FG,ok,5276,5276,True,0,True,True,True,True
au1007,au,ok,5629,5629,True,0,True,True,True,True
hc1809,hc,ok,17716,17716,True,0,True,True,True,True
pp2404,pp,ok,17392,17392,True,0,True,True,True,True
CY1810,CY,ok,15471,15471,True,0,True,True,True,True
OI1411,OI,ok,9561,9561,True,0,True,True,True,True
fu1009,fu,ok,7776,7776,True,0,True,True,True,True
au2111,au,ok,6324,6324,True,0,True,True,True,True
y1609,y,ok,17479,17479,True,0,True,True,True,True
pb1909,pb,ok,22985,22985,True,0,True,True,True,True
rb2105,rb,ok,17589,17589,True,0,True,True,True,True
RM1605,RM,ok,17672,17672,True,0,True,True,True,True
p1610,p,ok,6449,6449,True,0,True,True,True,True
eg2107,eg,ok,16370,16370,True,0,True,True,True,True
jd1510,jd,ok,11487,11487,True,0,True,True,True,True
pb2002,pb,ok,22738,22738,True,0,True,True,True,True
rb1602,rb,ok,17221,17221,True,0,True,True,True,True
m1103,m,ok,10506,10506,True,0,True,True,True,True
ER1111,ER,ok,2589,2589,True,0,True,True,True,True
j1511,j,ok,16667,16667,True,0,True,True,True,True
ru2009,ru,ok,16064,16064,True,0,True,True,True,True
au2211,au,ok,6595,6595,True,0,True,True,True,True
hc1605,hc,ok,17204,17204,True,0,True,True,True,True
UR2208,UR,ok,11484,11484,True,0,True,True,True,True
ZC1801,ZC,ok,17637,17637,True,0,True,True,True,True
TA1406,TA,ok,8781,8781,True,0,True,True,True,True
FG1510,FG,ok,12509,12509,True,0,True,True,True,True
b2501,b,ok,17417,17417,True,0,True,True,True,True
i1702,i,ok,14157,14157,True,0,True,True,True,True
pb1408,pb,ok,19162,19162,True,0,True,True,True,True
y1709,y,ok,17538,17538,True,0,True,True,True,True
TF1403,TF,ok,6438,6438,True,0,True,True,True,True
SM1704,SM,ok,4860,4860,True,0,True,True,True,True
y2011,y,ok,15524,15524,True,0,True,True,True,True
b2009,b,ok,15548,15548,True,0,True,True,True,True
TA1203,TA,ok,6495,6495,True,0,True,True,True,True
c2211,c,ok,17513,17513,True,0,True,True,True,True
si2601,si,ok,8640,8640,True,0,True,True,True,True
al2512,al,ok,19203,19203,True,0,True,True,True,True
lu2205,lu,ok,17290,17290,True,0,True,True,True,True
fu2101,fu,ok,16210,16210,True,0,True,True,True,True
sp2303,sp,ok,17564,17564,True,0,True,True,True,True
jd1404,jd,ok,4624,4624,True,0,True,True,True,True
nr2111,nr,ok,17490,17490,True,0,True,True,True,True
UR2311,UR,ok,11664,11664,True,0,True,True,True,True
IC2411,IC,ok,1750,1750,True,0,True,True,True,True
cs1801,cs,ok,11699,11699,True,0,True,True,True,True
ec2410,ec,ok,13728,13728,True,0,True,True,True,True
p1211,p,ok,1682,1682,True,0,True,True,True,True
IH1701,IH,ok,2199,2199,True,0,True,True,True,True
bu2302,bu,ok,16104,16104,True,0,True,True,True,True
v1005,v,ok,4192,4192,True,0,True,True,True,True
fu1909,fu,ok,17458,17458,True,0,True,True,True,True
RM1803,RM,ok,17535,17535,True,0,True,True,True,True
lu2112,lu,ok,17452,17452,True,0,True,True,True,True
RM2403,RM,ok,17589,17589,True,0,True,True,True,True
WH2405,WH,ok,4580,4580,True,0,True,True,True,True
bc2105,bc,ok,10944,10944,True,0,True,True,True,True
fb1902,fb,ok,3182,3182,True,0,True,True,True,True
rb1010,rb,ok,8976,8976,True,0,True,True,True,True
y1811,y,ok,16797,16797,True,0,True,True,True,True
CF2511,CF,ok,16129,16129,True,0,True,True,True,True
fb2606,fb,ok,3983,3983,True,0,True,True,True,True
y1612,y,ok,4170,4170,True,0,True,True,True,True
jm2104,jm,ok,17194,17194,True,0,True,True,True,True
RM1603,RM,ok,17647,17647,True,0,True,True,True,True
MA1803,MA,ok,17347,17347,True,0,True,True,True,True
CY1902,CY,ok,12285,12285,True,0,True,True,True,True
v1710,v,ok,9772,9772,True,0,True,True,True,True
SM2512,SM,ok,9695,9695,True,0,True,True,True,True
rb2508,rb,ok,17491,17491,True,0,True,True,True,True
ZC2504,ZC,ok,7470,7470,True,0,True,True,True,True
IC2303,IC,ok,8150,8150,True,0,True,True,True,True
l2602,l,ok,11726,11726,True,0,True,True,True,True
PF2606,PF,ok,6034,6034,True,0,True,True,True,True
OI2107,OI,ok,17630,17630,True,0,True,True,True,True
fu2009,fu,ok,15966,15966,True,0,True,True,True,True
al1311,al,ok,11411,11411,True,0,True,True,True,True
au2108,au,ok,30054,30054,True,0,True,True,True,True
nr2402,nr,ok,17597,17597,True,0,True,True,True,True
ag1802,ag,ok,27868,27868,True,0,True,True,True,True
ZC2110,ZC,ok,17391,17391,True,0,True,True,True,True
fb1906,fb,ok,4509,4509,True,0,True,True,True,True
nr2108,nr,ok,17492,17492,True,0,True,True,True,True
pp1505,pp,ok,11699,11699,True,0,True,True,True,True
fu1106,fu,ok,11315,11315,True,0,True,True,True,True
cu1706,cu,ok,22788,22788,True,0,True,True,True,True
br2403,br,ok,11050,11050,True,0,True,True,True,True
IC1602,IC,ok,1925,1925,True,0,True,True,True,True
pb2312,pb,ok,23277,23277,True,0,True,True,True,True
al1204,al,ok,11520,11520,True,0,True,True,True,True
au1512,au,ok,25115,25115,True,0,True,True,True,True
v2111,v,ok,17490,17490,True,0,True,True,True,True
v2606,v,ok,6034,6034,True,0,True,True,True,True
c2509,c,ok,17370,17370,True,0,True,True,True,True
bu2706,bu,ok,6034,6034,True,0,True,True,True,True
p1605,p,ok,17346,17346,True,0,True,True,True,True
IH2306,IH,ok,8000,8000,True,0,True,True,True,True
TC1404,TC,ok,3675,3675,True,0,True,True,True,True
bz2606,bz,ok,4914,4914,True,0,True,True,True,True
pp1701,pp,ok,11711,11711,True,0,True,True,True,True
SF2005,SF,ok,11711,11711,True,0,True,True,True,True
FG1611,FG,ok,17038,17038,True,0,True,True,True,True
hc2007,hc,ok,15877,15877,True,0,True,True,True,True
JR2209,JR,ok,4599,4599,True,0,True,True,True,True
fu1306,fu,ok,10749,10749,True,0,True,True,True,True
rb2008,rb,ok,15960,15960,True,0,True,True,True,True
b1511,b,ok,13688,13688,True,0,True,True,True,True
RM1707,RM,ok,17097,17097,True,0,True,True,True,True
WH2403,WH,ok,4612,4612,True,0,True,True,True,True
MA1903,MA,ok,17058,17058,True,0,True,True,True,True
ag1808,ag,ok,27663,27663,True,0,True,True,True,True
MA1807,MA,ok,17121,17121,True,0,True,True,True,True
cu2106,cu,ok,23131,23131,True,0,True,True,True,True
WS1209,WS,ok,436,436,True,0,True,True,True,True
IC2401,IC,ok,2200,2200,True,0,True,True,True,True
cu2006,cu,ok,20288,20288,True,0,True,True,True,True
pb2604,pb,ok,11784,11784,True,0,True,True,True,True
FG1711,FG,ok,17121,17121,True,0,True,True,True,True
eb2102,eb,ok,16376,16376,True,0,True,True,True,True
IC2212,IC,ok,8250,8250,True,0,True,True,True,True
nr2410,nr,ok,17388,17388,True,0,True,True,True,True
SA2203,SA,ok,17564,17564,True,0,True,True,True,True
l1409,l,ok,11663,11663,True,0,True,True,True,True
pb1604,pb,ok,23237,23237,True,0,True,True,True,True
SH2412,SH,ok,17177,17177,True,0,True,True,True,True
ss2009,ss,ok,19584,19584,True,0,True,True,True,True
sp2105,sp,ok,17589,17589,True,0,True,True,True,True
al1605,al,ok,23373,23373,True,0,True,True,True,True
y2308,y,ok,17526,17526,True,0,True,True,True,True
sc1903,sc,ok,25454,25454,True,0,True,True,True,True
IF2010,IF,ok,1700,1700,True,0,True,True,True,True
sn1901,sn,ok,23204,23204,True,0,True,True,True,True
sp2405,sp,ok,17516,17516,True,0,True,True,True,True
al1202,al,ok,11552,11552,True,0,True,True,True,True
fb1602,fb,ok,5609,5609,True,0,True,True,True,True
ag2403,ag,ok,27543,27543,True,0,True,True,True,True
rb1007,rb,ok,6192,6192,True,0,True,True,True,True
l1805,l,ok,11699,11699,True,0,True,True,True,True
lu2510,lu,ok,17544,17544,True,0,True,True,True,True
fu1311,fu,ok,5506,5506,True,0,True,True,True,True
WH1601,WH,ok,11512,11512,True,0,True,True,True,True
i2604,i,ok,8904,8904,True,0,True,True,True,True
TA2606,TA,ok,6034,6034,True,0,True,True,True,True
m1803,m,ok,17126,17126,True,0,True,True,True,True
PM1805,PM,ok,10612,10612,True,0,True,True,True,True
v2603,v,ok,10412,10412,True,0,True,True,True,True
wr1802,wr,ok,1545,1545,True,0,True,True,True,True
SM1602,SM,ok,4611,4611,True,0,True,True,True,True
ni2503,ni,ok,23034,23034,True,0,True,True,True,True
PK2501,PK,ok,11577,11577,True,0,True,True,True,True
SM2603,SM,ok,6912,6912,True,0,True,True,True,True
IC1702,IC,ok,1950,1950,True,0,True,True,True,True
zn1906,zn,ok,23082,23082,True,0,True,True,True,True
m1609,m,ok,17556,17556,True,0,True,True,True,True
SF2004,SF,ok,10584,10584,True,0,True,True,True,True
sp2601,sp,ok,13015,13015,True,0,True,True,True,True
pg2512,pg,ok,13939,13939,True,0,True,True,True,True
nr2204,nr,ok,17301,17301,True,0,True,True,True,True
c1009,c,ok,8051,8051,True,0,True,True,True,True
rb2212,rb,ok,17564,17564,True,0,True,True,True,True
sc2607,sc,ok,8328,8328,True,0,True,True,True,True
FG2103,FG,ok,16539,16539,True,0,True,True,True,True
T2009,T,ok,9618,9618,True,0,True,True,True,True
br2605,br,ok,7542,7542,True,0,True,True,True,True
IH1710,IH,ok,2000,2000,True,0,True,True,True,True
c1605,c,ok,11696,11696,True,0,True,True,True,True
bu2204,bu,ok,8817,8817,True,0,True,True,True,True
AP2603,AP,ok,6912,6912,True,0,True,True,True,True
eg2204,eg,ok,17417,17417,True,0,True,True,True,True
a1901,a,ok,26581,26581,True,0,True,True,True,True
jm1912,jm,ok,17331,17331,True,0,True,True,True,True
MA1510,MA,ok,14244,14244,True,0,True,True,True,True
au1011,au,ok,9408,9408,True,0,True,True,True,True
cu1911,cu,ok,23228,23228,True,0,True,True,True,True
pg2603,pg,ok,9828,9828,True,0,True,True,True,True
cu2111,cu,ok,23131,23131,True,0,True,True,True,True
TA1612,TA,ok,17697,17697,True,0,True,True,True,True
ru2004,ru,ok,16323,16323,True,0,True,True,True,True
al1512,al,ok,23263,23263,True,0,True,True,True,True
nr2404,nr,ok,17295,17295,True,0,True,True,True,True
PX2407,PX,ok,13932,13932,True,0,True,True,True,True
PM2403,PM,ok,4615,4615,True,0,True,True,True,True
eb2405,eb,ok,17423,17423,True,0,True,True,True,True
eb2604,eb,ok,8320,8320,True,0,True,True,True,True
SM1609,SM,ok,10512,10512,True,0,True,True,True,True
zn1801,zn,ok,23374,23374,True,0,True,True,True,True
jm1609,jm,ok,17425,17425,True,0,True,True,True,True
al1206,al,ok,11596,11596,True,0,True,True,True,True
v1402,v,ok,10968,10968,True,0,True,True,True,True
fu1601,fu,ok,9677,9677,True,0,True,True,True,True
FG1304,FG,ok,2062,2062,True,0,True,True,True,True
fb2208,fb,ok,8999,8999,True,0,True,True,True,True
TF2312,TF,ok,9671,9671,True,0,True,True,True,True
zn2502,zn,ok,22936,22936,True,0,True,True,True,True
SM2008,SM,ok,10878,10878,True,0,True,True,True,True
SA2112,SA,ok,17519,17519,True,0,True,True,True,True
p1708,p,ok,11826,11826,True,0,True,True,True,True
LR2407,LR,ok,4561,4561,True,0,True,True,True,True
pg2504,pg,ok,17442,17442,True,0,True,True,True,True
fb2104,fb,ok,2531,2531,True,0,True,True,True,True
SF1505,SF,ok,6266,6266,True,0,True,True,True,True
hc2402,hc,ok,17617,17617,True,0,True,True,True,True
ru1205,ru,ok,11407,11407,True,0,True,True,True,True
IC2501,IC,ok,2200,2200,True,0,True,True,True,True
SR2201,SR,ok,17564,17564,True,0,True,True,True,True
sc2010,sc,ok,23571,23571,True,0,True,True,True,True
j1309,j,ok,11085,11085,True,0,True,True,True,True
zn1612,zn,ok,21307,21307,True,0,True,True,True,True
zn1008,zn,ok,7248,7248,True,0,True,True,True,True
bu2504,bu,ok,17491,17491,True,0,True,True,True,True
l2201,l,ok,17564,17564,True,0,True,True,True,True
IH2507,IH,ok,2200,2200,True,0,True,True,True,True
ni2111,ni,ok,23131,23131,True,0,True,True,True,True
IM2311,IM,ok,1950,1950,True,0,True,True,True,True
bc2310,bc,ok,22907,22907,True,0,True,True,True,True
IC1905,IC,ok,2050,2050,True,0,True,True,True,True
pb1504,pb,ok,23312,23312,True,0,True,True,True,True
ZC2503,ZC,ok,7954,7954,True,0,True,True,True,True
b2606,b,ok,6034,6034,True,0,True,True,True,True
CY1803,CY,ok,6067,6067,True,0,True,True,True,True
IF2205,IF,ok,2000,2000,True,0,True,True,True,True
b1211,b,ok,500,500,True,0,True,True,True,True
PM1803,PM,ok,11259,11259,True,0,True,True,True,True
bu2308,bu,ok,17564,17564,True,0,True,True,True,True
jd1911,jd,ok,11555,11555,True,0,True,True,True,True
j1903,j,ok,16906,16906,True,0,True,True,True,True
ag2301,ag,ok,27361,27361,True,0,True,True,True,True
fu2412,fu,ok,17392,17392,True,0,True,True,True,True
sn2203,sn,ok,23216,23216,True,0,True,True,True,True
eb2310,eb,ok,17439,17439,True,0,True,True,True,True
ss2601,ss,ok,17215,17215,True,0,True,True,True,True
SR1909,SR,ok,26643,26643,True,0,True,True,True,True
IF1111,IF,ok,2000,2000,True,0,True,True,True,True
TA1801,TA,ok,17637,17637,True,0,True,True,True,True
ZC1811,ZC,ok,17608,17608,True,0,True,True,True,True
IC1908,IC,ok,2000,2000,True,0,True,True,True,True
rb2109,rb,ok,17637,17637,True,0,True,True,True,True
SM2208,SM,ok,11551,11551,True,0,True,True,True,True
ru1104,ru,ok,11539,11539,True,0,True,True,True,True
OI2501,OI,ok,17491,17491,True,0,True,True,True,True
b2008,b,ok,15274,15274,True,0,True,True,True,True
pp1405,pp,ok,2454,2454,True,0,True,True,True,True
pp2412,pp,ok,17417,17417,True,0,True,True,True,True
LR2011,LR,ok,3468,3468,True,0,True,True,True,True
eg2604,eg,ok,8319,8319,True,0,True,True,True,True
l2210,l,ok,17564,17564,True,0,True,True,True,True
bu2501,bu,ok,17458,17458,True,0,True,True,True,True
wr2512,wr,ok,9443,9443,True,0,True,True,True,True
cs1505,cs,ok,4483,4483,True,0,True,True,True,True
ni1607,ni,ok,18652,18652,True,0,True,True,True,True
i2204,i,ok,17265,17265,True,0,True,True,True,True
pp2008,pp,ok,15975,15975,True,0,True,True,True,True
PF2201,PF,ok,17562,17562,True,0,True,True,True,True
sn1512,sn,ok,16287,16287,True,0,True,True,True,True
WH1807,WH,ok,8957,8957,True,0,True,True,True,True
WH2103,WH,ok,7974,7974,True,0,True,True,True,True
wr2010,wr,ok,9579,9579,True,0,True,True,True,True
bu2002,bu,ok,8273,8273,True,0,True,True,True,True
pb1704,pb,ok,15783,15783,True,0,True,True,True,True
au2503,au,ok,6447,6447,True,0,True,True,True,True
sn1806,sn,ok,23401,23401,True,0,True,True,True,True
pb1907,pb,ok,23131,23131,True,0,True,True,True,True
pp1703,pp,ok,3625,3625,True,0,True,True,True,True
b2101,b,ok,15775,15775,True,0,True,True,True,True
OI2411,OI,ok,17491,17491,True,0,True,True,True,True
IH1707,IH,ok,2150,2150,True,0,True,True,True,True
ZC1810,ZC,ok,17355,17355,True,0,True,True,True,True
CY2212,CY,ok,17003,17003,True,0,True,True,True,True
pb2001,pb,ok,23300,23300,True,0,True,True,True,True
nr2401,nr,ok,17432,17432,True,0,True,True,True,True
jm1909,jm,ok,17418,17418,True,0,True,True,True,True
WH2509,WH,ok,4574,4574,True,0,True,True,True,True
RM2411,RM,ok,17449,17449,True,0,True,True,True,True
IF1207,IF,ok,2200,2200,True,0,True,True,True,True
b2102,b,ok,16059,16059,True,0,True,True,True,True
RS2207,RS,ok,10945,10945,True,0,True,True,True,True
a2303,a,ok,17404,17404,True,0,True,True,True,True
ss2402,ss,ok,23373,23373,True,0,True,True,True,True
ru2310,ru,ok,17516,17516,True,0,True,True,True,True
ZC2511,ZC,ok,4330,4330,True,0,True,True,True,True
RS1511,RS,ok,4895,4895,True,0,True,True,True,True
lu2209,lu,ok,17490,17490,True,0,True,True,True,True
IH2210,IH,ok,1950,1950,True,0,True,True,True,True
fb2203,fb,ok,8580,8580,True,0,True,True,True,True
al2210,al,ok,23228,23228,True,0,True,True,True,True
RI2509,RI,ok,4561,4561,True,0,True,True,True,True
rb2404,rb,ok,17370,17370,True,0,True,True,True,True
CF2509,CF,ok,17418,17418,True,0,True,True,True,True
fb1812,fb,ok,2666,2666,True,0,True,True,True,True
rb1909,rb,ok,17380,17380,True,0,True,True,True,True
al2410,al,ok,23034,23034,True,0,True,True,True,True
rb1512,rb,ok,17046,17046,True,0,True,True,True,True
UR2102,UR,ok,11614,11614,True,0,True,True,True,True
zn2108,zn,ok,23277,23277,True,0,True,True,True,True
y1211,y,ok,3274,3274,True,0,True,True,True,True
SH2509,SH,ok,17297,17297,True,0,True,True,True,True
pb1610,pb,ok,17919,17919,True,0,True,True,True,True
jm1712,jm,ok,16841,16841,True,0,True,True,True,True
ni2409,ni,ok,23131,23131,True,0,True,True,True,True
jd1704,jd,ok,6609,6609,True,0,True,True,True,True
ME1301,ME,ok,1275,1275,True,0,True,True,True,True
fb1809,fb,ok,1827,1827,True,0,True,True,True,True
IC2204,IC,ok,1900,1900,True,0,True,True,True,True
si2409,si,ok,7756,7756,True,0,True,True,True,True
sp2408,sp,ok,17589,17589,True,0,True,True,True,True
m2309,m,ok,17576,17576,True,0,True,True,True,True
PM1711,PM,ok,10243,10243,True,0,True,True,True,True
y1009,y,ok,7840,7840,True,0,True,True,True,True
SA2407,SA,ok,17443,17443,True,0,True,True,True,True
CJ2507,CJ,ok,11590,11590,True,0,True,True,True,True
m1603,m,ok,16534,16534,True,0,True,True,True,True
ni1606,ni,ok,22814,22814,True,0,True,True,True,True
WH1309,WH,ok,2349,2349,True,0,True,True,True,True
sn2003,sn,ok,21626,21626,True,0,True,True,True,True
pp2312,pp,ok,17588,17588,True,0,True,True,True,True
CY2410,CY,ok,16837,16837,True,0,True,True,True,True
IF2404,IF,ok,2100,2100,True,0,True,True,True,True
ni2304,ni,ok,23325,23325,True,0,True,True,True,True
jd2304,jd,ok,11613,11613,True,0,True,True,True,True
sp2004,sp,ok,16387,16387,True,0,True,True,True,True
fb2305,fb,ok,11576,11576,True,0,True,True,True,True
WH1607,WH,ok,11180,11180,True,0,True,True,True,True
wr2301,wr,ok,9810,9810,True,0,True,True,True,True
al2101,al,ok,20264,20264,True,0,True,True,True,True
j1911,j,ok,16833,16833,True,0,True,True,True,True
rr2109,rr,ok,17039,17039,True,0,True,True,True,True
TA1710,TA,ok,17472,17472,True,0,True,True,True,True
IF1601,IF,ok,1925,1925,True,0,True,True,True,True
jd1901,jd,ok,11664,11664,True,0,True,True,True,True
l2102,l,ok,16580,16580,True,0,True,True,True,True
RS2411,RS,ok,11432,11432,True,0,True,True,True,True
SA2102,SA,ok,16404,16404,True,0,True,True,True,True
bc2407,bc,ok,22974,22974,True,0,True,True,True,True
v1110,v,ok,2896,2896,True,0,True,True,True,True
p1812,p,ok,16807,16807,True,0,True,True,True,True
PF2309,PF,ok,17476,17476,True,0,True,True,True,True
v2503,v,ok,17345,17345,True,0,True,True,True,True
TF1706,TF,ok,9300,9300,True,0,True,True,True,True
sc2112,sc,ok,78069,78069,True,0,True,True,True,True
zn2012,zn,ok,20191,20191,True,0,True,True,True,True
pb1602,pb,ok,22673,22673,True,0,True,True,True,True
RM2111,RM,ok,17370,17370,True,0,True,True,True,True
CJ2301,CJ,ok,11603,11603,True,0,True,True,True,True
eg1912,eg,ok,15023,15023,True,0,True,True,True,True
au1008,au,ok,6707,6707,True,0,True,True,True,True
v1510,v,ok,10130,10130,True,0,True,True,True,True
rb1302,rb,ok,11647,11647,True,0,True,True,True,True
b1908,b,ok,14828,14828,True,0,True,True,True,True
RI2511,RI,ok,4235,4235,True,0,True,True,True,True
rb1012,rb,ok,10976,10976,True,0,True,True,True,True
ec2506,ec,ok,11808,11808,True,0,True,True,True,True
si2605,si,ok,4896,4896,True,0,True,True,True,True
pb1207,pb,ok,11602,11602,True,0,True,True,True,True
IC1706,IC,ok,7950,7950,True,0,True,True,True,True
lh2407,lh,ok,11625,11625,True,0,True,True,True,True
jm1404,jm,ok,11010,11010,True,0,True,True,True,True
au1504,au,ok,27266,27266,True,0,True,True,True,True
rr2204,rr,ok,17017,17017,True,0,True,True,True,True
TF2506,TF,ok,9300,9300,True,0,True,True,True,True
ZC2101,ZC,ok,15965,15965,True,0,True,True,True,True
fb1712,fb,ok,112,112,True,0,True,True,True,True
SM1605,SM,ok,8272,8272,True,0,True,True,True,True
IH1810,IH,ok,1950,1950,True,0,True,True,True,True
ni1809,ni,ok,23447,23447,True,0,True,True,True,True
cu2603,cu,ok,13675,13675,True,0,True,True,True,True
hc1505,hc,ok,13744,13744,True,0,True,True,True,True
l1406,l,ok,11308,11308,True,0,True,True,True,True
b2110,b,ok,16937,16937,True,0,True,True,True,True
PK2310,PK,ok,11616,11616,True,0,True,True,True,True
FG1405,FG,ok,771,771,True,0,True,True,True,True
al1410,al,ok,21046,21046,True,0,True,True,True,True
fu1901,fu,ok,8247,8247,True,0,True,True,True,True
SM1607,SM,ok,5081,5081,True,0,True,True,True,True
lu2411,lu,ok,17395,17395,True,0,True,True,True,True
UR2008,UR,ok,11354,11354,True,0,True,True,True,True
c1201,c,ok,11235,11235,True,0,True,True,True,True
p2211,p,ok,17564,17564,True,0,True,True,True,True
ru1111,ru,ok,11616,11616,True,0,True,True,True,True
b1503,b,ok,10235,10235,True,0,True,True,True,True
v1103,v,ok,5773,5773,True,0,True,True,True,True
m2403,m,ok,17576,17576,True,0,True,True,True,True
TA2002,TA,ok,16922,16922,True,0,True,True,True,True
JR1903,JR,ok,4692,4692,True,0,True,True,True,True
RM1809,RM,ok,17735,17735,True,0,True,True,True,True
RO1209,RO,ok,315,315,True,0,True,True,True,True
ao2311,ao,ok,9553,9553,True,0,True,True,True,True
j1110,j,ok,5096,5096,True,0,True,True,True,True
au2210,au,ok,28933,28933,True,0,True,True,True,True
l2006,l,ok,15914,15914,True,0,True,True,True,True
FG2007,FG,ok,15666,15666,True,0,True,True,True,True
SA2503,SA,ok,17418,17418,True,0,True,True,True,True
a2103,a,ok,16526,16526,True,0,True,True,True,True
ss2509,ss,ok,23059,23059,True,0,True,True,True,True
lu2102,lu,ok,10728,10728,True,0,True,True,True,True
RM1507,RM,ok,10646,10646,True,0,True,True,True,True
SF2003,SF,ok,10308,10308,True,0,True,True,True,True
b2505,b,ok,17331,17331,True,0,True,True,True,True
pg2103,pg,ok,16493,16493,True,0,True,True,True,True
j1305,j,ok,10563,10563,True,0,True,True,True,True
a1709,a,ok,26429,26429,True,0,True,True,True,True
ag2412,ag,ok,27246,27246,True,0,True,True,True,True
RM1311,RM,ok,1085,1085,True,0,True,True,True,True
c2109,c,ok,17585,17585,True,0,True,True,True,True
zn1602,zn,ok,22790,22790,True,0,True,True,True,True
b1703,b,ok,6038,6038,True,0,True,True,True,True
PR2605,PR,ok,7396,7396,True,0,True,True,True,True
lu2512,lu,ok,15326,15326,True,0,True,True,True,True
ru1808,ru,ok,17591,17591,True,0,True,True,True,True
p1807,p,ok,17078,17078,True,0,True,True,True,True
al1507,al,ok,23410,23410,True,0,True,True,True,True
UR2010,UR,ok,11473,11473,True,0,True,True,True,True
br2502,br,ok,17310,17310,True,0,True,True,True,True
i2310,i,ok,17484,17484,True,0,True,True,True,True
RM2008,RM,ok,16013,16013,True,0,True,True,True,True
a1001,a,ok,31,31,True,0,True,True,True,True
ru1004,ru,ok,3264,3264,True,0,True,True,True,True
pp1702,pp,ok,6115,6115,True,0,True,True,True,True
TF1709,TF,ok,9724,9724,True,0,True,True,True,True
CY2503,CY,ok,17120,17120,True,0,True,True,True,True
cs1509,cs,ok,8579,8579,True,0,True,True,True,True
b1501,b,ok,10252,10252,True,0,True,True,True,True
rb2002,rb,ok,17282,17282,True,0,True,True,True,True
sc2005,sc,ok,23504,23504,True,0,True,True,True,True
v1211,v,ok,1194,1194,True,0,True,True,True,True
ru1309,ru,ok,11472,11472,True,0,True,True,True,True
eg2305,eg,ok,17263,17263,True,0,True,True,True,True
TA1703,TA,ok,17636,17636,True,0,True,True,True,True
rb1501,rb,ok,11968,11968,True,0,True,True,True,True
eg2005,eg,ok,15940,15940,True,0,True,True,True,True
ZC2205,ZC,ok,17360,17360,True,0,True,True,True,True
p2008,p,ok,15283,15283,True,0,True,True,True,True
IF1505,IF,ok,1900,1900,True,0,True,True,True,True
SM2206,SM,ok,11599,11599,True,0,True,True,True,True
PM1607,PM,ok,7802,7802,True,0,True,True,True,True
IF1010,IF,ok,1600,1600,True,0,True,True,True,True
AP2112,AP,ok,11637,11637,True,0,True,True,True,True
rb2510,rb,ok,17589,17589,True,0,True,True,True,True
SA2105,SA,ok,17589,17589,True,0,True,True,True,True
AP2105,AP,ok,11651,11651,True,0,True,True,True,True
i2002,i,ok,16861,16861,True,0,True,True,True,True
UR2211,UR,ok,11651,11651,True,0,True,True,True,True
PM2309,PM,ok,4561,4561,True,0,True,True,True,True
pg2110,pg,ok,17069,17069,True,0,True,True,True,True
PM2211,PM,ok,5230,5230,True,0,True,True,True,True
IF1804,IF,ok,1950,1950,True,0,True,True,True,True
SF2101,SF,ok,11595,11595,True,0,True,True,True,True
SM1509,SM,ok,7181,7181,True,0,True,True,True,True
jd1806,jd,ok,11680,11680,True,0,True,True,True,True
au1502,au,ok,27330,27330,True,0,True,True,True,True
rb2004,rb,ok,16374,16374,True,0,True,True,True,True
al1005,al,ok,4272,4272,True,0,True,True,True,True
ss2206,ss,ok,23119,23119,True,0,True,True,True,True
j2301,j,ok,17452,17452,True,0,True,True,True,True
RS1509,RS,ok,10432,10432,True,0,True,True,True,True
TF1603,TF,ok,9278,9278,True,0,True,True,True,True
TA2202,TA,ok,17491,17491,True,0,True,True,True,True
bu1511,bu,ok,7502,7502,True,0,True,True,True,True
ru1710,ru,ok,16785,16785,True,0,True,True,True,True
pp2301,pp,ok,17491,17491,True,0,True,True,True,True
ER1211,ER,ok,7534,7534,True,0,True,True,True,True
y2405,y,ok,17497,17497,True,0,True,True,True,True
l1411,l,ok,10828,10828,True,0,True,True,True,True
bu2406,bu,ok,35153,35153,True,0,True,True,True,True
CY2312,CY,ok,17227,17227,True,0,True,True,True,True
TA1507,TA,ok,14067,14067,True,0,True,True,True,True
sp2001,sp,ok,17618,17618,True,0,True,True,True,True
ss2411,ss,ok,23119,23119,True,0,True,True,True,True
ss2202,ss,ok,23275,23275,True,0,True,True,True,True
cu2412,cu,ok,23034,23034,True,0,True,True,True,True
au1607,au,ok,2123,2123,True,0,True,True,True,True
PX2411,PX,ok,17004,17004,True,0,True,True,True,True
zn1406,zn,ok,17067,17067,True,0,True,True,True,True
zn2011,zn,ok,20191,20191,True,0,True,True,True,True
jd2011,jd,ok,11571,11571,True,0,True,True,True,True
TA1104,TA,ok,1372,1372,True,0,True,True,True,True
i2001,i,ok,17605,17605,True,0,True,True,True,True
si2407,si,ok,7680,7680,True,0,True,True,True,True
l2301,l,ok,17478,17478,True,0,True,True,True,True
l1107,l,ok,4008,4008,True,0,True,True,True,True
au2410,au,ok,28904,28904,True,0,True,True,True,True
AP2604,AP,ok,5904,5904,True,0,True,True,True,True
p2207,p,ok,17478,17478,True,0,True,True,True,True
PF2105,PF,ok,10679,10679,True,0,True,True,True,True
IC2004,IC,ok,1950,1950,True,0,True,True,True,True
fb2201,fb,ok,9451,9451,True,0,True,True,True,True
v1305,v,ok,11533,11533,True,0,True,True,True,True
fb2011,fb,ok,8095,8095,True,0,True,True,True,True
LR2511,LR,ok,4219,4219,True,0,True,True,True,True
ru1606,ru,ok,17306,17306,True,0,True,True,True,True
RM2105,RM,ok,17589,17589,True,0,True,True,True,True
pb2602,pb,ok,15615,15615,True,0,True,True,True,True
cu1907,cu,ok,23131,23131,True,0,True,True,True,True
TA1407,TA,ok,9909,9909,True,0,True,True,True,True
jd1601,jd,ok,11558,11558,True,0,True,True,True,True
j1311,j,ok,10049,10049,True,0,True,True,True,True
ss2310,ss,ok,23156,23156,True,0,True,True,True,True
TF1506,TF,ok,9393,9393,True,0,True,True,True,True
AP2401,AP,ok,11577,11577,True,0,True,True,True,True
v1405,v,ok,11522,11522,True,0,True,True,True,True
rb1103,rb,ok,11519,11519,True,0,True,True,True,True
br2504,br,ok,17491,17491,True,0,True,True,True,True
CF2205,CF,ok,17418,17418,True,0,True,True,True,True
cu2403,cu,ok,23277,23277,True,0,True,True,True,True
LR1907,LR,ok,9572,9572,True,0,True,True,True,True
b1003,b,ok,390,390,True,0,True,True,True,True
zn1312,zn,ok,11375,11375,True,0,True,True,True,True
cu1909,cu,ok,22985,22985,True,0,True,True,True,True
CY2310,CY,ok,17212,17212,True,0,True,True,True,True
PM2601,PM,ok,3402,3402,True,0,True,True,True,True
IH2010,IH,ok,1700,1700,True,0,True,True,True,True
fu1004,fu,ok,2739,2739,True,0,True,True,True,True
ni2602,ni,ok,15615,15615,True,0,True,True,True,True
ni1601,ni,ok,19008,19008,True,0,True,True,True,True
hc1509,hc,ok,15011,15011,True,0,True,True,True,True
RM2003,RM,ok,16724,16724,True,0,True,True,True,True
IF2505,IF,ok,1800,1800,True,0,True,True,True,True
au2105,au,ok,6622,6622,True,0,True,True,True,True
MA2203,MA,ok,17338,17338,True,0,True,True,True,True
bu2402,bu,ok,17662,17662,True,0,True,True,True,True
ru2605,ru,ok,7542,7542,True,0,True,True,True,True
bb2002,bb,ok,3825,3825,True,0,True,True,True,True
FG1310,FG,ok,4219,4219,True,0,True,True,True,True
c1109,c,ok,11386,11386,True,0,True,True,True,True
bb2405,bb,ok,47,47,True,0,True,True,True,True
ru2208,ru,ok,17417,17417,True,0,True,True,True,True
b1808,b,ok,11620,11620,True,0,True,True,True,True
ag1606,ag,ok,27457,27457,True,0,True,True,True,True
c1209,c,ok,11314,11314,True,0,True,True,True,True
LR1603,LR,ok,4234,4234,True,0,True,True,True,True
ni1908,ni,ok,23228,23228,True,0,True,True,True,True
LR2203,LR,ok,4603,4603,True,0,True,True,True,True
RI2111,RI,ok,4666,4666,True,0,True,True,True,True
zn1302,zn,ok,11711,11711,True,0,True,True,True,True
SM2006,SM,ok,10567,10567,True,0,True,True,True,True
j1503,j,ok,14818,14818,True,0,True,True,True,True
IC1512,IC,ok,8400,8400,True,0,True,True,True,True
bb2311,bb,ok,53,53,True,0,True,True,True,True
IH1803,IH,ok,7950,7950,True,0,True,True,True,True
v1407,v,ok,11384,11384,True,0,True,True,True,True
v2404,v,ok,17442,17442,True,0,True,True,True,True
cu1809,cu,ok,23471,23471,True,0,True,True,True,True
hc1908,hc,ok,17406,17406,True,0,True,True,True,True
sn2502,sn,ok,22936,22936,True,0,True,True,True,True
ru2210,ru,ok,17563,17563,True,0,True,True,True,True
lu2211,lu,ok,17560,17560,True,0,True,True,True,True
JR2507,JR,ok,4580,4580,True,0,True,True,True,True
v1908,v,ok,13105,13105,True,0,True,True,True,True
au2205,au,ok,6322,6322,True,0,True,True,True,True
i1406,i,ok,7587,7587,True,0,True,True,True,True
RI1509,RI,ok,11104,11104,True,0,True,True,True,True
SM2205,SM,ok,11567,11567,True,0,True,True,True,True
eb2110,eb,ok,17303,17303,True,0,True,True,True,True
TA2411,TA,ok,17490,17490,True,0,True,True,True,True
wr1407,wr,ok,9561,9561,True,0,True,True,True,True
rb2210,rb,ok,17564,17564,True,0,True,True,True,True
hc1410,hc,ok,6528,6528,True,0,True,True,True,True
a2505,a,ok,17456,17456,True,0,True,True,True,True
i1704,i,ok,13148,13148,True,0,True,True,True,True
ZC2605,ZC,ok,2015,2015,True,0,True,True,True,True
fb2005,fb,ok,7602,7602,True,0,True,True,True,True
i2409,i,ok,17484,17484,True,0,True,True,True,True
zn1307,zn,ok,11472,11472,True,0,True,True,True,True
j2311,j,ok,17150,17150,True,0,True,True,True,True
ag1410,ag,ok,27675,27675,True,0,True,True,True,True
zn1502,zn,ok,23373,23373,True,0,True,True,True,True
SF2210,SF,ok,11664,11664,True,0,True,True,True,True
SA2110,SA,ok,17491,17491,True,0,True,True,True,True
CY2109,CY,ok,17166,17166,True,0,True,True,True,True
ZC1909,ZC,ok,17472,17472,True,0,True,True,True,True
l1304,l,ok,6206,6206,True,0,True,True,True,True
y1408,y,ok,11320,11320,True,0,True,True,True,True
j1908,j,ok,16801,16801,True,0,True,True,True,True
i2003,i,ok,16781,16781,True,0,True,True,True,True
pp1909,pp,ok,14390,14390,True,0,True,True,True,True
TS2409,TS,ok,9883,9883,True,0,True,True,True,True
TS2603,TS,ok,4452,4452,True,0,True,True,True,True
jm1507,jm,ok,13391,13391,True,0,True,True,True,True
lc2602,lc,ok,7776,7776,True,0,True,True,True,True
fu1906,fu,ok,15249,15249,True,0,True,True,True,True
jd2501,jd,ok,11405,11405,True,0,True,True,True,True
cu1109,cu,ok,11488,11488,True,0,True,True,True,True
rb2511,rb,ok,16056,16056,True,0,True,True,True,True
ss2606,ss,ok,8002,8002,True,0,True,True,True,True
PR2603,PR,ok,10412,10412,True,0,True,True,True,True
SA2506,SA,ok,17418,17418,True,0,True,True,True,True
i1911,i,ok,17223,17223,True,0,True,True,True,True
pb1808,pb,ok,23434,23434,True,0,True,True,True,True
jm1611,jm,ok,3525,3525,True,0,True,True,True,True
ag1601,ag,ok,27572,27572,True,0,True,True,True,True
FG1406,FG,ok,4560,4560,True,0,True,True,True,True
IM2310,IM,ok,1950,1950,True,0,True,True,True,True
eb2509,eb,ok,17151,17151,True,0,True,True,True,True
ss2512,ss,ok,19203,19203,True,0,True,True,True,True
rb2409,rb,ok,17491,17491,True,0,True,True,True,True
m1301,m,ok,11650,11650,True,0,True,True,True,True
jm2212,jm,ok,17204,17204,True,0,True,True,True,True
IF2211,IF,ok,2000,2000,True,0,True,True,True,True
au1304,au,ok,11488,11488,True,0,True,True,True,True
CF2503,CF,ok,17418,17418,True,0,True,True,True,True
fb1804,fb,ok,1757,1757,True,0,True,True,True,True
RO1101,RO,ok,222,222,True,0,True,True,True,True
j2307,j,ok,16833,16833,True,0,True,True,True,True
ZC2107,ZC,ok,17397,17397,True,0,True,True,True,True
ni2002,ni,ok,22738,22738,True,0,True,True,True,True
eg2503,eg,ok,17002,17002,True,0,True,True,True,True
rr2110,rr,ok,16861,16861,True,0,True,True,True,True
eg2601,eg,ok,12650,12650,True,0,True,True,True,True
SH2501,SH,ok,17391,17391,True,0,True,True,True,True
FG1606,FG,ok,17575,17575,True,0,True,True,True,True
lu2108,lu,ok,17215,17215,True,0,True,True,True,True
a2405,a,ok,17452,17452,True,0,True,True,True,True
rb2106,rb,ok,17472,17472,True,0,True,True,True,True
SF1506,SF,ok,6350,6350,True,0,True,True,True,True
ni2006,ni,ok,20288,20288,True,0,True,True,True,True
j1610,j,ok,9987,9987,True,0,True,True,True,True
SR2203,SR,ok,17563,17563,True,0,True,True,True,True
RM1811,RM,ok,17103,17103,True,0,True,True,True,True
p1104,p,ok,3469,3469,True,0,True,True,True,True
j1608,j,ok,9880,9880,True,0,True,True,True,True
fb2111,fb,ok,2652,2652,True,0,True,True,True,True
zn1105,zn,ok,11504,11504,True,0,True,True,True,True
ag2104,ag,ok,26806,26806,True,0,True,True,True,True
LR2503,LR,ok,4561,4561,True,0,True,True,True,True
IF2309,IF,ok,7950,7950,True,0,True,True,True,True
WH1709,WH,ok,11406,11406,True,0,True,True,True,True
ru1607,ru,ok,16443,16443,True,0,True,True,True,True
CF2007,CF,ok,16039,16039,True,0,True,True,True,True
wr1004,wr,ok,3264,3264,True,0,True,True,True,True
pb2308,pb,ok,23204,23204,True,0,True,True,True,True
wr1602,wr,ok,839,839,True,0,True,True,True,True
rb1712,rb,ok,17595,17595,True,0,True,True,True,True
wr2209,wr,ok,8727,8727,True,0,True,True,True,True
TA2512,TA,ok,14583,14583,True,0,True,True,True,True
pb1208,pb,ok,11618,11618,True,0,True,True,True,True
au1202,au,ok,11575,11575,True,0,True,True,True,True
al1006,al,ok,5232,5232,True,0,True,True,True,True
rr2310,rr,ok,16826,16826,True,0,True,True,True,True
c1401,c,ok,11029,11029,True,0,True,True,True,True
lu2301,lu,ok,17391,17391,True,0,True,True,True,True
au2002,au,ok,28809,28809,True,0,True,True,True,True
sc2104,sc,ok,26141,26141,True,0,True,True,True,True
c2207,c,ok,17491,17491,True,0,True,True,True,True
y1803,y,ok,17271,17271,True,0,True,True,True,True
SF2002,SF,ok,10457,10457,True,0,True,True,True,True
pp1711,pp,ok,10646,10646,True,0,True,True,True,True
SF1602,SF,ok,4597,4597,True,0,True,True,True,True
c2501,c,ok,17478,17478,True,0,True,True,True,True
hc1912,hc,ok,17158,17158,True,0,True,True,True,True
bu2009,bu,ok,33457,33457,True,0,True,True,True,True
pp2112,pp,ok,17489,17489,True,0,True,True,True,True
rr2012,rr,ok,15539,15539,True,0,True,True,True,True
SA2408,SA,ok,17589,17589,True,0,True,True,True,True
cu1205,cu,ok,11468,11468,True,0,True,True,True,True
sc2709,sc,ok,30514,30514,True,0,True,True,True,True
au1406,au,ok,26465,26465,True,0,True,True,True,True
pp2403,pp,ok,17588,17588,True,0,True,True,True,True
LR1707,LR,ok,4525,4525,True,0,True,True,True,True
p2005,p,ok,16112,16112,True,0,True,True,True,True
RM1807,RM,ok,17174,17174,True,0,True,True,True,True
a2503,a,ok,17399,17399,True,0,True,True,True,True
cu1305,cu,ok,11616,11616,True,0,True,True,True,True
sp1906,sp,ok,9514,9514,True,0,True,True,True,True
ni2109,ni,ok,23374,23374,True,0,True,True,True,True
al2401,al,ok,23180,23180,True,0,True,True,True,True
v2412,v,ok,17418,17418,True,0,True,True,True,True
sn2008,sn,ok,20227,20227,True,0,True,True,True,True
IC1508,IC,ok,2200,2200,True,0,True,True,True,True
ps2604,ps,ok,5904,5904,True,0,True,True,True,True
sn1605,sn,ok,23232,23232,True,0,True,True,True,True
FG2602,FG,ok,11726,11726,True,0,True,True,True,True
PF2108,PF,ok,14830,14830,True,0,True,True,True,True
m1303,m,ok,11037,11037,True,0,True,True,True,True
SR1501,SR,ok,2352,2352,True,0,True,True,True,True
p2203,p,ok,17564,17564,True,0,True,True,True,True
FG1904,FG,ok,16936,16936,True,0,True,True,True,True
wr1208,wr,ok,6134,6134,True,0,True,True,True,True
IC2206,IC,ok,8150,8150,True,0,True,True,True,True
au2007,au,ok,5636,5636,True,0,True,True,True,True
cu2504,cu,ok,23131,23131,True,0,True,True,True,True
RI1911,RI,ok,4651,4651,True,0,True,True,True,True
IC2408,IC,ok,2000,2000,True,0,True,True,True,True
y1008,y,ok,4213,4213,True,0,True,True,True,True
ZC2602,ZC,ok,3155,3155,True,0,True,True,True,True
fu1006,fu,ok,4701,4701,True,0,True,True,True,True
pb2207,pb,ok,23131,23131,True,0,True,True,True,True
RI2303,RI,ok,4568,4568,True,0,True,True,True,True
wr2410,wr,ok,11279,11279,True,0,True,True,True,True
IM2502,IM,ok,1900,1900,True,0,True,True,True,True
au1407,au,ok,27215,27215,True,0,True,True,True,True
ZC2405,ZC,ok,10527,10527,True,0,True,True,True,True
SF2309,SF,ok,11664,11664,True,0,True,True,True,True
au1904,au,ok,29583,29583,True,0,True,True,True,True
au1010,au,ok,8854,8854,True,0,True,True,True,True
bu1410,bu,ok,5458,5458,True,0,True,True,True,True
IC2308,IC,ok,2150,2150,True,0,True,True,True,True
bu2104,bu,ok,8796,8796,True,0,True,True,True,True
j1301,j,ok,8775,8775,True,0,True,True,True,True
IC1806,IC,ok,8000,8000,True,0,True,True,True,True
ps2601,ps,ok,8639,8639,True,0,True,True,True,True
lu2604,lu,ok,9609,9609,True,0,True,True,True,True
TF2309,TF,ok,9671,9671,True,0,True,True,True,True
MA2011,MA,ok,15920,15920,True,0,True,True,True,True
fu1307,fu,ok,7174,7174,True,0,True,True,True,True
j1204,j,ok,654,654,True,0,True,True,True,True
bu1502,bu,ok,2168,2168,True,0,True,True,True,True
v2602,v,ok,11726,11726,True,0,True,True,True,True
jm2103,jm,ok,16504,16504,True,0,True,True,True,True
fu2402,fu,ok,18373,18373,True,0,True,True,True,True
rr2302,rr,ok,16643,16643,True,0,True,True,True,True
bu2208,bu,ok,8903,8903,True,0,True,True,True,True
c2203,c,ok,17484,17484,True,0,True,True,True,True
jd2307,jd,ok,11619,11619,True,0,True,True,True,True
sn2209,sn,ok,22985,22985,True,0,True,True,True,True
ru2403,ru,ok,17560,17560,True,0,True,True,True,True
CY2006,CY,ok,13069,13069,True,0,True,True,True,True
v1701,v,ok,11652,11652,True,0,True,True,True,True
cu1712,cu,ok,23471,23471,True,0,True,True,True,True
IM2512,IM,ok,6000,6000,True,0,True,True,True,True
br2507,br,ok,17491,17491,True,0,True,True,True,True
cs2109,cs,ok,17526,17526,True,0,True,True,True,True
fb1404,fb,ok,3828,3828,True,0,True,True,True,True
IF1501,IF,ok,1900,1900,True,0,True,True,True,True
fu2003,fu,ok,17063,17063,True,0,True,True,True,True
rb1801,rb,ok,17662,17662,True,0,True,True,True,True
cu1005,cu,ok,4272,4272,True,0,True,True,True,True
OI1501,OI,ok,1059,1059,True,0,True,True,True,True
sc2706,sc,ok,37807,37807,True,0,True,True,True,True
fb2012,fb,ok,3346,3346,True,0,True,True,True,True
al1806,al,ok,23617,23617,True,0,True,True,True,True
p1405,p,ok,11650,11650,True,0,True,True,True,True
l1610,l,ok,5403,5403,True,0,True,True,True,True
bb2412,bb,ok,195,195,True,0,True,True,True,True
AP2201,AP,ok,11651,11651,True,0,True,True,True,True
CF1107,CF,ok,1901,1901,True,0,True,True,True,True
hc1710,hc,ok,17659,17659,True,0,True,True,True,True
IH2206,IH,ok,8150,8150,True,0,True,True,True,True
SR1805,SR,ok,26370,26370,True,0,True,True,True,True
CF1211,CF,ok,3937,3937,True,0,True,True,True,True
JR2203,JR,ok,5002,5002,True,0,True,True,True,True
rb1408,rb,ok,11296,11296,True,0,True,True,True,True
al1306,al,ok,11472,11472,True,0,True,True,True,True
hc1909,hc,ok,17393,17393,True,0,True,True,True,True
IC2011,IC,ok,1950,1950,True,0,True,True,True,True
eg2202,eg,ok,17331,17331,True,0,True,True,True,True
PM1705,PM,ok,9450,9450,True,0,True,True,True,True
cu1509,cu,ok,23325,23325,True,0,True,True,True,True
eg2102,eg,ok,15926,15926,True,0,True,True,True,True
fb1409,fb,ok,9168,9168,True,0,True,True,True,True
ss2302,ss,ok,23191,23191,True,0,True,True,True,True
b1909,b,ok,17030,17030,True,0,True,True,True,True
wr1706,wr,ok,587,587,True,0,True,True,True,True
UR2506,UR,ok,11568,11568,True,0,True,True,True,True
lu2602,lu,ok,12431,12431,True,0,True,True,True,True
IC1611,IC,ok,1949,1949,True,0,True,True,True,True
lc2503,lc,ok,11520,11520,True,0,True,True,True,True
LR2601,LR,ok,3402,3402,True,0,True,True,True,True
ZC1706,ZC,ok,17061,17061,True,0,True,True,True,True
ru2005,ru,ok,16112,16112,True,0,True,True,True,True
SA2309,SA,ok,17589,17589,True,0,True,True,True,True
l1612,l,ok,1447,1447,True,0,True,True,True,True
b2405,b,ok,17315,17315,True,0,True,True,True,True
fb2406,fb,ok,10193,10193,True,0,True,True,True,True
m1507,m,ok,14800,14800,True,0,True,True,True,True
CY2406,CY,ok,17044,17044,True,0,True,True,True,True
UR2402,UR,ok,11904,11904,True,0,True,True,True,True
SM2404,SM,ok,11567,11567,True,0,True,True,True,True
ru2508,ru,ok,17478,17478,True,0,True,True,True,True
bu1707,bu,ok,8492,8492,True,0,True,True,True,True
p1909,p,ok,17466,17466,True,0,True,True,True,True
fb2112,fb,ok,3575,3575,True,0,True,True,True,True
TA1409,TA,ok,1194,1194,True,0,True,True,True,True
wr2205,wr,ok,11034,11034,True,0,True,True,True,True
zn1706,zn,ok,22893,22893,True,0,True,True,True,True
cs1911,cs,ok,14541,14541,True,0,True,True,True,True
y1911,y,ok,16811,16811,True,0,True,True,True,True
MA1507,MA,ok,12522,12522,True,0,True,True,True,True
IF2412,IF,ok,8200,8200,True,0,True,True,True,True
pb2111,pb,ok,23131,23131,True,0,True,True,True,True
cu1902,cu,ok,23082,23082,True,0,True,True,True,True
cu2509,cu,ok,23083,23083,True,0,True,True,True,True
IM2312,IM,ok,7950,7950,True,0,True,True,True,True
ni2207,ni,ok,23034,23034,True,0,True,True,True,True
cs2101,cs,ok,16048,16048,True,0,True,True,True,True
IH2105,IH,ok,2050,2050,True,0,True,True,True,True
bb2206,bb,ok,35,35,True,0,True,True,True,True
IF1412,IF,ok,8300,8300,True,0,True,True,True,True
cu2409,cu,ok,23131,23131,True,0,True,True,True,True
lu2505,lu,ok,17490,17490,True,0,True,True,True,True
nr2510,nr,ok,17576,17576,True,0,True,True,True,True
OI1611,OI,ok,17184,17184,True,0,True,True,True,True
ag2203,ag,ok,27476,27476,True,0,True,True,True,True
jd1702,jd,ok,10494,10494,True,0,True,True,True,True
IC1605,IC,ok,2150,2150,True,0,True,True,True,True
IF2201,IF,ok,2200,2200,True,0,True,True,True,True
WH1705,WH,ok,11455,11455,True,0,True,True,True,True
IM2212,IM,ok,5000,5000,True,0,True,True,True,True
zn1202,zn,ok,11552,11552,True,0,True,True,True,True
cs1607,cs,ok,6805,6805,True,0,True,True,True,True
AP2305,AP,ok,11651,11651,True,0,True,True,True,True
bu1711,bu,ok,8954,8954,True,0,True,True,True,True
CF1103,CF,ok,704,704,True,0,True,True,True,True
eb2101,eb,ok,15585,15585,True,0,True,True,True,True
TA2112,TA,ok,17564,17564,True,0,True,True,True,True
l2209,l,ok,17466,17466,True,0,True,True,True,True
fb2205,fb,ok,10715,10715,True,0,True,True,True,True
IC1712,IC,ok,8100,8100,True,0,True,True,True,True
y1409,y,ok,11664,11664,True,0,True,True,True,True
zn1201,zn,ok,11424,11424,True,0,True,True,True,True
eb2303,eb,ok,17303,17303,True,0,True,True,True,True
m1701,m,ok,17624,17624,True,0,True,True,True,True
m1207,m,ok,9097,9097,True,0,True,True,True,True
v1205,v,ok,11335,11335,True,0,True,True,True,True
si2406,si,ok,7571,7571,True,0,True,True,True,True
TC1505,TC,ok,3877,3877,True,0,True,True,True,True
pb2011,pb,ok,20191,20191,True,0,True,True,True,True
fu1008,fu,ok,6627,6627,True,0,True,True,True,True
c1505,c,ok,11551,11551,True,0,True,True,True,True
jm2410,jm,ok,17173,17173,True,0,True,True,True,True
pb2110,pb,ok,23228,23228,True,0,True,True,True,True
lu2408,lu,ok,17569,17569,True,0,True,True,True,True
pb2403,pb,ok,23277,23277,True,0,True,True,True,True
i1502,i,ok,11250,11250,True,0,True,True,True,True
p2507,p,ok,17259,17259,True,0,True,True,True,True
m2501,m,ok,17478,17478,True,0,True,True,True,True
fb2306,fb,ok,10616,10616,True,0,True,True,True,True
sc2311,sc,ok,27512,27512,True,0,True,True,True,True
au1701,au,ok,6791,6791,True,0,True,True,True,True
IF1802,IF,ok,2150,2150,True,0,True,True,True,True
RI1805,RI,ok,7446,7446,True,0,True,True,True,True
v1303,v,ok,5069,5069,True,0,True,True,True,True
eg2507,eg,ok,16265,16265,True,0,True,True,True,True
SM1510,SM,ok,5649,5649,True,0,True,True,True,True
rr2304,rr,ok,17036,17036,True,0,True,True,True,True
SM2010,SM,ok,11557,11557,True,0,True,True,True,True
IC1507,IC,ok,2200,2200,True,0,True,True,True,True
i2304,i,ok,17436,17436,True,0,True,True,True,True
hc1701,hc,ok,16463,16463,True,0,True,True,True,True
al1211,al,ok,11711,11711,True,0,True,True,True,True
cu1209,cu,ok,11679,11679,True,0,True,True,True,True
zn2212,zn,ok,23227,23227,True,0,True,True,True,True
al1912,al,ok,23131,23131,True,0,True,True,True,True
hc2308,hc,ok,17547,17547,True,0,True,True,True,True
m2007,m,ok,15927,15927,True,0,True,True,True,True
T2003,T,ok,9618,9618,True,0,True,True,True,True
SR1505,SR,ok,7958,7958,True,0,True,True,True,True
lu2110,lu,ok,17489,17489,True,0,True,True,True,True
jd2201,jd,ok,11584,11584,True,0,True,True,True,True
IH1907,IH,ok,2200,2200,True,0,True,True,True,True
v1509,v,ok,11570,11570,True,0,True,True,True,True
SM1909,SM,ok,11480,11480,True,0,True,True,True,True
pg2109,pg,ok,17145,17145,True,0,True,True,True,True
lc2411,lc,ok,11616,11616,True,0,True,True,True,True
lu2105,lu,ok,14932,14932,True,0,True,True,True,True
rb1311,rb,ok,11238,11238,True,0,True,True,True,True
au2606,au,ok,11826,11826,True,0,True,True,True,True
RS1711,RS,ok,9824,9824,True,0,True,True,True,True
ag1709,ag,ok,26776,26776,True,0,True,True,True,True
zn2007,zn,ok,20227,20227,True,0,True,True,True,True
cs1909,cs,ok,14340,14340,True,0,True,True,True,True
IH2001,IH,ok,2200,2200,True,0,True,True,True,True
sn1904,sn,ok,23018,23018,True,0,True,True,True,True
lu2107,lu,ok,17245,17245,True,0,True,True,True,True
ru2407,ru,ok,17424,17424,True,0,True,True,True,True
al1703,al,ok,22302,22302,True,0,True,True,True,True
c1709,c,ok,11638,11638,True,0,True,True,True,True
m1612,m,ok,11742,11742,True,0,True,True,True,True
cu2301,cu,ok,23131,23131,True,0,True,True,True,True
RM1701,RM,ok,17592,17592,True,0,True,True,True,True
bb2205,bb,ok,45,45,True,0,True,True,True,True
TS2006,TS,ok,9380,9380,True,0,True,True,True,True
rb1711,rb,ok,17592,17592,True,0,True,True,True,True
UR2502,UR,ok,11376,11376,True,0,True,True,True,True
wr1206,wr,ok,10356,10356,True,0,True,True,True,True
fb2006,fb,ok,4564,4564,True,0,True,True,True,True
ru2007,ru,ok,15855,15855,True,0,True,True,True,True
pb2502,pb,ok,22936,22936,True,0,True,True,True,True
PM1605,PM,ok,10212,10212,True,0,True,True,True,True
MA1609,MA,ok,17617,17617,True,0,True,True,True,True
hc1704,hc,ok,6563,6563,True,0,True,True,True,True
a1807,a,ok,25645,25645,True,0,True,True,True,True
IC1707,IC,ok,2150,2150,True,0,True,True,True,True
sp2109,sp,ok,17662,17662,True,0,True,True,True,True
cu1702,cu,ok,23018,23018,True,0,True,True,True,True
CF1303,CF,ok,3878,3878,True,0,True,True,True,True
jm2010,jm,ok,15431,15431,True,0,True,True,True,True
IH1904,IH,ok,2200,2200,True,0,True,True,True,True
ru1601,ru,ok,17685,17685,True,0,True,True,True,True
SR1503,SR,ok,13116,13116,True,0,True,True,True,True
sp2210,sp,ok,17564,17564,True,0,True,True,True,True
fu1309,fu,ok,8211,8211,True,0,True,True,True,True
j2403,j,ok,17231,17231,True,0,True,True,True,True
SF1611,SF,ok,5442,5442,True,0,True,True,True,True
fu1107,fu,ok,11440,11440,True,0,True,True,True,True
v1503,v,ok,10452,10452,True,0,True,True,True,True
wr2108,wr,ok,7128,7128,True,0,True,True,True,True
cu2101,cu,ok,20288,20288,True,0,True,True,True,True
v1711,v,ok,10546,10546,True,0,True,True,True,True
lh2109,lh,ok,8086,8086,True,0,True,True,True,True
p1004,p,ok,1034,1034,True,0,True,True,True,True
wr1712,wr,ok,2101,2101,True,0,True,True,True,True
eg2108,eg,ok,16716,16716,True,0,True,True,True,True
TA2205,TA,ok,17418,17418,True,0,True,True,True,True
sn1801,sn,ok,23361,23361,True,0,True,True,True,True
ag2402,ag,ok,27615,27615,True,0,True,True,True,True
l1103,l,ok,7023,7023,True,0,True,True,True,True
v1809,v,ok,11663,11663,True,0,True,True,True,True
jm1610,jm,ok,6937,6937,True,0,True,True,True,True
FG2407,FG,ok,17388,17388,True,0,True,True,True,True
lu2109,lu,ok,17603,17603,True,0,True,True,True,True
i2006,i,ok,15959,15959,True,0,True,True,True,True
pp2507,pp,ok,17491,17491,True,0,True,True,True,True
i2402,i,ok,17797,17797,True,0,True,True,True,True
TA2008,TA,ok,16019,16019,True,0,True,True,True,True
RI1605,RI,ok,9264,9264,True,0,True,True,True,True
PF2401,PF,ok,17345,17345,True,0,True,True,True,True
nr2202,nr,ok,17351,17351,True,0,True,True,True,True
cu2303,cu,ok,23228,23228,True,0,True,True,True,True
T2012,T,ok,9671,9671,True,0,True,True,True,True
jd1603,jd,ok,11375,11375,True,0,True,True,True,True
JR2309,JR,ok,4561,4561,True,0,True,True,True,True
TF2203,TF,ok,9565,9565,True,0,True,True,True,True
PM2201,PM,ok,8864,8864,True,0,True,True,True,True
FG2411,FG,ok,17490,17490,True,0,True,True,True,True
p2006,p,ok,15261,15261,True,0,True,True,True,True
ag1610,ag,ok,21461,21461,True,0,True,True,True,True
IC1802,IC,ok,2150,2150,True,0,True,True,True,True
rb2005,rb,ok,16086,16086,True,0,True,True,True,True
jd1801,jd,ok,12086,12086,True,0,True,True,True,True
PR2504,PR,ok,10371,10371,True,0,True,True,True,True
cu1309,cu,ok,11472,11472,True,0,True,True,True,True
cu2008,cu,ok,20239,20239,True,0,True,True,True,True
i1505,i,ok,13813,13813,True,0,True,True,True,True
SF2508,SF,ok,11568,11568,True,0,True,True,True,True
al2403,al,ok,23277,23277,True,0,True,True,True,True
rr2511,rr,ok,16129,16129,True,0,True,True,True,True
b2212,b,ok,17400,17400,True,0,True,True,True,True
cu1705,cu,ok,22960,22960,True,0,True,True,True,True
TA2401,TA,ok,17516,17516,True,0,True,True,True,True
ru1507,ru,ok,14947,14947,True,0,True,True,True,True
wr2302,wr,ok,8476,8476,True,0,True,True,True,True
ru2211,ru,ok,17564,17564,True,0,True,True,True,True
bu2011,bu,ok,8751,8751,True,0,True,True,True,True
jm1310,jm,ok,6279,6279,True,0,True,True,True,True
pg2204,pg,ok,17385,17385,True,0,True,True,True,True
lu2412,lu,ok,17385,17385,True,0,True,True,True,True
ni2603,ni,ok,13675,13675,True,0,True,True,True,True
CF1709,CF,ok,17538,17538,True,0,True,True,True,True
cu2112,cu,ok,23228,23228,True,0,True,True,True,True
al1805,al,ok,23277,23277,True,0,True,True,True,True
SF1509,SF,ok,8894,8894,True,0,True,True,True,True
RM2309,RM,ok,17576,17576,True,0,True,True,True,True
FG1608,FG,ok,17229,17229,True,0,True,True,True,True
eg2505,eg,ok,17399,17399,True,0,True,True,True,True
pb1711,pb,ok,22815,22815,True,0,True,True,True,True
a2605,a,ok,7396,7396,True,0,True,True,True,True
ss2212,ss,ok,23216,23216,True,0,True,True,True,True
sc2504,sc,ok,27246,27246,True,0,True,True,True,True
ag1605,ag,ok,27505,27505,True,0,True,True,True,True
rb1907,rb,ok,17465,17465,True,0,True,True,True,True
al1105,al,ok,11472,11472,True,0,True,True,True,True
T1803,T,ok,9674,9674,True,0,True,True,True,True
m2409,m,ok,17516,17516,True,0,True,True,True,True
PM1509,PM,ok,9076,9076,True,0,True,True,True,True
ni2507,ni,ok,23034,23034,True,0,True,True,True,True
jd2508,jd,ok,11241,11241,True,0,True,True,True,True
TS1909,TS,ok,9621,9621,True,0,True,True,True,True
rb1305,rb,ok,11616,11616,True,0,True,True,True,True
IF1609,IF,ok,8250,8250,True,0,True,True,True,True
j2104,j,ok,17119,17119,True,0,True,True,True,True
